identificatie,volgnummer,plusvolgnummer,registratiedatum,cbsNummer,indicatieWoningvoorraad,financieringscodeCode,financieringscodeOmschrijving,geconstateerd,heeftHoofdadresId,geometrie,oppervlakte,statusCode,statusOmschrijving,beginGeldigheid,eindGeldigheid,documentdatum,documentnummer,gebruiksdoelWoonfunctieCode,gebruiksdoelWoonfunctieOmschrijving,gebruiksdoelGezondheidszorgfunctieCode,gebruiksdoelGezondheidszorgfunctieOmschrijving,aantalEenhedenComplex,verdiepingToegang,aantalBouwlagen,hoogsteBouwlaag,laagsteBouwlaag,aantalKamers,eigendomsverhoudingCode,eigendomsverhoudingOmschrijving,feitelijkGebruikCode,feitelijkGebruikOmschrijving,redenopvoerCode,redenopvoerOmschrijving,redenafvoerCode,redenafvoerOmschrijving,ligtInBuurtId,heeftDossierId,bagprocesCode,bagprocesOmschrijving,datumActueelTot
0363010000543292,1,8,2010-11-04T21:57:01,,,,,False,0363200000006110,SRID=28992;POINT (120700 487936),30,,Verblijfsobject in gebruik,2010-09-09T00:00:00,,2010-09-09,GV00000406,,,,,,0,,,,,,,,,,,,,03630980000029,,,,
0363010000543293,2,10,2012-08-09T21:07:08,,,,,False,0363200000006111,SRID=28992;POINT (120700 487936),32,,Verblijfsobject in gebruik,2012-08-09T00:00:00,,2012-08-09,GV00001551,,,,,,1,1,,,2,,,,,,,,,03630980000029,,,Muteren naar aanleiding van signalering,
0363010000543294,1,7,2010-11-04T21:57:02,,,,,False,0363200000006112,SRID=28992;POINT (120700 487936),48,,Verblijfsobject in gebruik,2010-09-09T00:00:00,,2010-09-09,GV00000406,,,,,,2,2,,,2,,,,,,,,,03630980000029,,,,
0363010000543296,1,7,2010-11-04T21:57:02,,,,,False,0363200000006114,SRID=28992;POINT (120703 487931),32,,Verblijfsobject in gebruik,2010-09-09T00:00:00,,2010-09-09,GV00000406,,,,,,1,1,,,2,,,,,,,,,03630980000029,,,,
0363010000543297,2,10,2013-02-04T19:03:37,,,,,False,0363200000006115,SRID=28992;POINT (120703 487931),32,,Verblijfsobject in gebruik,2013-02-04T00:00:00,,2013-02-04,GV00001616_AC00AC,,,,,,2,1,,,2,,,,,,,,,03630980000029,,,Muteren naar aanleiding van signalering,
0363010000543300,2,10,2013-02-04T19:03:39,,,,,False,0363200000006119,SRID=28992;POINT (120703 487926),32,,Verblijfsobject in gebruik,2013-02-04T00:00:00,,2013-02-04,GV00001616_AC00AC,,,,,,1,1,,,2,,,,,,,,,03630980000029,,,Muteren naar aanleiding van signalering,
0363010000543301,1,7,2010-11-04T21:57:02,,,,,False,0363200000006120,SRID=28992;POINT (120703 487926),32,,Verblijfsobject in gebruik,2010-09-09T00:00:00,,2010-09-09,GV00000406,,,,,,2,1,,,2,,,,,,,,,03630980000029,,,,
0363010000543304,2,10,2013-02-04T19:03:41,,,,,False,0363200000006123,SRID=28992;POINT (120705 487922),32,,Verblijfsobject in gebruik,2013-02-04T00:00:00,,2013-02-04,GV00001616_AC00AC,,,,,,1,1,,,2,,,,,,,,,03630980000029,,,Muteren naar aanleiding van signalering,
0363010000543305,2,10,2013-02-04T19:03:42,,,,,False,0363200000006124,SRID=28992;POINT (120705 487922),32,,Verblijfsobject in gebruik,2013-02-04T00:00:00,,2013-02-04,GV00001616_AC00AC,,,,,,2,1,,,2,,,,,,,,,03630980000029,,,Muteren naar aanleiding van signalering,
0363010000543308,1,8,2010-11-04T21:57:03,,,,,False,0363200000403263,SRID=28992;POINT (120709 487918),98,,Verblijfsobject in gebruik,2010-09-09T00:00:00,,2010-09-09,GV00000406,,,,,,0,,,,,,,,,,,,,03630980000029,,,Muteren naar aanleiding van signalering,
0363010000543309,1,7,2010-11-04T21:57:03,,,,,False,0363200000006127,SRID=28992;POINT (120697 487908),83,,Verblijfsobject in gebruik,2010-09-09T00:00:00,,2010-09-09,GV00000406,,,,,,0,,,,,,,,,,,,,03630980000029,,,,
0363010000543310,1,7,2010-11-04T21:57:03,,,,,False,0363200000006128,SRID=28992;POINT (120697 487908),49,,Verblijfsobject in gebruik,2010-09-09T00:00:00,,2010-09-09,GV00000406,,,,,,2,1,,,1,,,,,,,,,03630980000029,,,,
0363010000543311,3,9,2025-09-19T10:08:57.264000,,,,,False,0363200000403264,SRID=28992;POINT (120711 487916),88,,Verblijfsobject in gebruik,2025-09-19T00:00:00,,2025-09-19,GV00007716,,,,,,1,1,,,4,,,,,,,,,03630980000029,,,Muteren naar aanleiding van signalering,
0363010000543312,3,9,2025-10-03T09:54:07.358000,,,,,False,0363200000403265,SRID=28992;POINT (120709 487914),82,,Verblijfsobject in gebruik,2025-10-03T00:00:00,,2025-10-03,GV00007717,,,,,,2,1,,,4,,,,,,,,,03630980000029,,,Muteren naar aanleiding van signalering,
0363010000543313,1,6,2010-11-04T21:57:04,,,,,False,0363200000403266,SRID=28992;POINT (120713 487918),74,,Verblijfsobject in gebruik,2010-09-09T00:00:00,,2010-09-09,GV00000406,,,,,,3,1,,,4,,,,,,,,,03630980000029,,,,
0363010000543314,2,9,2013-02-04T19:03:44,,,,,False,0363200000006129,SRID=28992;POINT (120711 487901),51,,Verblijfsobject in gebruik,2013-02-04T00:00:00,,2013-02-04,GV00001616_AC00AC,,,,,,0,1,,,2,,,,,,,,,03630980000029,,,Muteren naar aanleiding van signalering,
0363010000543315,1,7,2010-11-04T21:57:04,,,,,False,0363200000006130,SRID=28992;POINT (120698 487905),40,,Verblijfsobject in gebruik,2010-09-09T00:00:00,,2010-09-09,GV00000406,,,,,,0,1,,,1,,,,,,,,,03630980000029,,,,
0363010000543316,2,9,2013-02-04T19:03:47,,,,,False,0363200000006131,SRID=28992;POINT (120707 487909),48,,Verblijfsobject in gebruik,2013-02-04T00:00:00,,2013-02-04,GV00001616_AC00AC,,,,,,1,1,,,2,,,,,,,,,03630980000029,,,Muteren naar aanleiding van signalering,
0363010000543317,2,10,2013-02-04T19:03:49,,,,,False,0363200000006132,SRID=28992;POINT (120695 487905),57,,Verblijfsobject in gebruik,2013-02-04T00:00:00,,2013-02-04,GV00001616_AC00AC,,,,,,1,1,,,2,,,,,,,,,03630980000029,,,Muteren naar aanleiding van signalering,
0363010000543318,2,9,2013-02-04T19:03:51,,,,,False,0363200000006133,SRID=28992;POINT (120708 487907),48,,Verblijfsobject in gebruik,2013-02-04T00:00:00,,2013-02-04,GV00001616_AC00AC,,,,,,2,1,,,2,,,,,,,,,03630980000029,,,Muteren naar aanleiding van signalering,
0363010000543319,1,7,2010-11-04T21:57:04,,,,,False,0363200000006134,SRID=28992;POINT (120695 487902),49,,Verblijfsobject in gebruik,2010-09-09T00:00:00,,2010-09-09,GV00000406,,,,,,2,2,,,2,,,,,,,,,03630980000029,,,,
0363010000543320,2,9,2013-02-04T19:03:52,,,,,False,0363200000006135,SRID=28992;POINT (120709 487905),48,,Verblijfsobject in gebruik,2013-02-04T00:00:00,,2013-02-04,GV00001616_AC00AC,,,,,,3,1,,,2,,,,,,,,,03630980000029,,,Muteren naar aanleiding van signalering,
0363010000543321,1,7,2010-11-04T21:57:05,,,,,False,0363200000006136,SRID=28992;POINT (120697 487900),45,,Verblijfsobject in gebruik,2010-09-09T00:00:00,,2010-09-09,GV00000406,,,,,,2,2,,,2,,,,,,,,,03630980000029,,,,
0363010000543322,1,6,2010-11-04T21:57:05,,,,,False,0363200000006137,SRID=28992;POINT (120709 487903),47,,Verblijfsobject in gebruik,2010-09-09T00:00:00,,2010-09-09,GV00000406,,,,,,1,1,,,2,,,,,,,,,03630980000029,,,,
0363010000543323,2,10,2013-02-04T19:03:54,,,,,False,0363200000006138,SRID=28992;POINT (120700 487901),37,,Verblijfsobject in gebruik,2013-02-04T00:00:00,,2013-02-04,GV00001616_AC00AC,,,,,,1,1,,,1,,,,,,,,,03630980000029,,,Muteren naar aanleiding van signalering,
0363010000543324,2,9,2013-02-05T02:54:46,,,,,False,0363200000006139,SRID=28992;POINT (120710 487901),46,,Verblijfsobject in gebruik,2013-02-04T00:00:00,,2013-02-04,GV00001616_AC00AC,,,,,,2,1,,,2,,,,,,,,,03630980000029,,,Muteren naar aanleiding van signalering,
0363010000543325,1,8,2010-11-04T21:57:05,,,,,False,0363200000006140,SRID=28992;POINT (120701 487895),140,,Verblijfsobject in gebruik,2010-09-09T00:00:00,,2010-09-09,GV00000406,,,,,,0,,,,,,,,,,,,,03630980000029,,,,
0363010000543326,1,7,2010-11-04T21:57:05,,,,,False,0363200000006141,SRID=28992;POINT (120711 487899),47,,Verblijfsobject in gebruik,2010-09-09T00:00:00,,2010-09-09,GV00000406,,,,,,3,1,,,2,,,,,,,,,03630980000029,,,,
0363010000543327,3,12,2017-04-01T15:31:13,,,,,False,0363200000006142,SRID=28992;POINT (124000 486158),54,,Verblijfsobject in gebruik,2017-03-31T00:00:00,,2017-03-31,GV00003372_AC00AC,,,,,,0,1,,,2,,,,,,,,,03630980000345,,,Muteren naar aanleiding van signalering,
0363010000543328,4,15,2019-10-18T20:39:41,,,,,False,0363200000006143,SRID=28992;POINT (124000 486158),78,,Verblijfsobject in gebruik,2019-10-18T00:00:00,,2019-10-18,GV00005304,,,,,,1,1,,,4,,,,,,,,,03630980000345,,,Muteren naar aanleiding van signalering,
0363010000543329,3,14,2017-04-01T07:50:13,,,,,False,0363200000006144,SRID=28992;POINT (124000 486158),83,,Verblijfsobject in gebruik,2017-03-31T00:00:00,,2017-03-31,GV00003372_AC00AC,,Complex met onzelfstandige woonruimten,,,3,2,1,2,2,4,,,,,,,,,03630980000345,,,Muteren naar aanleiding van signalering,
0363010000543330,3,13,2017-04-01T11:25:00,,,,,False,0363200000006145,SRID=28992;POINT (124000 486158),83,,Verblijfsobject in gebruik,2017-03-31T00:00:00,,2017-03-31,GV00003372_AC00AC,,Complex met onzelfstandige woonruimten,,,3,3,1,,,4,,,,,,,,,03630980000345,,,Muteren naar aanleiding van signalering,
0363010000543331,1,6,2010-11-04T21:57:06,,,,,False,0363200000006146,SRID=28992;POINT (124003 486135),69,,Verblijfsobject in gebruik,2010-09-09T00:00:00,,2010-09-09,GV00000406,,,,,,0,1,,,3,,,,,,,,,03630980000345,,,,
0363010000543332,2,9,2019-10-18T21:54:01,,,,,False,0363200000006147,SRID=28992;POINT (124003 486135),66,,Verblijfsobject in gebruik,2019-10-18T00:00:00,,2019-10-18,GV00005304,,,,,,1,1,,,3,,,,,,,,,03630980000345,,,,
0363010000543333,1,6,2010-11-04T21:57:06,,,,,False,0363200000006148,SRID=28992;POINT (124003 486135),69,,Verblijfsobject in gebruik,2010-09-09T00:00:00,,2010-09-09,GV00000406,,,,,,2,1,,,3,,,,,,,,,03630980000345,,,,
0363010000543334,2,9,2017-04-01T06:55:42,,,,,False,0363200000006151,SRID=28992;POINT (124008 486160),54,,Verblijfsobject in gebruik,2017-03-31T00:00:00,,2017-03-31,GV00003372_AC00AC,,,,,,0,1,,,2,,,,,,,,,03630980000345,,,,
0363010000543335,3,12,2017-04-01T15:32:25,,,,,False,0363200000006152,SRID=28992;POINT (124008 486160),69,,Verblijfsobject in gebruik,2017-03-31T00:00:00,,2017-03-31,GV00003372_AC00AC,,,,,,1,1,,,3,,,,,,,,,03630980000345,,,Muteren naar aanleiding van signalering,
0363010000543336,4,15,2019-10-18T20:56:31,,,,,False,0363200000006153,SRID=28992;POINT (124008 486160),70,,Verblijfsobject in gebruik,2019-10-18T00:00:00,,2019-10-18,GV00005304,,,,,,2,1,,,3,,,,,,,,,03630980000345,,,Muteren naar aanleiding van signalering,
0363010000543337,3,12,2017-04-01T15:32:29,,,,,False,0363200000006154,SRID=28992;POINT (124007 486160),69,,Verblijfsobject in gebruik,2017-03-31T00:00:00,,2017-03-31,GV00003372_AC00AC,,,,,,3,1,,,3,,,,,,,,,03630980000345,,,Muteren naar aanleiding van signalering,
0363010000543338,3,12,2017-04-01T11:25:08,,,,,False,0363200000006155,SRID=28992;POINT (124009 486137),56,,Verblijfsobject in gebruik,2017-03-31T00:00:00,,2017-03-31,GV00003372_AC00AC,,,,,,1,1,,,2,,,,,,,,,03630980000345,,,Muteren naar aanleiding van signalering,
0363010000543339,2,9,2013-02-05T02:55:00,,,,,False,0363200000006156,SRID=28992;POINT (124009 486137),56,,Verblijfsobject in gebruik,2013-02-04T00:00:00,,2013-02-04,GV00001616_AC00AC,,,,,,2,1,,,2,,,,,,,,,03630980000345,,,Muteren naar aanleiding van signalering,
0363010000543340,2,9,2017-04-01T08:24:17,,,,,False,0363200000006157,SRID=28992;POINT (124009 486137),57,,Verblijfsobject in gebruik,2017-03-31T00:00:00,,2017-03-31,GV00003372_AC00AC,,,,,,3,1,,,1,,,,,,,,,03630980000345,,,,
0363010000543341,2,9,2017-04-01T08:23:18,,,,,False,0363200000006159,SRID=28992;POINT (124017 486165),54,,Verblijfsobject in gebruik,2017-03-31T00:00:00,,2017-03-31,GV00003372_AC00AC,,,,,,0,1,,,2,,,,,,,,,03630980000345,,,,
0363010000543342,3,12,2017-04-01T11:24:47,,,,,False,0363200000006160,SRID=28992;POINT (124017 486165),69,,Verblijfsobject in gebruik,2017-03-31T00:00:00,,2017-03-31,GV00003372_AC00AC,,,,,,1,1,,,3,,,,,,,,,03630980000345,,,Muteren naar aanleiding van signalering,
0363010000543343,4,15,2019-10-18T20:21:49,,,,,False,0363200000006161,SRID=28992;POINT (124017 486165),70,,Verblijfsobject in gebruik,2019-10-18T00:00:00,,2019-10-18,GV00005304,,,,,,2,1,,,3,,,,,,,,,03630980000345,,,Muteren naar aanleiding van signalering,
0363010000543344,4,15,2019-10-18T20:56:29,,,,,False,0363200000006162,SRID=28992;POINT (124017 486165),70,,Verblijfsobject in gebruik,2019-10-18T00:00:00,,2019-10-18,GV00005304,,,,,,3,1,,,3,,,,,,,,,03630980000345,,,Muteren naar aanleiding van signalering,
0363010000543345,1,7,2010-11-04T21:57:08,,,,,False,0363200000006163,SRID=28992;POINT (124017 486140),69,,Verblijfsobject in gebruik,2010-09-09T00:00:00,,2010-09-09,GV00000406,,,,,,0,1,,,3,,,,,,,,,03630980000345,,,,
0363010000543346,2,11,2017-04-01T09:41:34,,,,,False,0363200000006164,SRID=28992;POINT (124017 486140),54,,Verblijfsobject in gebruik,2017-03-31T00:00:00,,2017-03-31,GV00003372_AC00AC,,,,,,1,1,,,3,,,,,,,,,03630980000345,,,,
0363010000543347,3,12,2019-10-18T20:39:37,,,,,False,0363200000006165,SRID=28992;POINT (124017 486140),73,,Verblijfsobject in gebruik,2019-10-18T00:00:00,,2019-10-18,GV00005304,,,,,,2,1,,,3,,,,,,,,,03630980000345,,,,
0363010000543348,2,10,2017-04-01T09:41:39,,,,,False,0363200000006166,SRID=28992;POINT (124017 486140),71,,Verblijfsobject in gebruik,2017-03-31T00:00:00,,2017-03-31,GV00003372_AC00AC,,,,,,3,1,,,1,,,,,,,,,03630980000345,,,,
0363010000543349,2,9,2017-04-01T08:23:59,,,,,False,0363200000006168,SRID=28992;POINT (124023 486165),54,,Verblijfsobject in gebruik,2017-03-31T00:00:00,,2017-03-31,GV00003372_AC00AC,,,,,,0,1,,,2,,,,,,,,,03630980000345,,,,
0363010000543353,2,9,2013-02-23T08:58:14,,,,,False,0363200000431224,SRID=28992;POINT (114436 485508),80,,Verblijfsobject in gebruik,2013-02-23T00:00:00,,2013-02-04,GV00001616_AC00AC,,,,,,3,1,,,4,,,,,,,,,03630980000209,,,Muteren naar aanleiding van signalering,
0363010000543354,4,15,2019-10-18T20:21:50,,,,,False,0363200000006169,SRID=28992;POINT (124022 486165),78,,Verblijfsobject in gebruik,2019-10-18T00:00:00,,2019-10-18,GV00005304,,,,,,1,1,,,3,,,,,,,,,03630980000345,,,Muteren naar aanleiding van signalering,
0363010000543355,4,15,2019-10-18T20:56:30,,,,,False,0363200000006170,SRID=28992;POINT (124022 486165),78,,Verblijfsobject in gebruik,2019-10-18T00:00:00,,2019-10-18,GV00005304,,,,,,2,1,,,3,,,,,,,,,03630980000345,,,Muteren naar aanleiding van signalering,
0363010000543356,3,12,2017-04-01T15:32:41,,,,,False,0363200000006171,SRID=28992;POINT (124022 486165),83,,Verblijfsobject in gebruik,2017-03-31T00:00:00,,2017-03-31,GV00003372_AC00AC,,,,,,3,1,,,3,,,,,,,,,03630980000345,,,Muteren naar aanleiding van signalering,
0363010000543357,3,12,2017-04-01T11:25:12,,,,,False,0363200000006172,SRID=28992;POINT (124023 486140),56,,Verblijfsobject in gebruik,2017-03-31T00:00:00,,2017-03-31,GV00003372_AC00AC,,,,,,1,1,,,2,,,,,,,,,03630980000345,,,Muteren naar aanleiding van signalering,
0363010000543358,3,12,2017-04-01T15:32:46,,,,,False,0363200000006173,SRID=28992;POINT (124023 486140),56,,Verblijfsobject in gebruik,2017-03-31T00:00:00,,2017-03-31,GV00003372_AC00AC,,,,,,1,1,,,2,,,,,,,,,03630980000345,,,Muteren naar aanleiding van signalering,
0363010000543360,2,9,2017-04-01T09:55:04,,,,,False,0363200000006176,SRID=28992;POINT (124034 486171),54,,Verblijfsobject in gebruik,2017-03-31T00:00:00,,2017-03-31,GV00003372_AC00AC,,,,,,0,1,,,2,,,,,,,,,03630980000345,,,,
0363010000543361,4,15,2019-10-18T23:15:53,,,,,False,0363200000006177,SRID=28992;POINT (124034 486171),78,,Verblijfsobject in gebruik,2019-10-18T00:00:00,,2019-10-18,GV00005304,,,,,,1,1,,,3,,,,,,,,,03630980000345,,,Muteren naar aanleiding van signalering,
0363010000543362,4,15,2019-10-18T20:56:28,,,,,False,0363200000006178,SRID=28992;POINT (124034 486171),78,,Verblijfsobject in gebruik,2019-10-18T00:00:00,,2019-10-18,GV00005304,,,,,,2,1,,,3,,,,,,,,,03630980000345,,,Muteren naar aanleiding van signalering,
0363010000543363,4,15,2019-10-18T23:15:51,,,,,False,0363200000006179,SRID=28992;POINT (124034 486171),78,,Verblijfsobject in gebruik,2019-10-18T00:00:00,,2019-10-18,GV00005304,,,,,,3,1,,,3,,,,,,,,,03630980000345,,,Muteren naar aanleiding van signalering,
0363010000543364,1,7,2010-11-04T21:57:10,,,,,False,0363200000006180,SRID=28992;POINT (124031 486144),69,,Verblijfsobject in gebruik,2010-09-09T00:00:00,,2010-09-09,GV00000406,,,,,,0,1,,,3,,,,,,,,,03630980000345,,,,
0363010000543365,3,12,2019-10-18T20:39:38,,,,,False,0363200000006181,SRID=28992;POINT (124031 486144),73,,Verblijfsobject in gebruik,2019-10-18T00:00:00,,2019-10-18,GV00005304,,,,,,1,1,,,3,,,,,,,,,03630980000345,,,,
0363010000543366,2,10,2017-04-01T15:29:37,,,,,False,0363200000006182,SRID=28992;POINT (124031 486144),54,,Verblijfsobject in gebruik,2017-03-31T00:00:00,,2017-03-31,GV00003372_AC00AC,,Complex met onzelfstandige woonruimten,,,3,2,1,,,3,,,,,,,,,03630980000345,,,,
0363010000543367,2,9,2017-04-01T08:23:55,,,,,False,0363200000006183,SRID=28992;POINT (124031 486144),71,,Verblijfsobject in gebruik,2017-03-31T00:00:00,,2017-03-31,GV00003372_AC00AC,,,,,,3,1,,,1,,,,,,,,,03630980000345,,,,
0363010000543368,2,9,2017-04-01T03:49:33,,,,,False,0363200000006185,SRID=28992;POINT (124039 486170),54,,Verblijfsobject in gebruik,2017-03-31T00:00:00,,2017-03-31,GV00003372_AC00AC,,,,,,0,1,,,2,,,,,,,,,03630980000345,,,,
0363010000543369,3,13,2017-04-01T19:03:01,,,,,False,0363200000006186,SRID=28992;POINT (124039 486170),69,,Verblijfsobject in gebruik,2017-03-31T00:00:00,,2017-03-31,GV00003372_AC00AC,,,,,,1,1,,,3,,,,,,,,,03630980000345,,,Muteren naar aanleiding van signalering,
0363010000543370,4,15,2019-10-18T20:56:27,,,,,False,0363200000006187,SRID=28992;POINT (124037 486170),70,,Verblijfsobject in gebruik,2019-10-18T00:00:00,,2019-10-18,GV00005304,,,,,,2,1,,,3,,,,,,,,,03630980000345,,,Muteren naar aanleiding van signalering,
0363010000543371,3,12,2017-04-01T14:06:39,,,,,False,0363200000006188,SRID=28992;POINT (124038 486170),69,,Verblijfsobject in gebruik,2017-03-31T00:00:00,,2017-03-31,GV00003372_AC00AC,,,,,,3,1,,,3,,,,,,,,,03630980000345,,,Muteren naar aanleiding van signalering,
0363010000543372,3,13,2017-04-01T07:50:18,,,,,False,0363200000006189,SRID=28992;POINT (124035 486144),59,,Verblijfsobject in gebruik,2017-03-31T00:00:00,,2017-03-31,GV00003372_AC00AC,,,,,,1,1,,,3,,,,,,,,,03630980000345,,,Muteren naar aanleiding van signalering,
0363010000543373,3,12,2017-04-01T14:06:44,,,,,False,0363200000006190,SRID=28992;POINT (124035 486144),59,,Verblijfsobject in gebruik,2017-03-31T00:00:00,,2017-03-31,GV00003372_AC00AC,,,,,,2,1,,,3,,,,,,,,,03630980000345,,,Muteren naar aanleiding van signalering,
0363010000543374,2,9,2017-04-01T08:24:03,,,,,False,0363200000006191,SRID=28992;POINT (124035 486144),58,,Verblijfsobject in gebruik,2017-03-31T00:00:00,,2017-03-31,GV00003372_AC00AC,,,,,,3,1,,,1,,,,,,,,,03630980000345,,,,
0363010000543383,1,6,2010-11-04T21:57:13,,,,,False,0363200000421467,SRID=28992;POINT (123837 488895),1205,,Verblijfsobject in gebruik,2010-09-09T00:00:00,,2010-09-09,GV00000406,,,,,,,,,,,,,,,,,,,03630980000455,,,,
0363010000543390,2,10,2013-02-05T03:04:23,,,,,False,0363200000006205,SRID=28992;POINT (124047 486172),42,,Verblijfsobject in gebruik,2013-02-04T00:00:00,,2013-02-04,GV00001616_AC00AC,,,,,,0,1,,,2,,,,,,,,,03630980000345,,,Muteren naar aanleiding van signalering,
0363010000543392,1,7,2010-11-04T21:57:14,,,,,False,0363200000006207,SRID=28992;POINT (124047 486172),51,,Verblijfsobject in gebruik,2010-09-09T00:00:00,,2010-09-09,GV00000406,,,,,,2,1,,,3,,,,,,,,,03630980000345,,,,
0363010000543393,1,8,2010-11-04T21:57:14,,,,,False,0363200000006208,SRID=28992;POINT (124047 486172),51,,Verblijfsobject in gebruik,2010-09-09T00:00:00,,2010-09-09,GV00000406,,,,,,3,1,,,3,,,,,,,,,03630980000345,,,,
0363010000543394,1,8,2010-11-04T21:57:14,,,,,False,0363200000006209,SRID=28992;POINT (124047 486172),30,,Verblijfsobject in gebruik,2010-09-09T00:00:00,,2010-09-09,GV00000406,,,,,,4,1,,,1,,,,,,,,,03630980000345,,,,
0363010000543399,4,20,2021-02-25T11:07:54.373000,,,,,False,0363200000006214,SRID=28992;POINT (124053.323 486171.263),62,,Verblijfsobject in gebruik,2021-02-25T00:00:00,,2021-02-25,SM03918383_OV00GM,,,,,,0,1,0,0,2,,,,,,,,,03630980000345,,,Beschikbaar komen ingemeten geometrie,
0363010000543401,1,7,2010-11-04T21:57:15,,,,,False,0363200000006216,SRID=28992;POINT (124053 486173),51,,Verblijfsobject in gebruik,2010-09-09T00:00:00,,2010-09-09,GV00000406,,,,,,2,1,,,3,,,,,,,,,03630980000345,,,,
0363010000543402,1,8,2010-11-04T21:57:15,,,,,False,0363200000006217,SRID=28992;POINT (124053 486173),51,,Verblijfsobject in gebruik,2010-09-09T00:00:00,,2010-09-09,GV00000406,,,,,,3,1,,,3,,,,,,,,,03630980000345,,,Muteren naar aanleiding van signalering,
0363010000543403,2,11,2013-02-05T03:04:27,,,,,False,0363200000006218,SRID=28992;POINT (124053 486173),30,,Verblijfsobject in gebruik,2013-02-04T00:00:00,,2013-02-04,GV00001616_AC00AC,,,,,,4,1,,,1,,,,,,,,,03630980000345,,,Muteren naar aanleiding van signalering,
0363010000543408,6,25,2022-11-21T17:24:53.805000,,,,,False,0363200000006223,SRID=28992;POINT (124058 486174),58,,Verblijfsobject in gebruik,2022-11-21T00:00:00,,2022-11-21,GV00006629_AC00AC,,,,,,0,1,0,0,2,,,,,,,,,03630980000345,,,Kleine verbouwing object,
0363010000543409,1,7,2010-11-04T21:57:16,,,,,False,0363200000006224,SRID=28992;POINT (124058 486174),51,,Verblijfsobject in gebruik,2010-09-09T00:00:00,,2010-09-09,GV00000406,,,,,,1,1,,,3,,,,,,,,,03630980000345,,,,
0363010000543410,1,8,2010-11-04T21:57:17,,,,,False,0363200000006225,SRID=28992;POINT (124058 486174),51,,Verblijfsobject in gebruik,2010-09-09T00:00:00,,2010-09-09,GV00000406,,,,,,2,1,,,3,,,,,,,,,03630980000345,,,,
0363010000543411,1,7,2010-11-04T21:57:17,,,,,False,0363200000006226,SRID=28992;POINT (124058 486174),51,,Verblijfsobject in gebruik,2010-09-09T00:00:00,,2010-09-09,GV00000406,,,,,,3,1,,,3,,,,,,,,,03630980000345,,,,
0363010000543412,2,11,2013-02-05T03:04:30,,,,,False,0363200000006227,SRID=28992;POINT (124058 486174),30,,Verblijfsobject in gebruik,2013-02-04T00:00:00,,2013-02-04,GV00001616_AC00AC,,,,,,4,1,,,1,,,,,,,,,03630980000345,,,Muteren naar aanleiding van signalering,
0363010000543417,1,8,2010-11-04T21:57:18,,,,,False,0363200000006232,SRID=28992;POINT (124063 486176),42,,Verblijfsobject in gebruik,2010-09-09T00:00:00,,2010-09-09,GV00000406,,,,,,0,1,,,2,,,,,,,,,03630980000345,,,,
0363010000543418,1,8,2010-11-04T21:57:18,,,,,False,0363200000006233,SRID=28992;POINT (124063 486176),51,,Verblijfsobject in gebruik,2010-09-09T00:00:00,,2010-09-09,GV00000406,,,,,,1,1,,,3,,,,,,,,,03630980000345,,,,
0363010000543419,1,8,2010-11-04T21:57:18,,,,,False,0363200000006234,SRID=28992;POINT (124063 486176),51,,Verblijfsobject in gebruik,2010-09-09T00:00:00,,2010-09-09,GV00000406,,,,,,2,1,,,3,,,,,,,,,03630980000345,,,Muteren naar aanleiding van signalering,
0363010000543420,1,8,2010-11-04T21:57:18,,,,,False,0363200000006235,SRID=28992;POINT (124063 486176),51,,Verblijfsobject in gebruik,2010-09-09T00:00:00,,2010-09-09,GV00000406,,,,,,3,1,,,3,,,,,,,,,03630980000345,,,Muteren naar aanleiding van signalering,
0363010000543421,2,10,2013-02-05T03:04:32,,,,,False,0363200000006236,SRID=28992;POINT (124063 486176),30,,Verblijfsobject in gebruik,2013-02-04T00:00:00,,2013-02-04,GV00001616_AC00AC,,,,,,4,1,,,1,,,,,,,,,03630980000345,,,Muteren naar aanleiding van signalering,
0363010000543426,1,7,2010-11-04T21:57:19,,,,,False,0363200000006237,SRID=28992;POINT (124070 486178),42,,Verblijfsobject in gebruik,2010-09-09T00:00:00,,2010-09-09,GV00000406,,,,,,0,1,,,2,,,,,,,,,03630980000345,,,,
0363010000543427,1,7,2010-11-04T21:57:19,,,,,False,0363200000006238,SRID=28992;POINT (124070 486178),51,,Verblijfsobject in gebruik,2010-09-09T00:00:00,,2010-09-09,GV00000406,,,,,,1,1,,,3,,,,,,,,,03630980000345,,,,
0363010000543428,1,9,2010-11-04T21:57:19,,,,,False,0363200000006239,SRID=28992;POINT (124070 486178),51,,Verblijfsobject in gebruik,2010-09-09T00:00:00,,2010-09-09,GV00000406,,,,,,2,1,,,3,,,,,,,,,03630980000345,,,Muteren naar aanleiding van signalering,
0363010000543429,1,7,2010-11-04T21:57:19,,,,,False,0363200000006240,SRID=28992;POINT (124070 486178),51,,Verblijfsobject in gebruik,2010-09-09T00:00:00,,2010-09-09,GV00000406,,,,,,3,1,,,3,,,,,,,,,03630980000345,,,,
0363010000543430,1,9,2010-11-04T21:57:19,,,,,False,0363200000006241,SRID=28992;POINT (124070 486178),30,,Verblijfsobject in gebruik,2010-09-09T00:00:00,,2010-09-09,GV00000406,,,,,,4,1,,,1,,,,,,,,,03630980000345,,,Muteren naar aanleiding van signalering,
0363010000543435,2,10,2013-02-05T03:04:34,,,,,False,0363200000006246,SRID=28992;POINT (124074 486178),42,,Verblijfsobject in gebruik,2013-02-04T00:00:00,,2013-02-04,GV00001616_AC00AC,,,,,,0,1,,,2,,,,,,,,,03630980000345,,,Muteren naar aanleiding van signalering,
0363010000543436,1,7,2010-11-04T21:57:20,,,,,False,0363200000006247,SRID=28992;POINT (124074 486178),51,,Verblijfsobject in gebruik,2010-09-09T00:00:00,,2010-09-09,GV00000406,,,,,,1,1,,,3,,,,,,,,,03630980000345,,,,
0363010000543437,2,10,2013-02-05T03:04:35,,,,,False,0363200000006248,SRID=28992;POINT (124074 486178),51,,Verblijfsobject in gebruik,2013-02-04T00:00:00,,2013-02-04,GV00001616_AC00AC,,,,,,2,1,,,3,,,,,,,,,03630980000345,,,Muteren naar aanleiding van signalering,
0363010000543438,1,7,2010-11-04T21:57:21,,,,,False,0363200000006249,SRID=28992;POINT (124074 486178),51,,Verblijfsobject in gebruik,2010-09-09T00:00:00,,2010-09-09,GV00000406,,,,,,3,1,,,3,,,,,,,,,03630980000345,,,,
0363010000543439,1,7,2010-11-04T21:57:21,,,,,False,0363200000006250,SRID=28992;POINT (124074 486178),30,,Verblijfsobject in gebruik,2010-09-09T00:00:00,,2010-09-09,GV00000406,,,,,,4,1,,,1,,,,,,,,,03630980000345,,,,
0363010000543444,2,10,2013-02-05T03:04:37,,,,,False,0363200000006255,SRID=28992;POINT (124079 486179),42,,Verblijfsobject in gebruik,2013-02-04T00:00:00,,2013-02-04,GV00001616_AC00AC,,,,,,0,1,,,2,,,,,,,,,03630980000345,,,Muteren naar aanleiding van signalering,
0363010000543445,1,7,2010-11-04T21:57:21,,,,,False,0363200000006256,SRID=28992;POINT (124079 486179),51,,Verblijfsobject in gebruik,2010-09-09T00:00:00,,2010-09-09,GV00000406,,,,,,1,1,,,3,,,,,,,,,03630980000345,,,,
0363010000543446,1,7,2010-11-04T21:57:22,,,,,False,0363200000006257,SRID=28992;POINT (124079 486179),51,,Verblijfsobject in gebruik,2010-09-09T00:00:00,,2010-09-09,GV00000406,,,,,,2,1,,,3,,,,,,,,,03630980000345,,,,
0363010000543447,1,7,2010-11-04T21:57:22,,,,,False,0363200000006258,SRID=28992;POINT (124079 486179),51,,Verblijfsobject in gebruik,2010-09-09T00:00:00,,2010-09-09,GV00000406,,,,,,3,1,,,3,,,,,,,,,03630980000345,,,,
0363010000543448,2,10,2017-03-31T23:31:29,,,,,False,0363200000006259,SRID=28992;POINT (124079 486179),30,,Verblijfsobject in gebruik,2017-03-31T00:00:00,,2017-03-31,GV00003372_AC00AC,,,,,,4,1,,,1,,,,,,,,,03630980000345,,,,
0363010000543453,2,11,2017-04-01T07:50:28,,,,,False,0363200000006264,SRID=28992;POINT (124086 486180),42,,Verblijfsobject in gebruik,2017-03-31T00:00:00,,2017-03-31,GV00003372_AC00AC,,,,,,0,1,,,2,,,,,,,,,03630980000345,,,,
0363010000543454,2,10,2017-04-01T04:21:53,,,,,False,0363200000006265,SRID=28992;POINT (124086 486180),51,,Verblijfsobject in gebruik,2017-03-31T00:00:00,,2017-03-31,GV00003372_AC00AC,,,,,,1,1,,,3,,,,,,,,,03630980000345,,,,
0363010000543455,3,13,2017-04-01T18:52:37,,,,,False,0363200000006266,SRID=28992;POINT (124086 486180),51,,Verblijfsobject in gebruik,2017-03-31T00:00:00,,2017-03-31,GV00003372_AC00AC,,,,,,2,1,,,3,,,,,,,,,03630980000345,,,Muteren naar aanleiding van signalering,
0363010000543456,3,13,2017-04-01T13:16:06,,,,,False,0363200000006267,SRID=28992;POINT (124086 486180),51,,Verblijfsobject in gebruik,2017-03-31T00:00:00,,2017-03-31,GV00003372_AC00AC,,,,,,3,1,,,3,,,,,,,,,03630980000345,,,Muteren naar aanleiding van signalering,
0363010000543457,1,7,2010-11-04T21:57:23,,,,,False,0363200000006268,SRID=28992;POINT (124086 486180),30,,Verblijfsobject in gebruik,2010-09-09T00:00:00,,2010-09-09,GV00000406,,,,,,4,1,,,1,,,,,,,,,03630980000345,,,,
0363010000543462,2,10,2013-02-05T03:04:43,,,,,False,0363200000006273,SRID=28992;POINT (124091 486180),65,,Verblijfsobject in gebruik,2013-02-04T00:00:00,,2013-02-04,GV00001616_AC00AC,,,,,,0,1,,,1,,,,,,,,,03630980000345,,,Muteren naar aanleiding van signalering,
0363010000543463,2,10,2013-02-05T03:04:44,,,,,False,0363200000006274,SRID=28992;POINT (124091 486180),51,,Verblijfsobject in gebruik,2013-02-04T00:00:00,,2013-02-04,GV00001616_AC00AC,,,,,,1,1,,,3,,,,,,,,,03630980000345,,,Muteren naar aanleiding van signalering,
0363010000543464,1,7,2010-11-04T21:57:24,,,,,False,0363200000006275,SRID=28992;POINT (124091 486180),51,,Verblijfsobject in gebruik,2010-09-09T00:00:00,,2010-09-09,GV00000406,,,,,,2,1,,,3,,,,,,,,,03630980000345,,,,
0363010000543465,2,10,2013-02-05T03:04:46,,,,,False,0363200000006276,SRID=28992;POINT (124091 486180),51,,Verblijfsobject in gebruik,2013-02-04T00:00:00,,2013-02-04,GV00001616_AC00AC,,,,,,3,1,,,3,,,,,,,,,03630980000345,,,Muteren naar aanleiding van signalering,
0363010000543470,2,10,2013-02-05T03:04:49,,,,,False,0363200000006281,SRID=28992;POINT (124096 486181),51,,Verblijfsobject in gebruik,2013-02-04T00:00:00,,2013-02-04,GV00001616_AC00AC,,,,,,0,1,,,2,,,,,,,,,03630980000345,,,Muteren naar aanleiding van signalering,
0363010000543471,2,11,2013-02-05T03:04:50,,,,,False,0363200000006282,SRID=28992;POINT (124096 486181),51,,Verblijfsobject in gebruik,2013-02-04T00:00:00,,2013-02-04,GV00001616_AC00AC,,,,,,1,1,,,3,,,,,,,,,03630980000345,,,Muteren naar aanleiding van signalering,
0363010000543472,2,10,2013-02-05T03:04:52,,,,,False,0363200000006283,SRID=28992;POINT (124096 486181),51,,Verblijfsobject in gebruik,2013-02-04T00:00:00,,2013-02-04,GV00001616_AC00AC,,,,,,2,1,,,3,,,,,,,,,03630980000345,,,Muteren naar aanleiding van signalering,
0363010000543473,2,10,2013-02-05T03:13:47,,,,,False,0363200000006284,SRID=28992;POINT (124096 486181),51,,Verblijfsobject in gebruik,2013-02-04T00:00:00,,2013-02-04,GV00001616_AC00AC,,,,,,3,1,,,3,,,,,,,,,03630980000345,,,Muteren naar aanleiding van signalering,
0363010000543478,1,7,2010-11-04T21:57:26,,,,,False,0363200000006289,SRID=28992;POINT (124102 486182),54,,Verblijfsobject in gebruik,2010-09-09T00:00:00,,2010-09-09,GV00000406,,,,,,0,1,,,1,,,,,,,,,03630980000345,,,,
0363010000543479,2,10,2013-02-05T03:13:48,,,,,False,0363200000006290,SRID=28992;POINT (124102 486182),51,,Verblijfsobject in gebruik,2013-02-04T00:00:00,,2013-02-04,GV00001616_AC00AC,,,,,,1,1,,,3,,,,,,,,,03630980000345,,,Muteren naar aanleiding van signalering,
0363010000543480,2,10,2013-02-05T03:13:50,,,,,False,0363200000006291,SRID=28992;POINT (124102 486182),51,,Verblijfsobject in gebruik,2013-02-04T00:00:00,,2013-02-04,GV00001616_AC00AC,,,,,,2,1,,,3,,,,,,,,,03630980000345,,,Muteren naar aanleiding van signalering,
0363010000543481,1,7,2010-11-04T21:57:26,,,,,False,0363200000006292,SRID=28992;POINT (124102 486182),50,,Verblijfsobject in gebruik,2010-09-09T00:00:00,,2010-09-09,GV00000406,,,,,,3,1,,,3,,,,,,,,,03630980000345,,,,
0363010000543486,2,11,2013-02-05T03:13:52,,,,,False,0363200000006297,SRID=28992;POINT (124107 486182),50,,Verblijfsobject in gebruik,2013-02-04T00:00:00,,2013-02-04,GV00001616_AC00AC,,,,,,0,1,,,2,,,,,,,,,03630980000345,,,Muteren naar aanleiding van signalering,
0363010000543487,2,10,2013-02-05T03:13:53,,,,,False,0363200000006298,SRID=28992;POINT (124107 486182),50,,Verblijfsobject in gebruik,2013-02-04T00:00:00,,2013-02-04,GV00001616_AC00AC,,,,,,1,1,,,3,,,,,,,,,03630980000345,,,Muteren naar aanleiding van signalering,
0363010000543488,2,10,2013-02-05T03:13:55,,,,,False,0363200000006299,SRID=28992;POINT (124107 486182),50,,Verblijfsobject in gebruik,2013-02-04T00:00:00,,2013-02-04,GV00001616_AC00AC,,,,,,2,1,,,3,,,,,,,,,03630980000345,,,Muteren naar aanleiding van signalering,
0363010000543489,4,17,2019-01-18T22:11:52,,,,,False,0363200000006300,SRID=28992;POINT (124107 486182),50,,Verblijfsobject in gebruik,2019-01-18T00:00:00,,2019-01-18,GV00004194,,,,,,3,2,4,3,2,,,,,,,,,03630980000345,,,Muteren naar aanleiding van signalering,
0363010000543496,2,10,2013-02-05T03:13:56,,,,,False,0363200000006307,SRID=28992;POINT (124114 486183),50,,Verblijfsobject in gebruik,2013-02-04T00:00:00,,2013-02-04,GV00001616_AC00AC,,,,,,2,1,,,2,,,,,,,,,03630980000345,,,Muteren naar aanleiding van signalering,
0363010000543497,3,13,2019-09-25T10:31:46,,,,,False,0363200000006308,SRID=28992;POINT (124114 486183),147,,Verblijfsobject in gebruik,2019-09-18T00:00:00,,2019-09-18,SM04474623,,,,,,2,3,5,3,6,,,,,,,,,03630980000345,,,Kleine verbouwing object,
0363010000543502,2,10,2013-02-05T03:13:58,,,,,False,0363200000006313,SRID=28992;POINT (124120 486184),50,,Verblijfsobject in gebruik,2013-02-04T00:00:00,,2013-02-04,GV00001616_AC00AC,,,,,,0,1,,,2,,,,,,,,,03630980000345,,,Muteren naar aanleiding van signalering,
0363010000543503,2,10,2013-02-05T03:14:00,,,,,False,0363200000006314,SRID=28992;POINT (124120 486184),50,,Verblijfsobject in gebruik,2013-02-04T00:00:00,,2013-02-04,GV00001616_AC00AC,,,,,,1,1,,,3,,,,,,,,,03630980000345,,,Muteren naar aanleiding van signalering,
0363010000543504,2,11,2013-02-05T03:14:01,,,,,False,0363200000006315,SRID=28992;POINT (124120 486184),50,,Verblijfsobject in gebruik,2013-02-04T00:00:00,,2013-02-04,GV00001616_AC00AC,,,,,,2,1,,,3,,,,,,,,,03630980000345,,,Muteren naar aanleiding van signalering,
0363010000543505,2,10,2017-03-31T19:00:22,,,,,False,0363200000006316,SRID=28992;POINT (124120 486184),75,,Verblijfsobject in gebruik,2017-03-31T00:00:00,,2017-03-31,GV00003372_AC00AC,,,,,,3,1,,,3,,,,,,,,,03630980000345,,,,
0363010000543510,3,10,2025-09-19T10:24:30.098000,,,,,False,0363200000006321,SRID=28992;POINT (124125 486185),46,,Verblijfsobject in gebruik,2025-09-19T00:00:00,,2025-09-19,GV00007716,,,,,,0,1,,,2,,,,,,,,,03630980000345,,,Muteren naar aanleiding van signalering,
0363010000543511,3,10,2025-09-19T10:25:21.890000,,,,,False,0363200000006322,SRID=28992;POINT (124125 486185),50,,Verblijfsobject in gebruik,2025-09-19T00:00:00,,2025-09-19,GV00007716,,,,,,0,1,,,2,,,,,,,,,03630980000345,,,Muteren naar aanleiding van signalering,
0363010000543516,1,7,2010-11-04T21:57:31,,,,,False,0363200000006327,SRID=28992;POINT (124130 486181),47,,Verblijfsobject in gebruik,2010-09-09T00:00:00,,2010-09-09,GV00000406,,,,,,1,1,,,2,,,,,,,,,03630980000345,,,,
0363010000543517,1,7,2010-11-04T21:57:31,,,,,False,0363200000006328,SRID=28992;POINT (124130 486181),47,,Verblijfsobject in gebruik,2010-09-09T00:00:00,,2010-09-09,GV00000406,,,,,,1,1,,,2,,,,,,,,,03630980000345,,,,
0363010000543518,1,7,2010-11-04T21:57:31,,,,,False,0363200000006329,SRID=28992;POINT (124130 486181),47,,Verblijfsobject in gebruik,2010-09-09T00:00:00,,2010-09-09,GV00000406,,,,,,2,1,,,2,,,,,,,,,03630980000345,,,,
0363010000543519,1,7,2010-11-04T21:57:31,,,,,False,0363200000006330,SRID=28992;POINT (124130 486181),47,,Verblijfsobject in gebruik,2010-09-09T00:00:00,,2010-09-09,GV00000406,,,,,,2,1,,,2,,,,,,,,,03630980000345,,,,
0363010000543520,3,10,2025-09-19T10:09:06.077000,,,,,False,0363200000006331,SRID=28992;POINT (124130 486181),92,,Verblijfsobject in gebruik,2025-09-19T00:00:00,,2025-09-19,GV00007716,,,,,,3,1,,,5,,,,,,,,,03630980000345,,,Muteren naar aanleiding van signalering,
0363010000543521,2,10,2013-02-05T03:14:07,,,,,False,0363200000006332,SRID=28992;POINT (124130 486181),88,,Verblijfsobject in gebruik,2013-02-04T00:00:00,,2013-02-04,GV00001616_AC00AC,,,,,,3,1,,,4,,,,,,,,,03630980000345,,,Muteren naar aanleiding van signalering,
0363010000543526,3,10,2025-09-19T10:05:44.497000,,,,,False,0363200000006337,SRID=28992;POINT (124137 486187),49,,Verblijfsobject in gebruik,2025-09-19T00:00:00,,2025-09-19,GV00007716,,,,,,0,1,,,2,,,,,,,,,03630980000345,,,Muteren naar aanleiding van signalering,
0363010000543531,2,7,2025-10-03T10:02:26.386000,,,,,False,0363200000006342,SRID=28992;POINT (124142 486187),47,,Verblijfsobject in gebruik,2025-10-03T00:00:00,,2025-10-03,GV00007717,,,,,,1,1,,,2,,,,,,,,,03630980000345,,,,
0363010000543532,2,10,2013-02-05T03:14:10,,,,,False,0363200000006343,SRID=28992;POINT (124142 486187),47,,Verblijfsobject in gebruik,2013-02-04T00:00:00,,2013-02-04,GV00001616_AC00AC,,,,,,1,1,,,2,,,,,,,,,03630980000345,,,Muteren naar aanleiding van signalering,
0363010000543533,2,10,2013-02-05T03:14:12,,,,,False,0363200000006344,SRID=28992;POINT (124142 486187),47,,Verblijfsobject in gebruik,2013-02-04T00:00:00,,2013-02-04,GV00001616_AC00AC,,,,,,2,1,,,2,,,,,,,,,03630980000345,,,Muteren naar aanleiding van signalering,
0363010000543534,2,10,2013-02-05T03:14:13,,,,,False,0363200000006345,SRID=28992;POINT (124142 486187),47,,Verblijfsobject in gebruik,2013-02-04T00:00:00,,2013-02-04,GV00001616_AC00AC,,,,,,2,1,,,2,,,,,,,,,03630980000345,,,Muteren naar aanleiding van signalering,
0363010000543535,3,10,2025-09-19T10:11:18.814000,,,,,False,0363200000006346,SRID=28992;POINT (124142 486187),111,,Verblijfsobject in gebruik,2025-09-19T00:00:00,,2025-09-19,GV00007716,,,,,,3,1,,,5,,,,,,,,,03630980000345,,,Muteren naar aanleiding van signalering,
0363010000543536,3,10,2025-10-03T09:57:57.955000,,,,,False,0363200000006347,SRID=28992;POINT (124142 486187),92,,Verblijfsobject in gebruik,2025-10-03T00:00:00,,2025-10-03,GV00007717,,,,,,3,1,,,4,,,,,,,,,03630980000345,,,Muteren naar aanleiding van signalering,
0363010000543541,1,7,2010-11-04T21:57:34,,,,,False,0363200000006352,SRID=28992;POINT (124149 486187),47,,Verblijfsobject in gebruik,2010-09-09T00:00:00,,2010-09-09,GV00000406,,,,,,1,1,,,2,,,,,,,,,03630980000345,,,,
0363010000543542,1,7,2010-11-04T21:57:34,,,,,False,0363200000006353,SRID=28992;POINT (124149 486187),47,,Verblijfsobject in gebruik,2010-09-09T00:00:00,,2010-09-09,GV00000406,,,,,,1,1,,,2,,,,,,,,,03630980000345,,,,
0363010000543543,1,7,2010-11-04T21:57:34,,,,,False,0363200000006354,SRID=28992;POINT (124149 486187),47,,Verblijfsobject in gebruik,2010-09-09T00:00:00,,2010-09-09,GV00000406,,,,,,2,1,,,2,,,,,,,,,03630980000345,,,,
0363010000543544,1,7,2010-11-04T21:57:34,,,,,False,0363200000006355,SRID=28992;POINT (124149 486187),47,,Verblijfsobject in gebruik,2010-09-09T00:00:00,,2010-09-09,GV00000406,,,,,,2,1,,,2,,,,,,,,,03630980000345,,,,
0363010000543545,3,11,2025-09-19T10:12:39.359000,,,,,False,0363200000006356,SRID=28992;POINT (124149 486187),91,,Verblijfsobject in gebruik,2025-09-19T00:00:00,,2025-09-19,GV00007716,,Complex met onzelfstandige woonruimten,,,3,3,1,,,4,,,,,,,,,03630980000345,,,Muteren naar aanleiding van signalering,
0363010000543546,2,7,2025-09-19T10:17:30.738000,,,,,False,0363200000006357,SRID=28992;POINT (124150 486187),106,,Verblijfsobject in gebruik,2025-09-19T00:00:00,,2025-09-19,GV00007716,,,,,,3,1,,,5,,,,,,,,,03630980000345,,,,
0363010000543551,3,10,2025-10-03T09:32:09.688000,,,,,False,0363200000006362,SRID=28992;POINT (124154 486184),50,,Verblijfsobject in gebruik,2025-10-03T00:00:00,,2025-10-03,GV00007717,,,,,,0,1,,,2,,,,,,,,,03630980000345,,,Muteren naar aanleiding van signalering,
0363010000543552,3,10,2025-09-19T10:21:40.237000,,,,,False,0363200000006363,SRID=28992;POINT (124154 486184),50,,Verblijfsobject in gebruik,2025-09-19T00:00:00,,2025-09-19,GV00007716,,,,,,0,1,,,2,,,,,,,,,03630980000345,,,Muteren naar aanleiding van signalering,
0363010000543558,2,10,2017-04-01T07:17:13,,,,,False,0363200000006369,SRID=28992;POINT (124163 486186),57,,Verblijfsobject in gebruik,2017-03-31T00:00:00,,2017-03-31,GV00003372_AC00AC,,,,,,2,1,,,3,,,,,,,,,03630980000345,,,,
0363010000543559,2,10,2017-04-01T08:48:59,,,,,False,0363200000006370,SRID=28992;POINT (124163 486186),88,,Verblijfsobject in gebruik,2017-03-31T00:00:00,,2017-03-31,GV00003372_AC00AC,,,,,,3,2,,,3,,,,,,,,,03630980000345,,,Muteren naar aanleiding van signalering,
0363010000543561,3,13,2017-04-01T17:31:19,,,,,False,0363200000006372,SRID=28992;POINT (124170 486187),64,,Verblijfsobject in gebruik,2017-03-31T00:00:00,,2017-03-31,GV00003372_AC00AC,,,,,,0,1,,,4,,,,,,,,,03630980000345,,,Muteren naar aanleiding van signalering,
0363010000543562,2,10,2013-02-05T03:23:49,,,,,False,0363200000006373,SRID=28992;POINT (124170 486187),60,,Verblijfsobject in gebruik,2013-02-04T00:00:00,,2013-02-04,GV00001616_AC00AC,,,,,,1,1,,,4,,,,,,,,,03630980000345,,,Muteren naar aanleiding van signalering,
0363010000543563,3,13,2017-04-01T09:09:33,,,,,False,0363200000006374,SRID=28992;POINT (124170 486187),53,,Verblijfsobject in gebruik,2017-03-31T00:00:00,,2017-03-31,GV00003372_AC00AC,,,,,,2,1,,,3,,,,,,,,,03630980000345,,,Muteren naar aanleiding van signalering,
0363010000543564,3,13,2017-03-31T21:45:01,,,,,False,0363200000006375,SRID=28992;POINT (124170 486187),53,,Verblijfsobject in gebruik,2017-03-31T00:00:00,,2017-03-31,GV00003372_AC00AC,,,,,,3,1,,,3,,,,,,,,,03630980000345,,,Muteren naar aanleiding van signalering,
0363010000543565,3,13,2017-04-01T09:09:38,,,,,False,0363200000006376,SRID=28992;POINT (124175 486187),64,,Verblijfsobject in gebruik,2017-03-31T00:00:00,,2017-03-31,GV00003372_AC00AC,,,,,,0,1,,,4,,,,,,,,,03630980000345,,,Muteren naar aanleiding van signalering,
0363010000543566,2,10,2017-04-01T10:24:10,,,,,False,0363200000006377,SRID=28992;POINT (124175 486187),60,,Verblijfsobject in gebruik,2017-03-31T00:00:00,,2017-03-31,GV00003372_AC00AC,,,,,,1,1,,,4,,,,,,,,,03630980000345,,,,
0363010000543567,1,7,2010-11-04T21:57:37,,,,,False,0363200000006378,SRID=28992;POINT (124175 486187),53,,Verblijfsobject in gebruik,2010-09-09T00:00:00,,2010-09-09,GV00000406,,,,,,2,1,,,3,,,,,,,,,03630980000345,,,,
0363010000543568,5,20,2022-05-19T16:09:35.819000,,,,,False,0363200000006379,SRID=28992;POINT (124175 486187),66,,Verblijfsobject in gebruik,2022-05-19T00:00:00,,2022-05-19,SM06760935_OV00ML,,,,,,3,2,4,3,4,,,,,,,,,03630980000345,,,Melding of waarneming verbouwing gereed,
0363010000543569,3,13,2017-04-01T11:55:02,,,,,False,0363200000006380,SRID=28992;POINT (124181 486187),64,,Verblijfsobject in gebruik,2017-03-31T00:00:00,,2017-03-31,GV00003372_AC00AC,,,,,,0,1,,,4,,,,,,,,,03630980000345,,,Muteren naar aanleiding van signalering,
0363010000543570,2,10,2017-04-01T14:25:23,,,,,False,0363200000006381,SRID=28992;POINT (124181 486187),60,,Verblijfsobject in gebruik,2017-03-31T00:00:00,,2017-03-31,GV00003372_AC00AC,,,,,,1,1,,,4,,,,,,,,,03630980000345,,,,
0363010000543571,3,14,2017-04-01T11:08:06,,,,,False,0363200000006382,SRID=28992;POINT (124181 486187),53,,Verblijfsobject in gebruik,2017-03-31T00:00:00,,2017-03-31,GV00003372_AC00AC,,,,,,2,1,,,3,,,,,,,,,03630980000345,,,Muteren naar aanleiding van signalering,
0363010000543572,3,12,2017-04-01T14:17:31,,,,,False,0363200000006383,SRID=28992;POINT (124181 486187),75,,Verblijfsobject in gebruik,2017-03-31T00:00:00,,2017-03-31,GV00003372_AC00AC,,,,,,3,2,,,4,,,,,,,,,03630980000345,,,Muteren naar aanleiding van signalering,
0363010000543573,3,14,2017-04-01T11:55:07,,,,,False,0363200000006384,SRID=28992;POINT (124189 486187),64,,Verblijfsobject in gebruik,2017-03-31T00:00:00,,2017-03-31,GV00003372_AC00AC,,Complex met onzelfstandige woonruimten,,,3,0,1,,,4,,,,,,,,,03630980000345,,,Muteren naar aanleiding van signalering,
0363010000543574,3,14,2017-04-01T16:28:39,,,,,False,0363200000006385,SRID=28992;POINT (124189 486187),60,,Verblijfsobject in gebruik,2017-03-31T00:00:00,,2017-03-31,GV00003372_AC00AC,,,,,,1,1,,,4,,,,,,,,,03630980000345,,,Muteren naar aanleiding van signalering,
0363010000543575,3,13,2017-04-01T18:52:41,,,,,False,0363200000006386,SRID=28992;POINT (124189 486187),53,,Verblijfsobject in gebruik,2017-03-31T00:00:00,,2017-03-31,GV00003372_AC00AC,,,,,,2,1,,,3,,,,,,,,,03630980000345,,,Muteren naar aanleiding van signalering,
0363010000543576,3,13,2017-03-31T21:45:08,,,,,False,0363200000006387,SRID=28992;POINT (124189 486187),53,,Verblijfsobject in gebruik,2017-03-31T00:00:00,,2017-03-31,GV00003372_AC00AC,,,,,,3,1,,,3,,,,,,,,,03630980000345,,,Muteren naar aanleiding van signalering,
0363010000543577,3,13,2017-04-01T18:52:45,,,,,False,0363200000006388,SRID=28992;POINT (124195 486186),64,,Verblijfsobject in gebruik,2017-03-31T00:00:00,,2017-03-31,GV00003372_AC00AC,,,,,,0,1,,,4,,,,,,,,,03630980000345,,,Muteren naar aanleiding van signalering,
0363010000543578,2,10,2013-02-05T03:24:14,,,,,False,0363200000006389,SRID=28992;POINT (124195 486186),60,,Verblijfsobject in gebruik,2013-02-04T00:00:00,,2013-02-04,GV00001616_AC00AC,,,,,,1,1,,,4,,,,,,,,,03630980000345,,,Muteren naar aanleiding van signalering,
0363010000543579,3,13,2017-04-01T18:52:49,,,,,False,0363200000006390,SRID=28992;POINT (124195 486186),53,,Verblijfsobject in gebruik,2017-03-31T00:00:00,,2017-03-31,GV00003372_AC00AC,,,,,,2,1,,,3,,,,,,,,,03630980000345,,,Muteren naar aanleiding van signalering,
0363010000543580,4,16,2019-01-18T20:30:51,,,,,False,0363200000006391,SRID=28992;POINT (124195 486186),76,,Verblijfsobject in gebruik,2019-01-18T00:00:00,,2019-01-18,GV00004195,,,,,,3,1,,,3,,,,,,,,,03630980000345,,,Muteren naar aanleiding van signalering,
0363010000543581,2,10,2017-04-01T07:44:31,,,,,False,0363200000006392,SRID=28992;POINT (124202 486186),64,,Verblijfsobject in gebruik,2017-03-31T00:00:00,,2017-03-31,GV00003372_AC00AC,,,,,,0,1,,,4,,,,,,,,,03630980000345,,,,
0363010000543582,1,7,2010-11-04T21:57:39,,,,,False,0363200000006393,SRID=28992;POINT (124202 486186),60,,Verblijfsobject in gebruik,2010-09-09T00:00:00,,2010-09-09,GV00000406,,,,,,1,1,,,3,,,,,,,,,03630980000345,,,,
0363010000543583,3,13,2017-04-01T18:52:53,,,,,False,0363200000006394,SRID=28992;POINT (124202 486186),53,,Verblijfsobject in gebruik,2017-03-31T00:00:00,,2017-03-31,GV00003372_AC00AC,,,,,,2,1,,,3,,,,,,,,,03630980000345,,,Muteren naar aanleiding van signalering,
0363010000543584,3,13,2017-03-31T21:45:17,,,,,False,0363200000006395,SRID=28992;POINT (124202 486186),53,,Verblijfsobject in gebruik,2017-03-31T00:00:00,,2017-03-31,GV00003372_AC00AC,,,,,,3,1,,,3,,,,,,,,,03630980000345,,,Muteren naar aanleiding van signalering,
0363010000543591,1,7,2010-11-04T21:57:40,,,,,False,0363200000006402,SRID=28992;POINT (124218 486188),53,,Verblijfsobject in gebruik,2010-09-09T00:00:00,,2010-09-09,GV00000406,,,,,,2,1,,,3,,,,,,,,,03630980000345,,,,
0363010000543592,1,7,2010-11-04T21:57:40,,,,,False,0363200000006403,SRID=28992;POINT (124218 486188),53,,Verblijfsobject in gebruik,2010-09-09T00:00:00,,2010-09-09,GV00000406,,,,,,3,1,,,3,,,,,,,,,03630980000345,,,,
0363010000543593,2,10,2013-02-05T03:33:53,,,,,False,0363200000006404,SRID=28992;POINT (124223 486188),46,,Verblijfsobject in gebruik,2013-02-04T00:00:00,,2013-02-04,GV00001616_AC00AC,,,,,,0,1,,,2,,,,,,,,,03630980000345,,,Muteren naar aanleiding van signalering,
0363010000543594,2,10,2013-02-05T03:33:56,,,,,False,0363200000006405,SRID=28992;POINT (124223 486188),46,,Verblijfsobject in gebruik,2013-02-04T00:00:00,,2013-02-04,GV00001616_AC00AC,,,,,,1,1,,,3,,,,,,,,,03630980000345,,,Muteren naar aanleiding van signalering,
0363010000543595,2,10,2013-02-05T03:33:57,,,,,False,0363200000006406,SRID=28992;POINT (124223 486188),46,,Verblijfsobject in gebruik,2013-02-04T00:00:00,,2013-02-04,GV00001616_AC00AC,,,,,,2,1,,,3,,,,,,,,,03630980000345,,,Muteren naar aanleiding van signalering,
0363010000543596,2,10,2013-02-05T03:33:59,,,,,False,0363200000006407,SRID=28992;POINT (124223 486188),46,,Verblijfsobject in gebruik,2013-02-04T00:00:00,,2013-02-04,GV00001616_AC00AC,,,,,,3,1,,,3,,,,,,,,,03630980000345,,,Muteren naar aanleiding van signalering,
0363010000543597,2,10,2013-02-05T03:34:01,,,,,False,0363200000006408,SRID=28992;POINT (124229 486188),54,,Verblijfsobject in gebruik,2013-02-04T00:00:00,,2013-02-04,GV00001616_AC00AC,,,,,,0,1,,,2,,,,,,,,,03630980000345,,,Muteren naar aanleiding van signalering,
0363010000543598,1,7,2010-11-04T21:57:41,,,,,False,0363200000006409,SRID=28992;POINT (124229 486188),48,,Verblijfsobject in gebruik,2010-09-09T00:00:00,,2010-09-09,GV00000406,,,,,,1,1,,,3,,,,,,,,,03630980000345,,,,
0363010000543599,1,7,2010-11-04T21:57:41,,,,,False,0363200000006410,SRID=28992;POINT (124229 486188),48,,Verblijfsobject in gebruik,2010-09-09T00:00:00,,2010-09-09,GV00000406,,,,,,2,1,,,3,,,,,,,,,03630980000345,,,,
0363010000543600,1,7,2010-11-04T21:57:41,,,,,False,0363200000006411,SRID=28992;POINT (124229 486188),48,,Verblijfsobject in gebruik,2010-09-09T00:00:00,,2010-09-09,GV00000406,,,,,,3,1,,,3,,,,,,,,,03630980000345,,,,
0363010000543601,1,6,2010-11-04T21:57:42,,,,,False,0363200000435137,SRID=28992;POINT (120462 488595),60,,Verblijfsobject in gebruik,2010-09-09T00:00:00,,2010-09-09,GV00000406,,,,,,0,1,,,2,,,,,,,,,03630980000136,,,,
0363010000543602,3,13,2019-10-18T20:20:12,,,,,False,0363200000006412,SRID=28992;POINT (124235 486187),50,,Verblijfsobject in gebruik,2019-10-18T00:00:00,,2019-10-18,GV00005304,,,,,,0,1,,,2,,,,,,,,,03630980000345,,,Muteren naar aanleiding van signalering,
0363010000543603,2,10,2019-10-19T00:20:51,,,,,False,0363200000006413,SRID=28992;POINT (124235 486187),50,,Verblijfsobject in gebruik,2019-10-18T00:00:00,,2019-10-18,GV00005304,,,,,,1,1,,,3,,,,,,,,,03630980000345,,,,
0363010000543604,3,13,2019-10-19T00:10:00,,,,,False,0363200000006414,SRID=28992;POINT (124235 486187),48,,Verblijfsobject in gebruik,2019-10-18T00:00:00,,2019-10-18,GV00005304,,,,,,2,1,,,3,,,,,,,,,03630980000345,,,Muteren naar aanleiding van signalering,
0363010000543605,1,7,2010-11-04T21:57:42,,,,,False,0363200000006415,SRID=28992;POINT (124235 486187),42,,Verblijfsobject in gebruik,2010-09-09T00:00:00,,2010-09-09,GV00000406,,,,,,3,1,,,3,,,,,,,,,03630980000345,,,,
0363010000543617,4,18,2023-09-01T12:50:23.365000,,,,,False,0363200000006427,SRID=28992;POINT (124308 486188),69,,Verblijfsobject in gebruik,2023-08-31T00:00:00,,2023-08-31,SM04500965_OV00ML,,,,,,0,1,0,0,3,,,,,,,,,03630980000345,,,Melding of waarneming verbouwing gereed,
0363010000543618,4,17,2023-09-01T12:48:13.459000,,,,,False,0363200000006428,SRID=28992;POINT (124308 486188),43,,Verblijfsobject in gebruik,2023-08-31T00:00:00,,2023-08-31,SM04500965_OV00ML,,,,,,1,1,1,1,2,,,,,,,,,03630980000345,,,Melding of waarneming afzien van verbouwing,
0363010000543619,2,11,2017-04-01T16:28:43,,,,,False,0363200000006429,SRID=28992;POINT (124308 486188),43,,Verblijfsobject in gebruik,2017-03-31T00:00:00,,2017-03-31,GV00003372_AC00AC,,,,,,2,1,,,3,,,,,,,,,03630980000345,,,,
0363010000543620,2,8,2025-01-13T14:31:23.577000,,,,,False,0363200000006430,SRID=28992;POINT (124308 486188),66,,Verbouwing verblijfsobject,2025-01-10T00:00:00,,2025-01-10,SM2024102300438,,,,,,3,2,4,3,2,,,,,,,,,03630980000345,,,Kleine verbouwing object,
0363010000543625,3,14,2017-10-11T09:40:13,,,,,False,0363200000006435,SRID=28992;POINT (124313 486189),70,,Verblijfsobject in gebruik,2017-10-04T00:00:00,,2017-10-04,SM02903069,,,,,,0,1,0,0,2,,,,,,,,,03630980000345,,,Kleine verbouwing object,
0363010000543626,3,14,2017-10-11T09:32:41,,,,,False,0363200000006436,SRID=28992;POINT (124313 486189),57,,Verblijfsobject in gebruik,2017-10-04T00:00:00,,2017-10-04,SM02903069,,,,,,1,1,1,1,3,,,,,,,,,03630980000345,,,Kleine verbouwing object,
0363010000543627,2,12,2017-04-01T16:28:47,,,,,False,0363200000006437,SRID=28992;POINT (124313 486189),43,,Verblijfsobject in gebruik,2017-03-31T00:00:00,,2017-03-31,GV00003372_AC00AC,,,,,,2,1,,,3,,,,,,,,,03630980000345,,,,
0363010000543628,3,10,2025-01-13T14:32:07.424000,,,,,False,0363200000006438,SRID=28992;POINT (124313 486189),69,,Verbouwing verblijfsobject,2025-01-10T00:00:00,,2025-01-10,SM2024102300438,,,,,,3,2,4,3,3,,,,,,,,,03630980000345,,,Kleine verbouwing object,
0363010000543632,3,13,2019-10-18T21:50:07,,,,,False,0363200000006443,SRID=28992;POINT (124319 486189),47,,Verblijfsobject in gebruik,2019-10-18T00:00:00,,2019-10-18,GV00005304,,,,,,0,1,,,3,,,,,,,,,03630980000345,,,,
0363010000543633,2,11,2017-04-01T16:28:52,,,,,False,0363200000006444,SRID=28992;POINT (124319 486189),43,,Verblijfsobject in gebruik,2017-03-31T00:00:00,,2017-03-31,GV00003372_AC00AC,,,,,,1,1,,,3,,,,,,,,,03630980000345,,,,
0363010000543634,2,10,2017-04-01T13:06:12,,,,,False,0363200000006445,SRID=28992;POINT (124319 486189),43,,Verblijfsobject in gebruik,2017-03-31T00:00:00,,2017-03-31,GV00003372_AC00AC,,,,,,2,1,,,3,,,,,,,,,03630980000345,,,,
0363010000543635,5,17,2024-07-17T11:44:18.661000,,,,,False,0363200000006446,SRID=28992;POINT (124319 486189),69,,Verblijfsobject in gebruik,2024-07-16T00:00:00,,2024-07-16,SM06499643_OV00ML,,,,,,3,2,4,3,3,,,,,,,,,03630980000345,,,Melding of waarneming verbouwing gereed,
0363010000543640,4,17,2020-03-06T19:19:42.962000,,,,,False,0363200000006451,SRID=28992;POINT (124324 486188),36,,Verblijfsobject in gebruik,2020-03-06T00:00:00,,2020-03-06,GV00006011,,,,,,0,1,0,0,2,,,,,,,,,03630980000345,,,Kleine verbouwing object,
0363010000543641,2,11,2017-10-12T09:29:10,,,,,False,0363200000006452,SRID=28992;POINT (124324 486188),51,,Verblijfsobject in gebruik,2017-10-04T00:00:00,,2017-10-04,SM02903145,,,,,,1,1,1,1,2,,,,,,,,,03630980000345,,,Kleine verbouwing object,
0363010000543642,3,14,2017-10-12T09:30:41,,,,,False,0363200000006453,SRID=28992;POINT (124324 486188),51,,Verblijfsobject in gebruik,2017-10-04T00:00:00,,2017-10-04,SM02903145,,,,,,2,1,2,2,2,,,,,,,,,03630980000345,,,Kleine verbouwing object,
0363010000543643,4,14,2025-01-13T14:32:57.387000,,,,,False,0363200000006454,SRID=28992;POINT (124324 486188),52,,Verbouwing verblijfsobject,2025-01-10T00:00:00,,2025-01-10,SM2024102300438,,,,,,3,2,4,3,3,,,,,,,,,03630980000345,,,Kleine verbouwing object,
0363010000543648,4,17,2020-03-06T19:23:47.008000,,,,,False,0363200000006459,SRID=28992;POINT (124329 486188),36,,Verblijfsobject in gebruik,2020-03-06T00:00:00,,2020-03-06,GV00006011,,,,,,0,1,0,0,2,,,,,,,,,03630980000345,,,Kleine verbouwing object,
0363010000543649,4,17,2017-10-12T10:19:15,,,,,False,0363200000006460,SRID=28992;POINT (124329 486188),46,,Verblijfsobject in gebruik,2017-10-04T00:00:00,,2017-10-04,SM02904409,,,,,,1,1,1,1,2,,,,,,,,,03630980000345,,,Kleine verbouwing object,
0363010000543650,4,17,2017-10-12T10:20:27,,,,,False,0363200000006461,SRID=28992;POINT (124329 486188),46,,Verblijfsobject in gebruik,2017-10-04T00:00:00,,2017-10-04,SM02904409,,,,,,2,1,2,2,2,,,,,,,,,03630980000345,,,Kleine verbouwing object,
0363010000543651,5,17,2025-01-13T14:34:25.041000,,,,,False,0363200000006462,SRID=28992;POINT (124329 486188),47,,Verbouwing verblijfsobject,2025-01-10T00:00:00,,2025-01-10,SM2024102300438,,,,,,3,2,4,3,3,,,,,,,,,03630980000345,,,Kleine verbouwing object,
0363010000543656,4,17,2023-02-03T10:35:23.051000,,,,,False,0363200000006467,SRID=28992;POINT (124335 486188),70,,Verblijfsobject in gebruik,2023-02-03T00:00:00,,2023-02-03,SM03522329_OV00ML,,,,,,0,1,0,0,2,,,,,,,,,03630980000345,,,Melding of waarneming verbouwing gereed,
0363010000543657,4,18,2023-02-03T10:35:56.851000,,,,,False,0363200000006468,SRID=28992;POINT (124335 486188),43,,Verblijfsobject in gebruik,2023-02-03T00:00:00,,2023-02-03,SM03522329_OV00ML,,,,,,1,1,1,1,3,,,,,,,,,03630980000345,,,Melding of waarneming afzien van verbouwing,
0363010000543658,2,10,2017-04-01T02:50:50,,,,,False,0363200000006469,SRID=28992;POINT (124335 486188),43,,Verblijfsobject in gebruik,2017-03-31T00:00:00,,2017-03-31,GV00003372_AC00AC,,,,,,2,1,,,3,,,,,,,,,03630980000345,,,,
0363010000543659,4,13,2025-01-13T14:36:23.856000,,,,,False,0363200000006470,SRID=28992;POINT (124335 486188),67,,Verbouwing verblijfsobject,2025-01-10T00:00:00,,2025-01-10,SM2024102300438,,,,,,3,2,4,3,2,,,,,,,,,03630980000345,,,Kleine verbouwing object,
0363010000543664,2,11,2017-04-01T19:03:07,,,,,False,0363200000006475,SRID=28992;POINT (124341 486189),49,,Verblijfsobject in gebruik,2017-03-31T00:00:00,,2017-03-31,GV00003372_AC00AC,,,,,,0,1,,,3,,,,,,,,,03630980000345,,,,
0363010000543665,2,11,2017-04-01T19:03:12,,,,,False,0363200000006476,SRID=28992;POINT (124341 486189),43,,Verblijfsobject in gebruik,2017-03-31T00:00:00,,2017-03-31,GV00003372_AC00AC,,,,,,1,1,,,3,,,,,,,,,03630980000345,,,,
0363010000543666,2,10,2017-04-01T02:52:40,,,,,False,0363200000006477,SRID=28992;POINT (124341 486189),43,,Verblijfsobject in gebruik,2017-03-31T00:00:00,,2017-03-31,GV00003372_AC00AC,,,,,,2,1,,,3,,,,,,,,,03630980000345,,,,
0363010000543667,5,17,2026-07-17T18:02:19.488000,,,,,False,0363200000006478,SRID=28992;POINT (124341 486189),105,,Verbouwing verblijfsobject,2026-07-17T00:00:00,,2026-07-17,SM2026051700154,,,,,,2,2,4,3,3,,,,,,,,,03630980000345,,,Kleine verbouwing object,
0363010000543672,2,10,2017-04-01T04:22:21,,,,,False,0363200000006483,SRID=28992;POINT (124346 486189),49,,Verblijfsobject in gebruik,2017-03-31T00:00:00,,2017-03-31,GV00003372_AC00AC,,,,,,0,1,,,3,,,,,,,,,03630980000345,,,,
0363010000543673,2,10,2017-04-01T07:44:36,,,,,False,0363200000006484,SRID=28992;POINT (124346 486189),43,,Verblijfsobject in gebruik,2017-03-31T00:00:00,,2017-03-31,GV00003372_AC00AC,,,,,,1,1,,,3,,,,,,,,,03630980000345,,,,
0363010000543674,2,10,2017-04-01T15:50:45,,,,,False,0363200000006485,SRID=28992;POINT (124346 486189),43,,Verblijfsobject in gebruik,2017-03-31T00:00:00,,2017-03-31,GV00003372_AC00AC,,,,,,2,1,,,3,,,,,,,,,03630980000345,,,,
0363010000543675,4,13,2025-01-13T14:37:10.423000,,,,,False,0363200000006486,SRID=28992;POINT (124346 486189),66,,Verbouwing verblijfsobject,2025-01-10T00:00:00,,2025-01-10,SM2024102300438,,,,,,3,2,4,3,2,,,,,,,,,03630980000345,,,Kleine verbouwing object,
0363010000543680,3,14,2017-03-31T23:52:29,,,,,False,0363200000006491,SRID=28992;POINT (124352 486189),60,,Verblijfsobject in gebruik,2017-03-31T00:00:00,,2017-03-31,GV00003372_AC00AC,,,,,,0,1,,,2,,,,,,,,,03630980000345,,,Muteren naar aanleiding van signalering,
0363010000543681,3,15,2017-04-01T07:50:39,,,,,False,0363200000006492,SRID=28992;POINT (124352 486189),59,,Verblijfsobject in gebruik,2017-03-31T00:00:00,,2017-03-31,GV00003372_AC00AC,,,,,,1,1,,,3,,,,,,,,,03630980000345,,,Muteren naar aanleiding van signalering,
0363010000543682,2,10,2017-04-01T08:57:53,,,,,False,0363200000006493,SRID=28992;POINT (124352 486189),55,,Verblijfsobject in gebruik,2017-03-31T00:00:00,,2017-03-31,GV00003372_AC00AC,,,,,,2,1,,,3,,,,,,,,,03630980000345,,,,
0363010000543683,3,10,2025-01-13T14:38:35.186000,,,,,False,0363200000006494,SRID=28992;POINT (124352 486189),76,,Verbouwing verblijfsobject,2025-01-10T00:00:00,,2025-01-10,SM2024102300438,,,,,,3,2,4,3,4,,,,,,,,,03630980000345,,,Kleine verbouwing object,
0363010000543684,2,10,2017-03-31T19:01:19,,,,,False,0363200000006495,SRID=28992;POINT (124302 486167),60,,Verblijfsobject in gebruik,2017-03-31T00:00:00,,2017-03-31,GV00003372_AC00AC,,,,,,0,1,,,1,,,,,,,,,03630980000345,,,,
0363010000543685,3,13,2017-04-01T11:55:29,,,,,False,0363200000006496,SRID=28992;POINT (124302 486167),60,,Verblijfsobject in gebruik,2017-03-31T00:00:00,,2017-03-31,GV00003372_AC00AC,,,,,,1,1,,,3,,,,,,,,,03630980000345,,,Muteren naar aanleiding van signalering,
0363010000543686,2,10,2017-03-31T19:01:28,,,,,False,0363200000006497,SRID=28992;POINT (124302 486167),56,,Verblijfsobject in gebruik,2017-03-31T00:00:00,,2017-03-31,GV00003372_AC00AC,,,,,,2,1,,,3,,,,,,,,,03630980000345,,,,
0363010000543687,2,10,2017-04-01T02:45:26,,,,,False,0363200000006498,SRID=28992;POINT (124302 486167),56,,Verblijfsobject in gebruik,2017-03-31T00:00:00,,2017-03-31,GV00003372_AC00AC,,,,,,3,1,,,3,,,,,,,,,03630980000345,,,,
0363010000543688,3,13,2017-04-01T04:35:44,,,,,False,0363200000006499,SRID=28992;POINT (124358 486188),60,,Verblijfsobject in gebruik,2017-03-31T00:00:00,,2017-03-31,GV00003372_AC00AC,,,,,,0,1,,,2,,,,,,,,,03630980000345,,,Muteren naar aanleiding van signalering,
0363010000543689,3,14,2017-04-01T00:06:55,,,,,False,0363200000006500,SRID=28992;POINT (124358 486188),59,,Verblijfsobject in gebruik,2017-03-31T00:00:00,,2017-03-31,GV00003372_AC00AC,,,,,,1,1,,,3,,,,,,,,,03630980000345,,,Muteren naar aanleiding van signalering,
0363010000543690,2,11,2013-02-05T03:34:28,,,,,False,0363200000006501,SRID=28992;POINT (124358 486188),55,,Verblijfsobject in gebruik,2013-02-04T00:00:00,,2013-02-04,GV00001616_AC00AC,,,,,,2,1,,,3,,,,,,,,,03630980000345,,,Muteren naar aanleiding van signalering,
0363010000543691,3,14,2019-05-24T15:03:22,,,,,False,0363200000006502,SRID=28992;POINT (124358 486188),77,,Verblijfsobject in gebruik,2018-06-25T00:00:00,,2018-06-25,SM03724867,,,,,,3,2,4,3,3,,,,,,,,,03630980000345,,,Kleine verbouwing object,
0363010000543692,2,10,2013-02-05T03:43:20,,,,,False,0363200000006503,SRID=28992;POINT (124308 486167),60,,Verblijfsobject in gebruik,2013-02-04T00:00:00,,2013-02-04,GV00001616_AC00AC,,,,,,0,1,,,2,,,,,,,,,03630980000345,,,Muteren naar aanleiding van signalering,
0363010000543693,3,13,2017-04-01T14:37:01,,,,,False,0363200000006504,SRID=28992;POINT (124308 486167),60,,Verblijfsobject in gebruik,2017-03-31T00:00:00,,2017-03-31,GV00003372_AC00AC,,,,,,1,1,,,3,,,,,,,,,03630980000345,,,Muteren naar aanleiding van signalering,
0363010000543694,3,13,2017-04-01T17:34:19,,,,,False,0363200000006505,SRID=28992;POINT (124308 486167),56,,Verblijfsobject in gebruik,2017-03-31T00:00:00,,2017-03-31,GV00003372_AC00AC,,,,,,2,1,,,3,,,,,,,,,03630980000345,,,Muteren naar aanleiding van signalering,
0363010000543695,3,13,2017-04-01T14:37:05,,,,,False,0363200000006506,SRID=28992;POINT (124308 486167),56,,Verblijfsobject in gebruik,2017-03-31T00:00:00,,2017-03-31,GV00003372_AC00AC,,,,,,3,1,,,3,,,,,,,,,03630980000345,,,Muteren naar aanleiding van signalering,
0363010000543696,3,15,2023-10-06T18:06:06.283000,,,,,False,0363200000006507,SRID=28992;POINT (124364 486188),81,,Verblijfsobject in gebruik,2023-10-06T00:00:00,,2023-10-06,SM06764329_OV00ML,,,,,,0,1,0,0,4,,,,,,,,,03630980000345,,,Melding of waarneming verbouwing gereed,
0363010000543697,3,13,2017-03-31T19:21:54,,,,,False,0363200000006508,SRID=28992;POINT (124364 486188),59,,Verblijfsobject in gebruik,2017-03-31T00:00:00,,2017-03-31,GV00003372_AC00AC,,,,,,1,1,,,3,,,,,,,,,03630980000345,,,Muteren naar aanleiding van signalering,
0363010000543698,2,10,2013-02-05T03:43:29,,,,,False,0363200000006509,SRID=28992;POINT (124364 486188),55,,Verblijfsobject in gebruik,2013-02-04T00:00:00,,2013-02-04,GV00001616_AC00AC,,,,,,2,1,,,3,,,,,,,,,03630980000345,,,Muteren naar aanleiding van signalering,
0363010000543699,2,11,2017-04-01T00:07:00,,,,,False,0363200000006510,SRID=28992;POINT (124364 486188),83,,Verblijfsobject in gebruik,2017-03-31T00:00:00,,2017-03-31,GV00003372_AC00AC,,,,,,3,1,,,3,,,,,,,,,03630980000345,,,,
0363010000543700,1,9,2010-11-04T21:57:54,,,,,False,0363200000006511,SRID=28992;POINT (124314 486167),41,,Verblijfsobject in gebruik,2010-09-09T00:00:00,,2010-09-09,GV00000406,,,,,,0,1,,,1,,,,,,,,,03630980000345,,,,
0363010000543701,2,11,2013-02-05T03:43:31,,,,,False,0363200000006512,SRID=28992;POINT (124314 486167),56,,Verblijfsobject in gebruik,2013-02-04T00:00:00,,2013-02-04,GV00001616_AC00AC,,,,,,1,1,,,3,,,,,,,,,03630980000345,,,Muteren naar aanleiding van signalering,
0363010000543702,2,10,2013-02-05T03:43:33,,,,,False,0363200000006513,SRID=28992;POINT (124314 486167),56,,Verblijfsobject in gebruik,2013-02-04T00:00:00,,2013-02-04,GV00001616_AC00AC,,,,,,2,1,,,3,,,,,,,,,03630980000345,,,Muteren naar aanleiding van signalering,
0363010000543703,2,10,2013-02-05T03:43:35,,,,,False,0363200000006514,SRID=28992;POINT (124314 486167),56,,Verblijfsobject in gebruik,2013-02-04T00:00:00,,2013-02-04,GV00001616_AC00AC,,,,,,3,1,,,3,,,,,,,,,03630980000345,,,Muteren naar aanleiding van signalering,
0363010000543704,3,13,2017-04-01T18:53:47,,,,,False,0363200000006515,SRID=28992;POINT (124369 486188),60,,Verblijfsobject in gebruik,2017-03-31T00:00:00,,2017-03-31,GV00003372_AC00AC,,,,,,0,1,,,2,,,,,,,,,03630980000345,,,Muteren naar aanleiding van signalering,
0363010000543705,3,13,2017-04-01T18:53:31,,,,,False,0363200000006516,SRID=28992;POINT (124369 486188),59,,Verblijfsobject in gebruik,2017-03-31T00:00:00,,2017-03-31,GV00003372_AC00AC,,,,,,1,1,,,3,,,,,,,,,03630980000345,,,Muteren naar aanleiding van signalering,
0363010000543706,1,7,2010-11-04T21:57:55,,,,,False,0363200000006517,SRID=28992;POINT (124369 486188),55,,Verblijfsobject in gebruik,2010-09-09T00:00:00,,2010-09-09,GV00000406,,,,,,2,1,,,3,,,,,,,,,03630980000345,,,,
0363010000543707,7,28,2020-03-06T19:38:10.500000,,,,,False,0363200000006518,SRID=28992;POINT (124369 486188),154,,Verblijfsobject in gebruik,2020-03-06T00:00:00,,2020-03-06,GV00006011,,,,,,3,3,5,3,3,,,,,,,,,03630980000345,,,Kleine verbouwing object,
0363010000543712,1,7,2010-11-04T21:57:56,,,,,False,0363200000006523,SRID=28992;POINT (124374 486189),40,,Verblijfsobject in gebruik,2010-09-09T00:00:00,,2010-09-09,GV00000406,,,,,,0,1,,,2,,,,,,,,,03630980000345,,,,
0363010000543713,2,10,2013-02-05T03:43:41,,,,,False,0363200000006524,SRID=28992;POINT (124374 486189),44,,Verblijfsobject in gebruik,2013-02-04T00:00:00,,2013-02-04,GV00001616_AC00AC,,,,,,1,1,,,2,,,,,,,,,03630980000345,,,Muteren naar aanleiding van signalering,
0363010000543714,2,10,2013-02-05T03:43:43,,,,,False,0363200000006525,SRID=28992;POINT (124374 486189),44,,Verblijfsobject in gebruik,2013-02-04T00:00:00,,2013-02-04,GV00001616_AC00AC,,,,,,2,1,,,2,,,,,,,,,03630980000345,,,Muteren naar aanleiding van signalering,
0363010000543715,1,7,2010-11-04T21:57:56,,,,,False,0363200000006526,SRID=28992;POINT (124374 486189),47,,Verblijfsobject in gebruik,2010-09-09T00:00:00,,2010-09-09,GV00000406,,,,,,3,1,,,2,,,,,,,,,03630980000345,,,,
0363010000543717,3,13,2017-04-01T08:11:59,,,,,False,0363200000006528,SRID=28992;POINT (124325 486168),57,,Verblijfsobject in gebruik,2017-03-31T00:00:00,,2017-03-31,GV00003372_AC00AC,,,,,,1,1,,,2,,,,,,,,,03630980000345,,,Muteren naar aanleiding van signalering,
0363010000543718,3,12,2017-04-01T14:07:01,,,,,False,0363200000006529,SRID=28992;POINT (124324 486166),57,,Verblijfsobject in gebruik,2017-03-31T00:00:00,,2017-03-31,GV00003372_AC00AC,,,,,,0,1,,,2,,,,,,,,,03630980000345,,,Muteren naar aanleiding van signalering,
0363010000543719,3,14,2017-04-01T08:12:04,,,,,False,0363200000006530,SRID=28992;POINT (124324 486165),57,,Verblijfsobject in gebruik,2017-03-31T00:00:00,,2017-03-31,GV00003372_AC00AC,,,,,,0,1,,,2,,,,,,,,,03630980000345,,,Muteren naar aanleiding van signalering,
0363010000543720,1,7,2010-11-04T21:57:57,,,,,False,0363200000006531,SRID=28992;POINT (124381 486189),52,,Verblijfsobject in gebruik,2010-09-09T00:00:00,,2010-09-09,GV00000406,,,,,,0,1,,,3,,,,,,,,,03630980000345,,,,
0363010000543721,1,7,2010-11-04T21:57:57,,,,,False,0363200000006532,SRID=28992;POINT (124381 486189),54,,Verblijfsobject in gebruik,2010-09-09T00:00:00,,2010-09-09,GV00000406,,,,,,1,1,,,3,,,,,,,,,03630980000345,,,,
0363010000543722,2,10,2019-10-18T22:46:33,,,,,False,0363200000006533,SRID=28992;POINT (124381 486189),52,,Verblijfsobject in gebruik,2019-10-18T00:00:00,,2019-10-18,GV00005304,,,,,,2,1,,,3,,,,,,,,,03630980000345,,,,
0363010000543723,2,10,2013-02-05T03:43:49,,,,,False,0363200000006534,SRID=28992;POINT (124381 486189),59,,Verblijfsobject in gebruik,2013-02-04T00:00:00,,2013-02-04,GV00001616_AC00AC,,,,,,3,1,,,2,,,,,,,,,03630980000345,,,Muteren naar aanleiding van signalering,
0363010000543725,3,12,2017-04-01T10:06:58,,,,,False,0363200000006536,SRID=28992;POINT (124330 486167),57,,Verblijfsobject in gebruik,2017-03-31T00:00:00,,2017-03-31,GV00003372_AC00AC,,,,,,0,1,,,2,,,,,,,,,03630980000345,,,Muteren naar aanleiding van signalering,
0363010000543726,3,12,2017-04-01T14:07:05,,,,,False,0363200000006537,SRID=28992;POINT (124330 486167),57,,Verblijfsobject in gebruik,2017-03-31T00:00:00,,2017-03-31,GV00003372_AC00AC,,,,,,0,1,,,2,,,,,,,,,03630980000345,,,Muteren naar aanleiding van signalering,
0363010000543727,3,13,2017-04-01T08:12:09,,,,,False,0363200000006538,SRID=28992;POINT (124330 486167),57,,Verblijfsobject in gebruik,2017-03-31T00:00:00,,2017-03-31,GV00003372_AC00AC,,,,,,0,1,,,2,,,,,,,,,03630980000345,,,Muteren naar aanleiding van signalering,
0363010000543728,1,7,2010-11-04T21:57:58,,,,,False,0363200000006539,SRID=28992;POINT (124386 486190),38,,Verblijfsobject in gebruik,2010-09-09T00:00:00,,2010-09-09,GV00000406,,,,,,0,1,,,2,,,,,,,,,03630980000345,,,,
0363010000543729,3,13,2019-10-18T20:54:57,,,,,False,0363200000006540,SRID=28992;POINT (124386 486190),43,,Verblijfsobject in gebruik,2019-10-18T00:00:00,,2019-10-18,GV00005304,,,,,,1,1,,,2,,,,,,,,,03630980000345,,,Muteren naar aanleiding van signalering,
0363010000543730,1,7,2010-11-04T21:57:58,,,,,False,0363200000006541,SRID=28992;POINT (124386 486190),42,,Verblijfsobject in gebruik,2010-09-09T00:00:00,,2010-09-09,GV00000406,,,,,,2,1,,,2,,,,,,,,,03630980000345,,,,
0363010000543731,2,10,2013-02-05T03:52:16,,,,,False,0363200000006542,SRID=28992;POINT (124386 486190),44,,Verblijfsobject in gebruik,2013-02-04T00:00:00,,2013-02-04,GV00001616_AC00AC,,,,,,3,1,,,2,,,,,,,,,03630980000345,,,Muteren naar aanleiding van signalering,
0363010000543733,2,10,2017-04-01T07:50:44,,,,,False,0363200000006544,SRID=28992;POINT (124335 486167),56,,Verblijfsobject in gebruik,2017-03-31T00:00:00,,2017-03-31,GV00003372_AC00AC,,,,,,0,1,,,2,,,,,,,,,03630980000345,,,,
0363010000543734,3,12,2017-04-01T17:00:35,,,,,False,0363200000006545,SRID=28992;POINT (124335 486167),57,,Verblijfsobject in gebruik,2017-03-31T00:00:00,,2017-03-31,GV00003372_AC00AC,,,,,,2,1,,,2,,,,,,,,,03630980000345,,,Muteren naar aanleiding van signalering,
0363010000543735,3,12,2017-04-01T12:45:30,,,,,False,0363200000006546,SRID=28992;POINT (124335 486167),57,,Verblijfsobject in gebruik,2017-03-31T00:00:00,,2017-03-31,GV00003372_AC00AC,,,,,,0,1,,,2,,,,,,,,,03630980000345,,,Muteren naar aanleiding van signalering,
0363010000543736,1,7,2010-11-04T21:57:59,,,,,False,0363200000006547,SRID=28992;POINT (124392 486190),40,,Verblijfsobject in gebruik,2010-09-09T00:00:00,,2010-09-09,GV00000406,,,,,,0,1,,,2,,,,,,,,,03630980000345,,,,
0363010000543737,1,7,2010-11-04T21:57:59,,,,,False,0363200000006548,SRID=28992;POINT (124392 486190),52,,Verblijfsobject in gebruik,2010-09-09T00:00:00,,2010-09-09,GV00000406,,,,,,1,1,,,3,,,,,,,,,03630980000345,,,,
0363010000543738,2,10,2013-02-05T03:52:23,,,,,False,0363200000006549,SRID=28992;POINT (124392 486190),52,,Verblijfsobject in gebruik,2013-02-04T00:00:00,,2013-02-04,GV00001616_AC00AC,,,,,,2,1,,,3,,,,,,,,,03630980000345,,,Muteren naar aanleiding van signalering,
0363010000543739,1,7,2010-11-04T21:57:59,,,,,False,0363200000006550,SRID=28992;POINT (124392 486190),56,,Verblijfsobject in gebruik,2010-09-09T00:00:00,,2010-09-09,GV00000406,,,,,,3,1,,,2,,,,,,,,,03630980000345,,,,
0363010000543742,2,12,2013-02-05T03:52:26,,,,,False,0363200000006553,SRID=28992;POINT (124341 486167),66,,Verblijfsobject in gebruik,2013-02-04T00:00:00,,2013-02-04,GV00001616_AC00AC,,,,,,2,1,,,3,,,,,,,,,03630980000345,,,Samenvoegen verblijfsobjecten,
0363010000543743,2,12,2013-02-05T03:52:28,,,,,False,0363200000006554,SRID=28992;POINT (124341 486167),63,,Verblijfsobject in gebruik,2013-02-04T00:00:00,,2013-02-04,GV00001616_AC00AC,,,,,,3,1,,,3,,,,,,,,,03630980000345,,,Samenvoegen verblijfsobjecten,
0363010000543746,1,7,2010-11-04T21:58:00,,,,,False,0363200000006557,SRID=28992;POINT (124398 486190),59,,Verblijfsobject in gebruik,2010-09-09T00:00:00,,2010-09-09,GV00000406,,,,,,2,1,,,3,,,,,,,,,03630980000345,,,,
0363010000543747,2,10,2013-02-05T03:52:29,,,,,False,0363200000006558,SRID=28992;POINT (124398 486190),78,,Verblijfsobject in gebruik,2013-02-04T00:00:00,,2013-02-04,GV00001616_AC00AC,,,,,,3,1,,,5,,,,,,,,,03630980000345,,,Muteren naar aanleiding van signalering,
0363010000543751,3,12,2017-04-01T12:45:34,,,,,False,0363200000006562,SRID=28992;POINT (124346 486167),124,,Verblijfsobject in gebruik,2017-03-31T00:00:00,,2017-03-31,GV00003372_AC00AC,,,,,,2,2,,,4,,,,,,,,,03630980000345,,,Muteren naar aanleiding van signalering,
0363010000543752,2,10,2013-02-05T03:52:34,,,,,False,0363200000006563,SRID=28992;POINT (124404 486189),56,,Verblijfsobject in gebruik,2013-02-04T00:00:00,,2013-02-04,GV00001616_AC00AC,,,,,,0,1,,,3,,,,,,,,,03630980000345,,,Muteren naar aanleiding van signalering,
0363010000543753,2,10,2013-02-05T03:52:36,,,,,False,0363200000006564,SRID=28992;POINT (124404 486189),56,,Verblijfsobject in gebruik,2013-02-04T00:00:00,,2013-02-04,GV00001616_AC00AC,,,,,,1,1,,,3,,,,,,,,,03630980000345,,,Muteren naar aanleiding van signalering,
0363010000543754,1,7,2010-11-04T21:58:01,,,,,False,0363200000006565,SRID=28992;POINT (124404 486189),59,,Verblijfsobject in gebruik,2010-09-09T00:00:00,,2010-09-09,GV00000406,,,,,,2,1,,,3,,,,,,,,,03630980000345,,,,
0363010000543755,2,10,2013-02-05T03:52:38,,,,,False,0363200000006566,SRID=28992;POINT (124404 486189),78,,Verblijfsobject in gebruik,2013-02-04T00:00:00,,2013-02-04,GV00001616_AC00AC,,,,,,3,1,,,5,,,,,,,,,03630980000345,,,Muteren naar aanleiding van signalering,
0363010000543758,2,10,2019-10-19T00:20:32,,,,,False,0363200000006569,SRID=28992;POINT (124351 486167),57,,Verblijfsobject in gebruik,2019-10-18T00:00:00,,2019-10-18,GV00005304,,,,,,2,1,,,3,,,,,,,,,03630980000345,,,,
0363010000543759,1,7,2010-11-04T21:58:01,,,,,False,0363200000006570,SRID=28992;POINT (124351 486167),55,,Verblijfsobject in gebruik,2010-09-09T00:00:00,,2010-09-09,GV00000406,,,,,,3,1,,,3,,,,,,,,,03630980000345,,,,
0363010000543760,1,7,2010-11-04T21:58:01,,,,,False,0363200000006571,SRID=28992;POINT (124410 486190),52,,Verblijfsobject in gebruik,2010-09-09T00:00:00,,2010-09-09,GV00000406,,,,,,0,1,,,3,,,,,,,,,03630980000345,,,,
0363010000543761,1,7,2010-11-04T21:58:01,,,,,False,0363200000006572,SRID=28992;POINT (124410 486190),52,,Verblijfsobject in gebruik,2010-09-09T00:00:00,,2010-09-09,GV00000406,,,,,,1,1,,,3,,,,,,,,,03630980000345,,,,
0363010000543762,2,10,2013-02-05T03:52:39,,,,,False,0363200000006573,SRID=28992;POINT (124410 486190),52,,Verblijfsobject in gebruik,2013-02-04T00:00:00,,2013-02-04,GV00001616_AC00AC,,,,,,2,1,,,3,,,,,,,,,03630980000345,,,Muteren naar aanleiding van signalering,
0363010000543763,1,7,2010-11-04T21:58:02,,,,,False,0363200000006574,SRID=28992;POINT (124410 486190),56,,Verblijfsobject in gebruik,2010-09-09T00:00:00,,2010-09-09,GV00000406,,,,,,3,1,,,2,,,,,,,,,03630980000345,,,,
0363010000543764,3,13,2017-04-01T14:37:18,,,,,False,0363200000006575,SRID=28992;POINT (124356 486167),58,,Verblijfsobject in gebruik,2017-03-31T00:00:00,,2017-03-31,GV00003372_AC00AC,,,,,,0,1,,,2,,,,,,,,,03630980000345,,,Muteren naar aanleiding van signalering,
0363010000543765,4,16,2019-10-18T22:10:58,,,,,False,0363200000006576,SRID=28992;POINT (124356 486167),56,,Verblijfsobject in gebruik,2019-10-18T00:00:00,,2019-10-18,GV00005304,,,,,,1,1,,,3,,,,,,,,,03630980000345,,,Muteren naar aanleiding van signalering,
0363010000543766,1,8,2010-11-04T21:58:02,,,,,False,0363200000006577,SRID=28992;POINT (124356 486167),55,,Verblijfsobject in gebruik,2010-09-09T00:00:00,,2010-09-09,GV00000406,,,,,,2,1,,,3,,,,,,,,,03630980000345,,,,
0363010000543767,1,7,2010-11-04T21:58:02,,,,,False,0363200000006578,SRID=28992;POINT (124356 486167),55,,Verblijfsobject in gebruik,2010-09-09T00:00:00,,2010-09-09,GV00000406,,,,,,3,1,,,3,,,,,,,,,03630980000345,,,,
0363010000543768,1,7,2010-11-04T21:58:03,,,,,False,0363200000006579,SRID=28992;POINT (124416 486190),40,,Verblijfsobject in gebruik,2010-09-09T00:00:00,,2010-09-09,GV00000406,,,,,,0,1,,,2,,,,,,,,,03630980000345,,,,
0363010000543769,2,10,2013-02-05T03:52:45,,,,,False,0363200000006580,SRID=28992;POINT (124416 486190),41,,Verblijfsobject in gebruik,2013-02-04T00:00:00,,2013-02-04,GV00001616_AC00AC,,,,,,1,1,,,2,,,,,,,,,03630980000345,,,Muteren naar aanleiding van signalering,
0363010000543770,2,10,2013-02-05T03:52:46,,,,,False,0363200000006581,SRID=28992;POINT (124416 486190),41,,Verblijfsobject in gebruik,2013-02-04T00:00:00,,2013-02-04,GV00001616_AC00AC,,,,,,2,1,,,2,,,,,,,,,03630980000345,,,Muteren naar aanleiding van signalering,
0363010000543771,1,7,2010-11-04T21:58:03,,,,,False,0363200000006582,SRID=28992;POINT (124416 486190),45,,Verblijfsobject in gebruik,2010-09-09T00:00:00,,2010-09-09,GV00000406,,,,,,3,1,,,2,,,,,,,,,03630980000345,,,,
0363010000543772,2,13,2017-04-01T08:12:15,,,,,False,0363200000006583,SRID=28992;POINT (124363 486167),58,,Verblijfsobject in gebruik,2017-03-31T00:00:00,,2017-03-31,GV00003372_AC00AC,,,,,,0,1,,,2,,,,,,,,,03630980000345,,,Muteren naar aanleiding van signalering,
0363010000543773,3,13,2017-04-01T14:37:22,,,,,False,0363200000006584,SRID=28992;POINT (124363 486167),59,,Verblijfsobject in gebruik,2017-03-31T00:00:00,,2017-03-31,GV00003372_AC00AC,,,,,,1,1,,,3,,,,,,,,,03630980000345,,,Muteren naar aanleiding van signalering,
0363010000543774,1,8,2010-11-04T21:58:03,,,,,False,0363200000006585,SRID=28992;POINT (124363 486167),55,,Verblijfsobject in gebruik,2010-09-09T00:00:00,,2010-09-09,GV00000406,,,,,,2,1,,,3,,,,,,,,,03630980000345,,,,
0363010000543775,4,16,2019-10-18T22:10:59,,,,,False,0363200000006586,SRID=28992;POINT (124363 486167),55,,Verblijfsobject in gebruik,2019-10-18T00:00:00,,2019-10-18,GV00005304,,,,,,3,1,,,3,,,,,,,,,03630980000345,,,Muteren naar aanleiding van signalering,
0363010000543776,2,10,2019-10-18T20:51:41,,,,,False,0363200000006587,SRID=28992;POINT (124422 486189),50,,Verblijfsobject in gebruik,2019-10-18T00:00:00,,2019-10-18,GV00005304,,,,,,0,1,,,3,,,,,,,,,03630980000345,,,,
0363010000543777,2,10,2013-02-05T03:52:51,,,,,False,0363200000006588,SRID=28992;POINT (124422 486189),54,,Verblijfsobject in gebruik,2013-02-04T00:00:00,,2013-02-04,GV00001616_AC00AC,,,,,,1,1,,,3,,,,,,,,,03630980000345,,,Muteren naar aanleiding van signalering,
0363010000543778,1,7,2010-11-04T21:58:04,,,,,False,0363200000006589,SRID=28992;POINT (124422 486189),54,,Verblijfsobject in gebruik,2010-09-09T00:00:00,,2010-09-09,GV00000406,,,,,,2,1,,,3,,,,,,,,,03630980000345,,,,
0363010000543779,2,10,2013-02-05T04:02:04,,,,,False,0363200000006590,SRID=28992;POINT (124422 486189),59,,Verblijfsobject in gebruik,2013-02-04T00:00:00,,2013-02-04,GV00001616_AC00AC,,,,,,3,1,,,2,,,,,,,,,03630980000345,,,Muteren naar aanleiding van signalering,
0363010000543780,3,13,2017-04-01T08:12:19,,,,,False,0363200000006591,SRID=28992;POINT (124368 486168),60,,Verblijfsobject in gebruik,2017-03-31T00:00:00,,2017-03-31,GV00003372_AC00AC,,,,,,0,1,,,3,,,,,,,,,03630980000345,,,Muteren naar aanleiding van signalering,
0363010000543781,3,12,2017-04-01T08:35:43,,,,,False,0363200000006592,SRID=28992;POINT (124368 486168),59,,Verblijfsobject in gebruik,2017-03-31T00:00:00,,2017-03-31,GV00003372_AC00AC,,,,,,1,1,,,2,,,,,,,,,03630980000345,,,Muteren naar aanleiding van signalering,
0363010000543782,2,11,2013-02-05T04:02:10,,,,,False,0363200000006593,SRID=28992;POINT (124368 486168),55,,Verblijfsobject in gebruik,2013-02-04T00:00:00,,2013-02-04,GV00001616_AC00AC,,,,,,2,1,,,2,,,,,,,,,03630980000345,,,Muteren naar aanleiding van signalering,
0363010000543783,3,13,2017-04-01T08:12:24,,,,,False,0363200000006594,SRID=28992;POINT (124368 486168),126,,Verblijfsobject in gebruik,2017-03-31T00:00:00,,2017-03-31,GV00003372_AC00AC,,,,,,3,2,,,4,,,,,,,,,03630980000345,,,Muteren naar aanleiding van signalering,
0363010000543784,2,10,2013-02-05T04:02:13,,,,,False,0363200000006595,SRID=28992;POINT (124428 486189),40,,Verblijfsobject in gebruik,2013-02-04T00:00:00,,2013-02-04,GV00001616_AC00AC,,,,,,0,1,,,2,,,,,,,,,03630980000345,,,Muteren naar aanleiding van signalering,
0363010000543785,2,10,2013-02-05T04:02:15,,,,,False,0363200000006596,SRID=28992;POINT (124428 486189),44,,Verblijfsobject in gebruik,2013-02-04T00:00:00,,2013-02-04,GV00001616_AC00AC,,,,,,1,1,,,2,,,,,,,,,03630980000345,,,Muteren naar aanleiding van signalering,
0363010000543786,2,10,2013-02-05T04:02:17,,,,,False,0363200000006597,SRID=28992;POINT (124428 486189),44,,Verblijfsobject in gebruik,2013-02-04T00:00:00,,2013-02-04,GV00001616_AC00AC,,,,,,2,1,,,2,,,,,,,,,03630980000345,,,Muteren naar aanleiding van signalering,
0363010000543787,1,7,2010-11-04T21:58:05,,,,,False,0363200000006598,SRID=28992;POINT (124428 486189),47,,Verblijfsobject in gebruik,2010-09-09T00:00:00,,2010-09-09,GV00000406,,,,,,3,1,,,2,,,,,,,,,03630980000345,,,,
0363010000543788,3,12,2017-04-01T08:35:48,,,,,False,0363200000006599,SRID=28992;POINT (124374 486168),54,,Verblijfsobject in gebruik,2017-03-31T00:00:00,,2017-03-31,GV00003372_AC00AC,,,,,,0,1,,,2,,,,,,,,,03630980000345,,,Muteren naar aanleiding van signalering,
0363010000543789,3,13,2017-04-01T11:49:14,,,,,False,0363200000006600,SRID=28992;POINT (124374 486168),53,,Verblijfsobject in gebruik,2017-03-31T00:00:00,,2017-03-31,GV00003372_AC00AC,,,,,,0,1,,,2,,,,,,,,,03630980000345,,,Muteren naar aanleiding van signalering,
0363010000543790,3,13,2017-04-01T15:56:43,,,,,False,0363200000006601,SRID=28992;POINT (124374 486168),53,,Verblijfsobject in gebruik,2017-03-31T00:00:00,,2017-03-31,GV00003372_AC00AC,,,,,,0,1,,,2,,,,,,,,,03630980000345,,,Muteren naar aanleiding van signalering,
0363010000543791,3,12,2017-04-01T17:00:47,,,,,False,0363200000006602,SRID=28992;POINT (124374 486168),53,,Verblijfsobject in gebruik,2017-03-31T00:00:00,,2017-03-31,GV00003372_AC00AC,,,,,,0,1,,,2,,,,,,,,,03630980000345,,,Muteren naar aanleiding van signalering,
0363010000543796,3,12,2017-04-01T10:07:03,,,,,False,0363200000006607,SRID=28992;POINT (124379 486168),53,,Verblijfsobject in gebruik,2017-03-31T00:00:00,,2017-03-31,GV00003372_AC00AC,,,,,,0,1,,,2,,,,,,,,,03630980000345,,,Muteren naar aanleiding van signalering,
0363010000543797,3,12,2017-04-01T17:00:53,,,,,False,0363200000006608,SRID=28992;POINT (124379 486168),53,,Verblijfsobject in gebruik,2017-03-31T00:00:00,,2017-03-31,GV00003372_AC00AC,,,,,,0,1,,,2,,,,,,,,,03630980000345,,,Muteren naar aanleiding van signalering,
0363010000543798,3,13,2017-04-01T07:50:49,,,,,False,0363200000006609,SRID=28992;POINT (124379 486168),53,,Verblijfsobject in gebruik,2017-03-31T00:00:00,,2017-03-31,GV00003372_AC00AC,,,,,,0,1,,,2,,,,,,,,,03630980000345,,,Muteren naar aanleiding van signalering,
0363010000543799,3,12,2017-04-01T17:00:58,,,,,False,0363200000006610,SRID=28992;POINT (124379 486168),53,,Verblijfsobject in gebruik,2017-03-31T00:00:00,,2017-03-31,GV00003372_AC00AC,,,,,,0,1,,,2,,,,,,,,,03630980000345,,,Muteren naar aanleiding van signalering,
0363010000543806,3,12,2017-04-01T10:07:08,,,,,False,0363200000006617,SRID=28992;POINT (124385 486168),52,,Verblijfsobject in gebruik,2017-03-31T00:00:00,,2017-03-31,GV00003372_AC00AC,,,,,,0,1,,,2,,,,,,,,,03630980000345,,,Muteren naar aanleiding van signalering,
0363010000543807,3,12,2017-04-01T17:01:03,,,,,False,0363200000006618,SRID=28992;POINT (124385 486168),52,,Verblijfsobject in gebruik,2017-03-31T00:00:00,,2017-03-31,GV00003372_AC00AC,,,,,,0,1,,,2,,,,,,,,,03630980000345,,,Muteren naar aanleiding van signalering,
0363010000543836,3,13,2017-04-01T05:54:50,,,,,False,0363200000006647,SRID=28992;POINT (124406 486168),47,,Verblijfsobject in gebruik,2017-03-31T00:00:00,,2017-03-31,GV00003372_AC00AC,,,,,,0,1,,,2,,,,,,,,,03630980000345,,,Muteren naar aanleiding van signalering,
0363010000543837,3,13,2017-04-01T07:30:34,,,,,False,0363200000006648,SRID=28992;POINT (124406 486168),43,,Verblijfsobject in gebruik,2017-03-31T00:00:00,,2017-03-31,GV00003372_AC00AC,,,,,,1,1,,,2,,,,,,,,,03630980000345,,,Muteren naar aanleiding van signalering,
0363010000543838,3,13,2017-04-01T18:54:38,,,,,False,0363200000006649,SRID=28992;POINT (124406 486168),46,,Verblijfsobject in gebruik,2017-03-31T00:00:00,,2017-03-31,GV00003372_AC00AC,,,,,,2,1,,,2,,,,,,,,,03630980000345,,,Muteren naar aanleiding van signalering,
0363010000543839,4,16,2019-10-18T19:43:30,,,,,False,0363200000006650,SRID=28992;POINT (124406 486168),52,,Verblijfsobject in gebruik,2019-10-18T00:00:00,,2019-10-18,GV00005304,,,,,,3,1,,,2,,,,,,,,,03630980000345,,,Muteren naar aanleiding van signalering,
0363010000543844,2,11,2017-04-01T14:43:28,,,,,False,0363200000006655,SRID=28992;POINT (124413 486168),47,,Verblijfsobject in gebruik,2017-03-31T00:00:00,,2017-03-31,GV00003372_AC00AC,,,,,,0,1,,,2,,,,,,,,,03630980000345,,,Muteren naar aanleiding van signalering,
0363010000543845,3,13,2017-04-01T18:54:42,,,,,False,0363200000006656,SRID=28992;POINT (124413 486168),44,,Verblijfsobject in gebruik,2017-03-31T00:00:00,,2017-03-31,GV00003372_AC00AC,,,,,,1,1,,,2,,,,,,,,,03630980000345,,,Muteren naar aanleiding van signalering,
0363010000543846,3,13,2017-04-01T10:38:23,,,,,False,0363200000006657,SRID=28992;POINT (124413 486168),47,,Verblijfsobject in gebruik,2017-03-31T00:00:00,,2017-03-31,GV00003372_AC00AC,,,,,,2,1,,,2,,,,,,,,,03630980000345,,,Muteren naar aanleiding van signalering,
0363010000543847,3,13,2017-04-01T18:54:46,,,,,False,0363200000006658,SRID=28992;POINT (124413 486168),46,,Verblijfsobject in gebruik,2017-03-31T00:00:00,,2017-03-31,GV00003372_AC00AC,,,,,,3,1,,,2,,,,,,,,,03630980000345,,,Muteren naar aanleiding van signalering,
0363010000543852,2,9,2017-04-01T11:14:04,,,,,False,0363200000006663,SRID=28992;POINT (124418 486169),69,,Verblijfsobject in gebruik,2017-03-31T00:00:00,,2017-03-31,GV00003372_AC00AC,,,,,,0,1,,,2,,,,,,,,,03630980000345,,,,
0363010000543853,3,13,2017-04-01T17:26:59,,,,,False,0363200000006664,SRID=28992;POINT (124420 486169),45,,Verblijfsobject in gebruik,2017-03-31T00:00:00,,2017-03-31,GV00003372_AC00AC,,,,,,1,1,,,2,,,,,,,,,03630980000345,,,Muteren naar aanleiding van signalering,
0363010000543854,3,12,2017-04-01T12:45:47,,,,,False,0363200000006665,SRID=28992;POINT (124419 486168),47,,Verblijfsobject in gebruik,2017-03-31T00:00:00,,2017-03-31,GV00003372_AC00AC,,,,,,2,1,,,2,,,,,,,,,03630980000345,,,Muteren naar aanleiding van signalering,
0363010000543855,3,13,2017-04-01T07:50:54,,,,,False,0363200000006666,SRID=28992;POINT (124418 486165),47,,Verblijfsobject in gebruik,2017-03-31T00:00:00,,2017-03-31,GV00003372_AC00AC,,,,,,3,1,,,2,,,,,,,,,03630980000345,,,Muteren naar aanleiding van signalering,
0363010000543864,3,14,2017-04-01T01:40:24,,,,,False,0363200000006675,SRID=28992;POINT (124431 486168),47,,Verblijfsobject in gebruik,2017-03-31T00:00:00,,2017-03-31,GV00003372_AC00AC,,,,,,0,1,,,2,,,,,,,,,03630980000345,,,Muteren naar aanleiding van signalering,
0363010000543865,3,13,2017-04-01T10:38:30,,,,,False,0363200000006676,SRID=28992;POINT (124431 486168),43,,Verblijfsobject in gebruik,2017-03-31T00:00:00,,2017-03-31,GV00003372_AC00AC,,,,,,1,1,,,2,,,,,,,,,03630980000345,,,Muteren naar aanleiding van signalering,
0363010000543866,3,13,2017-04-01T16:01:02,,,,,False,0363200000006677,SRID=28992;POINT (124431 486168),46,,Verblijfsobject in gebruik,2017-03-31T00:00:00,,2017-03-31,GV00003372_AC00AC,,,,,,2,1,,,2,,,,,,,,,03630980000345,,,Muteren naar aanleiding van signalering,
0363010000543867,4,16,2019-10-18T20:03:17,,,,,False,0363200000006678,SRID=28992;POINT (124431 486168),50,,Verblijfsobject in gebruik,2019-10-18T00:00:00,,2019-10-18,GV00005304,,,,,,3,1,,,2,,,,,,,,,03630980000345,,,Muteren naar aanleiding van signalering,
0363010000543868,3,12,2026-05-19T12:54:46.853000,,,,,False,0363200000006679,SRID=28992;POINT (124437 486170),70,,Verblijfsobject in gebruik,2026-05-19T00:00:00,,2026-05-19,GV00008033,,,,,,0,1,,,2,,,,,,,,,03630980000345,,,,
0363010000543869,3,14,2017-04-01T00:07:05,,,,,False,0363200000006680,SRID=28992;POINT (124437 486170),44,,Verblijfsobject in gebruik,2017-03-31T00:00:00,,2017-03-31,GV00003372_AC00AC,,,,,,1,1,,,2,,,,,,,,,03630980000345,,,Muteren naar aanleiding van signalering,
0363010000543870,3,14,2017-04-01T08:12:45,,,,,False,0363200000006681,SRID=28992;POINT (124437 486170),44,,Verblijfsobject in gebruik,2017-03-31T00:00:00,,2017-03-31,GV00003372_AC00AC,,,,,,2,1,,,2,,,,,,,,,03630980000345,,,Muteren naar aanleiding van signalering,
0363010000543871,3,13,2017-04-01T16:01:06,,,,,False,0363200000006682,SRID=28992;POINT (124437 486170),44,,Verblijfsobject in gebruik,2017-03-31T00:00:00,,2017-03-31,GV00003372_AC00AC,,,,,,3,1,,,2,,,,,,,,,03630980000345,,,Muteren naar aanleiding van signalering,
0363010000543873,2,11,2017-04-01T08:12:50,,,,,False,0363200000006683,SRID=28992;POINT (124444 486168),50,,Verblijfsobject in gebruik,2017-03-31T00:00:00,,2017-03-31,GV00003372_AC00AC,,,,,,0,1,,,2,,,,,,,,,03630980000345,,,,
0363010000543874,3,13,2017-04-01T18:52:16,,,,,False,0363200000006684,SRID=28992;POINT (124444 486168),44,,Verblijfsobject in gebruik,2017-03-31T00:00:00,,2017-03-31,GV00003372_AC00AC,,,,,,1,1,,,2,,,,,,,,,03630980000345,,,Muteren naar aanleiding van signalering,
0363010000543875,3,14,2017-03-31T23:58:38,,,,,False,0363200000006685,SRID=28992;POINT (124444 486168),44,,Verblijfsobject in gebruik,2017-03-31T00:00:00,,2017-03-31,GV00003372_AC00AC,,,,,,2,1,,,2,,,,,,,,,03630980000345,,,Muteren naar aanleiding van signalering,
0363010000543876,3,13,2017-04-01T10:38:35,,,,,False,0363200000006686,SRID=28992;POINT (124444 486168),44,,Verblijfsobject in gebruik,2017-03-31T00:00:00,,2017-03-31,GV00003372_AC00AC,,,,,,3,1,,,2,,,,,,,,,03630980000345,,,Muteren naar aanleiding van signalering,
0363010000543879,3,13,2017-04-01T10:38:40,,,,,False,0363200000006689,SRID=28992;POINT (124449 486168),44,,Verblijfsobject in gebruik,2017-03-31T00:00:00,,2017-03-31,GV00003372_AC00AC,,,,,,2,1,,,2,,,,,,,,,03630980000345,,,Muteren naar aanleiding van signalering,
0363010000543880,7,21,2025-12-15T09:03:32.975000,,,,,False,0363200000006690,SRID=28992;POINT (124449 486168),116,,Verblijfsobject in gebruik,2025-12-15T00:00:00,,2025-12-15,SM2024051300826_OV00ML,,,,,,3,2,5,3,3,,,,,,,,,03630980000345,,,Melding of waarneming verbouwing gereed,
0363010000543881,2,12,2017-04-01T08:12:55,,,,,False,0363200000006691,SRID=28992;POINT (124456 486168),57,,Verblijfsobject in gebruik,2017-03-31T00:00:00,,2017-03-31,GV00003372_AC00AC,,,,,,0,1,,,2,,,,,,,,,03630980000345,,,,
0363010000543882,4,16,2019-10-18T20:03:10,,,,,False,0363200000006692,SRID=28992;POINT (124456 486168),50,,Verblijfsobject in gebruik,2019-10-18T00:00:00,,2019-10-18,GV00005304,,,,,,1,1,,,2,,,,,,,,,03630980000345,,,Muteren naar aanleiding van signalering,
0363010000543883,4,16,2019-10-18T19:43:34,,,,,False,0363200000006693,SRID=28992;POINT (124456 486168),50,,Verblijfsobject in gebruik,2019-10-18T00:00:00,,2019-10-18,GV00005304,,,,,,2,1,,,2,,,,,,,,,03630980000345,,,Muteren naar aanleiding van signalering,
0363010000543884,4,16,2019-10-18T20:03:11,,,,,False,0363200000006694,SRID=28992;POINT (124456 486168),50,,Verblijfsobject in gebruik,2019-10-18T00:00:00,,2019-10-18,GV00005304,,,,,,3,1,,,2,,,,,,,,,03630980000345,,,Muteren naar aanleiding van signalering,
0363010000543885,2,10,2017-04-01T10:47:33,,,,,False,0363200000006695,SRID=28992;POINT (124461 486169),46,,Verblijfsobject in gebruik,2017-03-31T00:00:00,,2017-03-31,GV00003372_AC00AC,,,,,,0,1,,,2,,,,,,,,,03630980000345,,,,
0363010000543886,3,14,2017-04-01T08:13:00,,,,,False,0363200000006696,SRID=28992;POINT (124461 486169),44,,Verblijfsobject in gebruik,2017-03-31T00:00:00,,2017-03-31,GV00003372_AC00AC,,,,,,1,1,,,2,,,,,,,,,03630980000345,,,Muteren naar aanleiding van signalering,
0363010000543887,2,11,2013-02-05T04:21:27,,,,,False,0363200000006697,SRID=28992;POINT (124461 486169),47,,Verblijfsobject in gebruik,2013-02-04T00:00:00,,2013-02-04,GV00001616_AC00AC,,,,,,2,1,,,2,,,,,,,,,03630980000345,,,Muteren naar aanleiding van signalering,
0363010000543888,2,10,2013-02-05T04:21:28,,,,,False,0363200000006698,SRID=28992;POINT (124461 486169),47,,Verblijfsobject in gebruik,2013-02-04T00:00:00,,2013-02-04,GV00001616_AC00AC,,,,,,3,1,,,2,,,,,,,,,03630980000345,,,Muteren naar aanleiding van signalering,
0363010000543889,2,10,2017-04-01T14:26:16,,,,,False,0363200000006699,SRID=28992;POINT (124467 486169),46,,Verblijfsobject in gebruik,2017-03-31T00:00:00,,2017-03-31,GV00003372_AC00AC,,,,,,0,1,,,2,,,,,,,,,03630980000345,,,,
0363010000543890,3,13,2017-04-01T17:32:25,,,,,False,0363200000006700,SRID=28992;POINT (124467 486169),43,,Verblijfsobject in gebruik,2017-03-31T00:00:00,,2017-03-31,GV00003372_AC00AC,,,,,,1,1,,,2,,,,,,,,,03630980000345,,,Muteren naar aanleiding van signalering,
0363010000543891,4,16,2019-10-18T20:03:09,,,,,False,0363200000006701,SRID=28992;POINT (124467 486169),50,,Verblijfsobject in gebruik,2019-10-18T00:00:00,,2019-10-18,GV00005304,,,,,,2,1,,,2,,,,,,,,,03630980000345,,,Muteren naar aanleiding van signalering,
0363010000543892,4,16,2019-10-18T20:03:12,,,,,False,0363200000006702,SRID=28992;POINT (124467 486169),50,,Verblijfsobject in gebruik,2019-10-18T00:00:00,,2019-10-18,GV00005304,,,,,,3,1,,,2,,,,,,,,,03630980000345,,,Muteren naar aanleiding van signalering,
0363010000543893,2,10,2013-02-05T04:21:35,,,,,False,0363200000006704,SRID=28992;POINT (124473 486169),50,,Verblijfsobject in gebruik,2013-02-04T00:00:00,,2013-02-04,GV00001616_AC00AC,,,,,,1,1,,,3,,,,,,,,,03630980000345,,,Muteren naar aanleiding van signalering,
0363010000543894,2,10,2013-02-05T04:21:36,,,,,False,0363200000006705,SRID=28992;POINT (124473 486169),50,,Verblijfsobject in gebruik,2013-02-04T00:00:00,,2013-02-04,GV00001616_AC00AC,,,,,,2,1,,,3,,,,,,,,,03630980000345,,,Muteren naar aanleiding van signalering,
0363010000543895,2,10,2013-02-05T04:21:38,,,,,False,0363200000006706,SRID=28992;POINT (124473 486169),50,,Verblijfsobject in gebruik,2013-02-04T00:00:00,,2013-02-04,GV00001616_AC00AC,,,,,,3,1,,,3,,,,,,,,,03630980000345,,,Muteren naar aanleiding van signalering,
0363010000543896,2,10,2013-02-05T04:21:40,,,,,False,0363200000006708,SRID=28992;POINT (124479 486169),50,,Verblijfsobject in gebruik,2013-02-04T00:00:00,,2013-02-04,GV00001616_AC00AC,,,,,,1,1,,,3,,,,,,,,,03630980000345,,,Muteren naar aanleiding van signalering,
0363010000543897,2,10,2013-02-05T04:21:41,,,,,False,0363200000006709,SRID=28992;POINT (124479 486169),50,,Verblijfsobject in gebruik,2013-02-04T00:00:00,,2013-02-04,GV00001616_AC00AC,,,,,,2,1,,,3,,,,,,,,,03630980000345,,,Muteren naar aanleiding van signalering,
0363010000543898,2,10,2013-02-05T04:21:43,,,,,False,0363200000006710,SRID=28992;POINT (124479 486169),50,,Verblijfsobject in gebruik,2013-02-04T00:00:00,,2013-02-04,GV00001616_AC00AC,,,,,,3,1,,,3,,,,,,,,,03630980000345,,,Muteren naar aanleiding van signalering,
0363010000543899,1,7,2010-11-04T21:58:13,,,,,False,0363200000006711,SRID=28992;POINT (124485 486169),62,,Verblijfsobject in gebruik,2010-09-09T00:00:00,,2010-09-09,GV00000406,,,,,,2,1,,,3,,,,,,,,,03630980000345,,,,
0363010000543900,1,7,2010-11-04T21:58:13,,,,,False,0363200000006712,SRID=28992;POINT (124485 486169),62,,Verblijfsobject in gebruik,2010-09-09T00:00:00,,2010-09-09,GV00000406,,,,,,3,1,,,3,,,,,,,,,03630980000345,,,,
0363010000543901,1,7,2010-11-04T21:58:13,,,,,False,0363200000006713,SRID=28992;POINT (124495 486168),83,,Verblijfsobject in gebruik,2010-09-09T00:00:00,,2010-09-09,GV00000406,,,,,,2,1,,,4,,,,,,,,,03630980000345,,,,
0363010000543902,1,7,2010-11-04T21:58:13,,,,,False,0363200000006714,SRID=28992;POINT (124495 486168),83,,Verblijfsobject in gebruik,2010-09-09T00:00:00,,2010-09-09,GV00000406,,,,,,3,1,,,4,,,,,,,,,03630980000345,,,,
0363010000543905,4,17,2022-12-12T15:50:17.005000,,,,,False,0363200000006717,SRID=28992;POINT (120545 487524),60,,Verblijfsobject in gebruik,2022-11-22T00:00:00,,2022-11-22,SA07110751_OV00ML,,,,,,0,1,0,0,,,,,,,,,,03630980000031,,,Melding of waarneming verbouwing gereed,
0363010000543906,1,7,2010-11-04T21:58:13,,,,,False,0363200000006718,SRID=28992;POINT (120545 487524),52,,Verblijfsobject in gebruik,2010-09-09T00:00:00,,2010-09-09,GV00000406,,,,,,1,1,,,3,,,,,,,,,03630980000031,,,,
0363010000543907,1,7,2010-11-04T21:58:13,,,,,False,0363200000006719,SRID=28992;POINT (120545 487524),32,,Verblijfsobject in gebruik,2010-09-09T00:00:00,,2010-09-09,GV00000406,,,,,,1,1,,,2,,,,,,,,,03630980000031,,,,
0363010000543908,2,10,2013-02-05T04:21:44,,,,,False,0363200000006720,SRID=28992;POINT (120545 487524),52,,Verblijfsobject in gebruik,2013-02-04T00:00:00,,2013-02-04,GV00001616_AC00AC,,,,,,2,1,,,2,,,,,,,,,03630980000031,,,Muteren naar aanleiding van signalering,
0363010000543909,1,8,2010-11-04T21:58:14,,,,,False,0363200000006721,SRID=28992;POINT (120545 487524),32,,Verblijfsobject in gebruik,2010-09-09T00:00:00,,2010-09-09,GV00000406,,,,,,2,1,,,2,,,,,,,,,03630980000031,,,,
0363010000543910,1,8,2010-11-04T21:58:14,,,,,False,0363200000006722,SRID=28992;POINT (120557 487527),67,,Verblijfsobject in gebruik,2010-09-09T00:00:00,,2010-09-09,GV00000406,,,,,,,,,,,,,,,,,,,03630980000031,,,,
0363010000543911,1,8,2010-11-04T21:58:14,,,,,False,0363200000006723,SRID=28992;POINT (120557 487527),41,,Verblijfsobject in gebruik,2010-09-09T00:00:00,,2010-09-09,GV00000406,,,,,,1,1,,,3,,,,,,,,,03630980000031,,,,
0363010000543912,1,8,2010-11-04T21:58:14,,,,,False,0363200000006724,SRID=28992;POINT (120557 487527),53,,Verblijfsobject in gebruik,2010-09-09T00:00:00,,2010-09-09,GV00000406,,,,,,2,2,,,5,,,,,,,,,03630980000031,,,,
0363010000543920,1,8,2010-11-04T21:58:14,,,,,False,0363200000006737,SRID=28992;POINT (120552 487508),24,,Verblijfsobject in gebruik,2010-09-09T00:00:00,,2010-09-09,GV00000406,,,,,,,,,,,,,,,,,,,03630980000031,,,,
0363010000543921,1,7,2010-11-04T21:58:14,,,,,False,0363200000006738,SRID=28992;POINT (120552 487508),67,,Verblijfsobject in gebruik,2010-09-09T00:00:00,,2010-09-09,GV00000406,,,,,,1,3,,,2,,,,,,,,,03630980000031,,,,
0363010000543922,1,9,2010-11-04T21:58:14,,,,,False,0363200000006739,SRID=28992;POINT (120562 487513),40,,Verblijfsobject in gebruik,2010-09-09T00:00:00,,2010-09-09,GV00000406,,,,,,,,,,,,,,,,,,,03630980000031,,,Muteren naar aanleiding van signalering,
0363010000543923,3,14,2014-11-19T11:27:47,,,,,False,0363200000006740,SRID=28992;POINT (120562 487513),84,,Verblijfsobject in gebruik,2014-11-13T00:00:00,,2014-11-13,SA01300127,,,,,,0,3,3,1,4,,,,,,,,,03630980000031,,,Kleine verbouwing object,
0363010000543924,1,8,2010-11-04T21:58:15,,,,,False,0363200000006741,SRID=28992;POINT (120554 487504),96,,Verblijfsobject in gebruik,2010-09-09T00:00:00,,2010-09-09,GV00000406,,,,,,,,,,,,,,,,,,,03630980000031,,,,
0363010000543926,1,8,2010-11-04T21:58:15,,,,,False,0363200000006743,SRID=28992;POINT (120573 487482),34,,Verblijfsobject in gebruik,2010-09-09T00:00:00,,2010-09-09,GV00000406,,,,,,,,,,,,,,,,,,,03630980000031,,,,
0363010000543935,1,8,2010-11-04T21:58:15,,,,,False,0363200000006755,SRID=28992;POINT (120578 487468),29,,Verblijfsobject in gebruik,2010-09-09T00:00:00,,2010-09-09,GV00000406,,,,,,,,,,,,,,,,,,,03630980000031,,,,
0363010000543936,1,7,2010-11-04T21:58:15,,,,,False,0363200000006756,SRID=28992;POINT (120578 487468),30,,Verblijfsobject in gebruik,2010-09-09T00:00:00,,2010-09-09,GV00000406,,,,,,1,1,,,1,,,,,,,,,03630980000031,,,,
0363010000543938,2,9,2013-02-23T05:00:25,,,,,False,0363200000442593,SRID=28992;POINT (120923 488733),137,,Verblijfsobject in gebruik,2013-02-23T00:00:00,,2013-02-04,GV00001616_AC00AC,,,,,,2,1,,,2,,,,,,,,,03630980000020,,,Muteren naar aanleiding van signalering,
0363010000543939,2,9,2013-02-23T05:13:17,,,,,False,0363200000442594,SRID=28992;POINT (120923 488733),128,,Verblijfsobject in gebruik,2013-02-23T00:00:00,,2013-02-04,GV00001616_AC00AC,,,,,,3,1,,,2,,,,,,,,,03630980000020,,,Muteren naar aanleiding van signalering,
0363010000543940,1,8,2010-11-04T21:58:16,,,,,False,0363200000415656,SRID=28992;POINT (122289 487320),81,,Verblijfsobject in gebruik,2010-09-09T00:00:00,,2010-09-09,GV00000406,,,,,,2,1,,,1,,,,,,,,,03630980000055,,,,
0363010000543941,3,14,2019-10-18T23:49:49,,,,,False,0363200000457499,SRID=28992;POINT (121890 485281),90,,Verblijfsobject in gebruik,2019-10-18T00:00:00,,2019-10-18,GV00005304,,,,,,1,1,,,3,,,,,,,,,03630980000274,,,Muteren naar aanleiding van signalering,
0363010000543942,1,10,2010-11-04T21:58:16,,,,,False,0363200000457501,SRID=28992;POINT (121890 485281),94,,Verblijfsobject in gebruik,2010-09-09T00:00:00,,2010-09-09,GV00000406,,Complex met onzelfstandige woonruimten,,,4,2,1,,,4,,,,,,,,,03630980000274,,,,
0363010000543944,1,8,2010-11-04T21:58:16,,,,,False,0363200000006760,SRID=28992;POINT (120570 487459),68,,Verblijfsobject in gebruik,2010-09-09T00:00:00,,2010-09-09,GV00000406,,,,,,1,2,,,4,,,,,,,,,03630980000031,,,Muteren naar aanleiding van signalering,
0363010000543945,3,12,2025-10-03T09:40:46.004000,,,,,False,0363200000006763,SRID=28992;POINT (120571 487454),47,,Verblijfsobject in gebruik,2025-10-03T00:00:00,,2025-10-03,GV00007717,,,,,,1,1,1,1,2,,,,,,,,,03630980000031,,,Muteren naar aanleiding van signalering,
0363010000543946,2,11,2013-02-05T04:21:50,,,,,False,0363200000006764,SRID=28992;POINT (120571 487454),50,,Verblijfsobject in gebruik,2013-02-04T00:00:00,,2013-02-04,GV00001616_AC00AC,,,,,,2,1,2,2,2,,,,,,,,,03630980000031,,,Muteren naar aanleiding van signalering,
0363010000543950,1,7,2010-11-04T21:58:17,,,,,False,0363200000006771,SRID=28992;POINT (122278 485691),66,,Verblijfsobject in gebruik,2010-09-09T00:00:00,,2010-09-09,GV00000406,,,,,,2,1,,,3,,,,,,,,,03630980000332,,,,
0363010000543951,2,10,2013-02-05T04:21:51,,,,,False,0363200000006772,SRID=28992;POINT (122278 485691),110,,Verblijfsobject in gebruik,2013-02-04T00:00:00,,2013-02-04,GV00001616_AC00AC,,,,,,3,2,,,4,,,,,,,,,03630980000332,,,Muteren naar aanleiding van signalering,
0363010000543952,2,11,2017-04-01T13:05:55,,,,,False,0363200000006773,SRID=28992;POINT (122272 485668),44,,Verblijfsobject in gebruik,2017-03-31T00:00:00,,2017-03-31,GV00003372_AC00AC,,,,,,0,1,,,2,,,,,,,,,03630980000332,,,,
0363010000543953,1,8,2010-11-04T21:58:17,,,,,False,0363200000006774,SRID=28992;POINT (122272 485668),1,,Verblijfsobject in gebruik,2010-09-09T00:00:00,,2010-09-09,GV00000406,,,,,,,,,,,,,,,,,,,03630980000332,,,,
0363010000543954,2,10,2017-04-01T10:24:25,,,,,False,0363200000006775,SRID=28992;POINT (122272 485668),44,,Verblijfsobject in gebruik,2017-03-31T00:00:00,,2017-03-31,GV00003372_AC00AC,,,,,,1,1,,,2,,,,,,,,,03630980000332,,,,
0363010000543955,1,8,2010-11-04T21:58:17,,,,,False,0363200000006776,SRID=28992;POINT (122272 485668),44,,Verblijfsobject in gebruik,2010-09-09T00:00:00,,2010-09-09,GV00000406,,,,,,2,1,,,2,,,,,,,,,03630980000332,,,,
0363010000543957,2,10,2017-04-01T10:24:29,,,,,False,0363200000006778,SRID=28992;POINT (122284 485693),65,,Verblijfsobject in gebruik,2017-03-31T00:00:00,,2017-03-31,GV00003372_AC00AC,,,,,,2,1,,,3,,,,,,,,,03630980000332,,,,
0363010000543958,1,8,2010-11-04T21:58:18,,,,,False,0363200000006779,SRID=28992;POINT (122284 485693),64,,Verblijfsobject in gebruik,2010-09-09T00:00:00,,2010-09-09,GV00000406,,,,,,3,1,,,3,,,,,,,,,03630980000332,,,Muteren naar aanleiding van signalering,
0363010000543959,1,6,2010-11-04T21:58:18,,,,,False,0363200000006780,SRID=28992;POINT (122276 485669),57,,Verblijfsobject in gebruik,2010-09-09T00:00:00,,2010-09-09,GV00000406,,,,,,,,,,,,,,,,,,,03630980000332,,,,
0363010000543960,1,7,2010-11-04T21:58:18,,,,,False,0363200000006781,SRID=28992;POINT (122276 485669),45,,Verblijfsobject in gebruik,2010-09-09T00:00:00,,2010-09-09,GV00000406,,,,,,1,1,,,2,,,,,,,,,03630980000332,,,,
0363010000543961,1,8,2010-11-04T21:58:18,,,,,False,0363200000006782,SRID=28992;POINT (122276 485669),45,,Verblijfsobject in gebruik,2010-09-09T00:00:00,,2010-09-09,GV00000406,,,,,,2,1,,,2,,,,,,,,,03630980000332,,,,
0363010000543962,5,20,2023-06-06T15:28:43.674000,,,,,False,0363200000006783,SRID=28992;POINT (122288 485695),59,,Verblijfsobject in gebruik,2023-06-06T00:00:00,,2023-06-06,SM07130891_OV00ML,,,,,,0,2,0,-1,3,,,,,,,,,03630980000332,,,Melding of waarneming verbouwing gereed,
0363010000543963,4,17,2023-06-06T15:28:43.674000,,,,,False,0363200000006784,SRID=28992;POINT (122288 485695),74,,Verblijfsobject in gebruik,2023-06-06T00:00:00,,2023-06-06,SM07130891_OV00ML,,,,,,1,1,1,1,4,,,,,,,,,03630980000332,,,Melding of waarneming verbouwing gereed,
0363010000543964,2,10,2013-02-05T04:30:57,,,,,False,0363200000006785,SRID=28992;POINT (122288 485695),65,,Verblijfsobject in gebruik,2013-02-04T00:00:00,,2013-02-04,GV00001616_AC00AC,,,,,,2,1,,,3,,,,,,,,,03630980000332,,,Muteren naar aanleiding van signalering,
0363010000543965,5,15,2025-05-28T12:53:53.056000,,,,,False,0363200000006786,SRID=28992;POINT (122288 485695),113,,Verblijfsobject in gebruik,2025-05-28T00:00:00,,2025-05-28,TM25051398_TM00AC,,,,,,3,2,4,3,4,,,,,,,,,03630980000332,,,Correctie,
0363010000543967,2,12,2013-02-05T04:30:59,,,,,False,0363200000006788,SRID=28992;POINT (122297 485697),65,,Verblijfsobject in gebruik,2013-02-04T00:00:00,,2013-02-04,GV00001616_AC00AC,,,,,,1,1,,,3,,,,,,,,,03630980000332,,,Muteren naar aanleiding van signalering,
0363010000543968,2,11,2013-02-05T04:31:00,,,,,False,0363200000006789,SRID=28992;POINT (122297 485697),65,,Verblijfsobject in gebruik,2013-02-04T00:00:00,,2013-02-04,GV00001616_AC00AC,,,,,,2,1,,,3,,,,,,,,,03630980000332,,,Muteren naar aanleiding van signalering,
0363010000543969,2,12,2017-04-01T00:07:10,,,,,False,0363200000006790,SRID=28992;POINT (122297 485697),115,,Verblijfsobject in gebruik,2017-03-31T00:00:00,,2017-03-31,GV00003372_AC00AC,,,,,,3,1,,,3,,,,,,,,,03630980000332,,,,
0363010000543970,2,9,2013-02-24T14:57:36,,,,,False,0363200000423352,SRID=28992;POINT (121991 484867),61,,Verblijfsobject in gebruik,2013-02-24T00:00:00,,2013-02-04,GV00001616_AC00AC,,,,,,3,1,,,4,,,,,,,,,03630980000277,,,Muteren naar aanleiding van signalering,
0363010000543975,1,7,2010-11-04T21:58:19,,,,,False,0363200000006794,SRID=28992;POINT (122304 485700),101,,Verblijfsobject in gebruik,2010-09-09T00:00:00,,2010-09-09,GV00000406,,,,,,0,2,,,2,,,,,,,,,03630980000332,,,,
0363010000543976,3,14,2017-04-01T00:07:14,,,,,False,0363200000006796,SRID=28992;POINT (122304 485700),51,,Verblijfsobject in gebruik,2017-03-31T00:00:00,,2017-03-31,GV00003372_AC00AC,,,,,,2,1,,,2,,,,,,,,,03630980000332,,,Muteren naar aanleiding van signalering,
0363010000543977,3,13,2017-04-01T00:54:12,,,,,False,0363200000006797,SRID=28992;POINT (122304 485700),51,,Verblijfsobject in gebruik,2017-03-31T00:00:00,,2017-03-31,GV00003372_AC00AC,,,,,,3,1,,,2,,,,,,,,,03630980000332,,,Muteren naar aanleiding van signalering,
0363010000543979,3,13,2017-04-01T18:54:51,,,,,False,0363200000006799,SRID=28992;POINT (122292 485678),46,,Verblijfsobject in gebruik,2017-03-31T00:00:00,,2017-03-31,GV00003372_AC00AC,,,,,,1,1,,,2,,,,,,,,,03630980000332,,,Muteren naar aanleiding van signalering,
0363010000543980,2,9,2017-04-01T09:55:18,,,,,False,0363200000006800,SRID=28992;POINT (122292 485678),89,,Verblijfsobject in gebruik,2017-03-31T00:00:00,,2017-03-31,GV00003372_AC00AC,,,,,,2,2,,,3,,,,,,,,,03630980000332,,,,
0363010000543985,2,10,2013-02-05T04:31:06,,,,,False,0363200000006807,SRID=28992;POINT (122297 485679),46,,Verblijfsobject in gebruik,2013-02-04T00:00:00,,2013-02-04,GV00001616_AC00AC,,,,,,2,1,,,2,,,,,,,,,03630980000332,,,Muteren naar aanleiding van signalering,
0363010000543993,2,10,2017-04-01T10:24:20,,,,,False,0363200000006814,SRID=28992;POINT (122302 485679),92,,Verblijfsobject in gebruik,2017-03-31T00:00:00,,2017-03-31,GV00003372_AC00AC,,,,,,2,1,,,2,,,,,,,,,03630980000332,,,,
0363010000543994,3,9,2025-10-03T10:14:19.692000,,,,,False,0363200000006819,SRID=28992;POINT (122306 485680),52,,Verblijfsobject in gebruik,2025-10-03T00:00:00,,2025-10-03,GV00007717,,,,,,0,1,,,1,,,,,,,,,03630980000332,,,Muteren naar aanleiding van signalering,
0363010000543995,1,7,2010-11-04T21:58:21,,,,,False,0363200000006820,SRID=28992;POINT (122306 485680),61,,Verblijfsobject in gebruik,2007-10-19T00:00:00,,2007-10-19,SU00000032,,,,,,1,3,,,2,,,,,,,,,03630980000332,,,,
0363010000543996,2,10,2013-02-05T04:31:09,,,,,False,0363200000006821,SRID=28992;POINT (122306 485680),61,,Verblijfsobject in gebruik,2013-02-04T00:00:00,,2013-02-04,GV00001616_AC00AC,,,,,,2,2,,,2,,,,,,,,,03630980000332,,,Muteren naar aanleiding van signalering,
0363010000543997,1,6,2010-11-04T21:58:21,,,,,False,0363200000435143,SRID=28992;POINT (120465 488597),60,,Verblijfsobject in gebruik,2010-09-09T00:00:00,,2010-09-09,GV00000406,,,,,,0,1,,,2,,,,,,,,,03630980000136,,,,
0363010000543998,1,6,2010-11-04T21:58:21,,,,,False,0363200000435144,SRID=28992;POINT (120451 488583),60,,Verblijfsobject in gebruik,2010-09-09T00:00:00,,2010-09-09,GV00000406,,,,,,0,1,,,2,,,,,,,,,03630980000136,,,,
0363010000543999,1,6,2010-11-04T21:58:22,,,,,False,0363200000435153,SRID=28992;POINT (120443 488576),60,,Verblijfsobject in gebruik,2010-09-09T00:00:00,,2010-09-09,GV00000406,,,,,,0,1,,,2,,,,,,,,,03630980000136,,,,
0363010000544000,1,6,2010-11-04T21:58:22,,,,,False,0363200000435154,SRID=28992;POINT (120439 488571),60,,Verblijfsobject in gebruik,2010-09-09T00:00:00,,2010-09-09,GV00000406,,,,,,0,1,,,2,,,,,,,,,03630980000136,,,,
0363010000544001,1,6,2010-11-04T21:58:22,,,,,False,0363200000435163,SRID=28992;POINT (120431 488564),60,,Verblijfsobject in gebruik,2010-09-09T00:00:00,,2010-09-09,GV00000406,,,,,,0,1,,,2,,,,,,,,,03630980000136,,,,
0363010000544002,1,6,2010-11-04T21:58:22,,,,,False,0363200000435164,SRID=28992;POINT (120427 488559),60,,Verblijfsobject in gebruik,2010-09-09T00:00:00,,2010-09-09,GV00000406,,,,,,0,1,,,2,,,,,,,,,03630980000136,,,,
0363010000544005,3,9,2025-10-03T10:14:19.775000,,,,,False,0363200000006828,SRID=28992;POINT (122311 485681),87,,Verblijfsobject in gebruik,2025-10-03T00:00:00,,2025-10-03,GV00007717,,,,,,2,2,,,3,,,,,,,,,03630980000332,,,Muteren naar aanleiding van signalering,
0363010000544006,1,8,2010-11-04T21:58:22,,,,,False,0363200000006829,SRID=28992;POINT (122330 485688),74,,Verblijfsobject in gebruik,2010-09-09T00:00:00,,2010-09-09,GV00000406,,,,,,0,,,,,,,,,,,,,03630980000332,,,Muteren naar aanleiding van signalering,
0363010000544024,1,7,2010-11-04T21:58:23,,,,,False,0363200000006847,SRID=28992;POINT (122406 485743),1,,Verblijfsobject in gebruik,2010-09-09T00:00:00,,2010-09-09,GV00000406,,,,,,,,,,,,,,,,,,,03630980000332,,,,
0363010000544025,1,7,2010-11-04T21:58:23,,,,,False,0363200000006848,SRID=28992;POINT (120783 488071),33,,Verblijfsobject in gebruik,2010-09-09T00:00:00,,2010-09-09,GV00000406,,,,,,0,4,,,3,,,,,,,,,03630980000027,,,,
0363010000544027,2,10,2013-02-05T04:31:11,,,,,False,0363200000006850,SRID=28992;POINT (120782 488078),78,,Verblijfsobject in gebruik,2013-02-04T00:00:00,,2013-02-04,GV00001616_AC00AC,,,,,,2,1,,,3,,,,,,,,,03630980000027,,,Muteren naar aanleiding van signalering,
0363010000544028,2,11,2014-12-12T12:00:43,,,,,False,0363200000006851,SRID=28992;POINT (120781 488077),123,,Verblijfsobject in gebruik,2014-12-11T00:00:00,,2014-12-11,SA01472507,,,,,,3,2,4,3,4,,,,,,,,,03630980000027,,,Kleine verbouwing object,
0363010000544029,1,8,2010-11-04T21:58:23,,,,,False,0363200000006852,SRID=28992;POINT (120768 488076),33,,Verblijfsobject in gebruik,2010-09-09T00:00:00,,2010-09-09,GV00000406,,,,,,,,,,,,,,,,,,,03630980000027,,,,
0363010000544032,2,6,2025-10-03T09:38:10.420000,,,,,False,0363200000435099,SRID=28992;POINT (120417 488550),86,,Verblijfsobject in gebruik,2025-10-03T00:00:00,,2025-10-03,GV00007717,,Rolstoeltoegankelijke woning,,,,0,1,,,2,,,,,,,,,03630980000136,,,,
0363010000544033,2,6,2025-09-19T10:21:06.108000,,,,,False,0363200000435119,SRID=28992;POINT (120485 488616),75,,Verblijfsobject in gebruik,2025-09-19T00:00:00,,2025-09-19,GV00007716,,,,,,1,1,,,3,,,,,,,,,03630980000136,,,,
0363010000544037,2,9,2013-02-05T04:31:13,,,,,False,0363200000006860,SRID=28992;POINT (120771 488068),55,,Verblijfsobject in gebruik,2013-02-04T00:00:00,,2013-02-04,GV00001616_AC00AC,,,,,,0,1,,,2,,,,,,,,,03630980000027,,,Muteren naar aanleiding van signalering,
0363010000544038,2,10,2013-02-05T04:31:15,,,,,False,0363200000006861,SRID=28992;POINT (120771 488068),55,,Verblijfsobject in gebruik,2013-02-04T00:00:00,,2013-02-04,GV00001616_AC00AC,,,,,,1,1,,,2,,,,,,,,,03630980000027,,,Muteren naar aanleiding van signalering,
0363010000544039,2,10,2013-02-05T04:31:17,,,,,False,0363200000006862,SRID=28992;POINT (120771 488068),55,,Verblijfsobject in gebruik,2013-02-04T00:00:00,,2013-02-04,GV00001616_AC00AC,,,,,,2,1,,,2,,,,,,,,,03630980000027,,,Muteren naar aanleiding van signalering,
0363010000544040,2,9,2013-02-05T04:31:18,,,,,False,0363200000006863,SRID=28992;POINT (120771 488068),55,,Verblijfsobject in gebruik,2013-02-04T00:00:00,,2013-02-04,GV00001616_AC00AC,,,,,,3,1,,,2,,,,,,,,,03630980000027,,,Muteren naar aanleiding van signalering,
0363010000544041,1,8,2010-11-04T21:58:24,,,,,False,0363200000006864,SRID=28992;POINT (120771 488064),41,,Verblijfsobject in gebruik,2010-09-09T00:00:00,,2010-09-09,GV00000406,,,,,,,,,,,,,,,,,,,03630980000027,,,Muteren naar aanleiding van signalering,
0363010000544042,1,7,2010-11-04T21:58:24,,,,,False,0363200000006865,SRID=28992;POINT (120771 488064),32,,Verblijfsobject in gebruik,2010-09-09T00:00:00,,2010-09-09,GV00000406,,,,,,1,1,,,2,,,,,,,,,03630980000027,,,,
0363010000544043,2,10,2013-02-05T04:31:20,,,,,False,0363200000006866,SRID=28992;POINT (120771 488064),31,,Verblijfsobject in gebruik,2013-02-04T00:00:00,,2013-02-04,GV00001616_AC00AC,,,,,,2,1,,,2,,,,,,,,,03630980000027,,,Muteren naar aanleiding van signalering,
0363010000544044,1,7,2010-11-04T21:58:25,,,,,False,0363200000006867,SRID=28992;POINT (120771 488064),29,,Verblijfsobject in gebruik,2010-09-09T00:00:00,,2010-09-09,GV00000406,,,,,,3,1,,,2,,,,,,,,,03630980000027,,,,
0363010000544060,2,9,2012-08-09T23:42:16,,,,,False,0363200000399830,SRID=28992;POINT (120783 488018),98,,Verblijfsobject in gebruik,2012-08-09T00:00:00,,2012-08-09,GV00001551,,,,,,0,2,,,4,,,,,,,,,03630980000027,,,Muteren naar aanleiding van signalering,
0363010000544061,2,11,2012-08-09T21:18:41,,,,,False,0363200000392552,SRID=28992;POINT (120795 488021),52,,Verblijfsobject in gebruik,2012-08-09T00:00:00,,2012-08-09,GV00001551,,,,,,0,1,,,2,,,,,,,,,03630980000027,,,Muteren naar aanleiding van signalering,
0363010000544062,3,10,2025-09-19T09:58:43.721000,,,,,False,0363200000399831,SRID=28992;POINT (120780 488018),84,,Verblijfsobject in gebruik,2025-09-19T00:00:00,,2025-09-19,GV00007716,,,,,,,2,,,4,,,,,,,,,03630980000027,,,Muteren naar aanleiding van signalering,
0363010000544063,2,9,2012-08-10T00:51:34,,,,,False,0363200000392553,SRID=28992;POINT (120796 488008),62,,Verblijfsobject in gebruik,2012-08-09T00:00:00,,2012-08-09,GV00001551,,,,,,1,1,,,3,,,,,,,,,03630980000027,,,Muteren naar aanleiding van signalering,
0363010000544065,1,6,2010-11-04T21:58:25,,,,,False,0363200000406151,SRID=28992;POINT (120785 488013),69,,Verblijfsobject in gebruik,2010-09-09T00:00:00,,2010-09-09,GV00000406,,,,,,0,4,,,3,,,,,,,,,03630980000027,,,,
0363010000544066,2,9,2012-08-09T21:19:57,,,,,False,0363200000392554,SRID=28992;POINT (120797 488020),52,,Verblijfsobject in gebruik,2012-08-09T00:00:00,,2012-08-09,GV00001551,,,,,,1,1,,,2,,,,,,,,,03630980000027,,,Muteren naar aanleiding van signalering,
0363010000544067,2,11,2012-08-09T23:42:18,,,,,False,0363200000392555,SRID=28992;POINT (120797 488020),52,,Verblijfsobject in gebruik,2012-08-09T00:00:00,,2012-08-09,GV00001551,,,,,,1,1,,,2,,,,,,,,,03630980000027,,,Muteren naar aanleiding van signalering,
0363010000544068,2,9,2013-02-23T05:00:12,,,,,False,0363200000392567,SRID=28992;POINT (120787 488008),36,,Verblijfsobject in gebruik,2013-02-23T00:00:00,,2013-02-04,GV00001616_AC00AC,,,,,,1,1,,,2,,,,,,,,,03630980000027,,,Muteren naar aanleiding van signalering,
0363010000544069,2,9,2012-08-09T21:19:58,,,,,False,0363200000392556,SRID=28992;POINT (120798 488018),62,,Verblijfsobject in gebruik,2012-08-09T00:00:00,,2012-08-09,GV00001551,,,,,,2,1,,,3,,,,,,,,,03630980000027,,,Muteren naar aanleiding van signalering,
0363010000544070,3,9,2025-09-19T10:13:43.054000,,,,,False,0363200000392568,SRID=28992;POINT (120788 488003),75,,Verblijfsobject in gebruik,2025-09-19T00:00:00,,2025-09-19,GV00007716,,,,,,1,1,,,2,,,,,,,,,03630980000027,,,Muteren naar aanleiding van signalering,
0363010000544071,2,9,2012-08-09T21:07:22,,,,,False,0363200000392557,SRID=28992;POINT (120799 488016),52,,Verblijfsobject in gebruik,2012-08-09T00:00:00,,2012-08-09,GV00001551,,,,,,2,1,,,2,,,,,,,,,03630980000027,,,Muteren naar aanleiding van signalering,
0363010000544072,2,9,2013-02-23T06:41:10,,,,,False,0363200000392569,SRID=28992;POINT (120778 487997),73,,Verblijfsobject in gebruik,2013-02-23T00:00:00,,2013-02-04,GV00001616_AC00AC,,,,,,1,1,,,4,,,,,,,,,03630980000027,,,Muteren naar aanleiding van signalering,
0363010000544073,2,11,2012-08-09T21:07:23,,,,,False,0363200000392558,SRID=28992;POINT (120794 488017),52,,Verblijfsobject in gebruik,2012-08-09T00:00:00,,2012-08-09,GV00001551,,,,,,2,1,,,2,,,,,,,,,03630980000027,,,Muteren naar aanleiding van signalering,
0363010000544074,3,9,2025-10-03T09:43:53.134000,,,,,False,0363200000392570,SRID=28992;POINT (120787 488007),59,,Verblijfsobject in gebruik,2025-10-03T00:00:00,,2025-10-03,GV00007717,,,,,,2,1,,,2,,,,,,,,,03630980000027,,,Muteren naar aanleiding van signalering,
0363010000544075,2,9,2012-08-09T21:19:59,,,,,False,0363200000392559,SRID=28992;POINT (120796 488008),62,,Verblijfsobject in gebruik,2012-08-09T00:00:00,,2012-08-09,GV00001551,,,,,,3,1,,,3,,,,,,,,,03630980000027,,,Muteren naar aanleiding van signalering,
0363010000544076,3,9,2025-10-03T09:58:22.026000,,,,,False,0363200000392571,SRID=28992;POINT (120788 488003),50,,Verblijfsobject in gebruik,2025-10-03T00:00:00,,2025-10-03,GV00007717,,,,,,2,1,,,2,,,,,,,,,03630980000027,,,Muteren naar aanleiding van signalering,
0363010000544077,2,9,2012-08-09T21:20:06,,,,,False,0363200000392560,SRID=28992;POINT (120798 488014),52,,Verblijfsobject in gebruik,2012-08-09T00:00:00,,2012-08-09,GV00001551,,,,,,3,1,,,2,,,,,,,,,03630980000027,,,Muteren naar aanleiding van signalering,
0363010000544078,2,6,2025-10-03T10:02:49.016000,,,,,False,0363200000392572,SRID=28992;POINT (120785 488003),51,,Verblijfsobject in gebruik,2025-10-03T00:00:00,,2025-10-03,GV00007717,,,,,,2,1,,,4,,,,,,,,,03630980000027,,,,
0363010000544079,2,9,2012-08-09T21:20:07,,,,,False,0363200000392561,SRID=28992;POINT (120796 488008),49,,Verblijfsobject in gebruik,2012-08-09T00:00:00,,2012-08-09,GV00001551,,,,,,4,1,,,2,,,,,,,,,03630980000027,,,Muteren naar aanleiding van signalering,
0363010000544080,3,9,2025-09-19T10:13:30.631000,,,,,False,0363200000392573,SRID=28992;POINT (120787 488008),51,,Verblijfsobject in gebruik,2025-09-19T00:00:00,,2025-09-19,GV00007716,,,,,,3,1,,,2,,,,,,,,,03630980000027,,,Muteren naar aanleiding van signalering,
0363010000544081,2,9,2012-08-09T21:20:09,,,,,False,0363200000392562,SRID=28992;POINT (120798 488013),52,,Verblijfsobject in gebruik,2012-08-09T00:00:00,,2012-08-09,GV00001551,,,,,,4,1,,,2,,,,,,,,,03630980000027,,,Muteren naar aanleiding van signalering,
0363010000544082,2,9,2013-02-23T05:00:20,,,,,False,0363200000392574,SRID=28992;POINT (120788 488003),48,,Verblijfsobject in gebruik,2013-02-23T00:00:00,,2013-02-04,GV00001616_AC00AC,,,,,,3,1,,,2,,,,,,,,,03630980000027,,,Muteren naar aanleiding van signalering,
0363010000544083,1,8,2010-11-04T21:58:28,,,,,False,0363200000392563,SRID=28992;POINT (120796 488008),94,,Verblijfsobject in gebruik,2010-09-09T00:00:00,,2010-09-09,GV00000406,,,,,,0,,,,,,,,,,,,,03630980000027,,,,
0363010000544084,2,6,2025-09-19T10:24:58.353000,,,,,False,0363200000392575,SRID=28992;POINT (120784 488006),41,,Verblijfsobject in gebruik,2025-09-19T00:00:00,,2025-09-19,GV00007716,,,,,,3,1,,,4,,,,,,,,,03630980000027,,,,
0363010000544085,3,9,2025-09-19T10:06:16.031000,,,,,False,0363200000392576,SRID=28992;POINT (120788 488003),41,,Verblijfsobject in gebruik,2025-09-19T00:00:00,,2025-09-19,GV00007716,,,,,,4,1,,,2,,,,,,,,,03630980000027,,,Muteren naar aanleiding van signalering,
0363010000544086,3,9,2025-09-19T10:21:44.325000,,,,,False,0363200000392577,SRID=28992;POINT (120787 488002),41,,Verblijfsobject in gebruik,2025-09-19T00:00:00,,2025-09-19,GV00007716,,,,,,4,1,,,2,,,,,,,,,03630980000027,,,Muteren naar aanleiding van signalering,
0363010000544087,1,7,2010-11-04T21:58:28,,,,,False,0363200000006893,SRID=28992;POINT (120835 488834),27,,Verblijfsobject in gebruik,2008-11-05T00:00:00,,2008-11-05,SA00001799,,,,,,0,1,0,0,1,,,,,,,,,03630980000020,,,,
0363010000544088,3,10,2025-10-03T10:14:19.849000,,,,,False,0363200000006894,SRID=28992;POINT (120835 488834),27,,Verblijfsobject in gebruik,2025-10-03T00:00:00,,2025-10-03,GV00007717,,,,,,1,1,1,1,2,,,,,,,,,03630980000020,,,,
0363010000544089,3,10,2025-10-03T10:14:19.937000,,,,,False,0363200000006895,SRID=28992;POINT (120835 488834),27,,Verblijfsobject in gebruik,2025-10-03T00:00:00,,2025-10-03,GV00007717,,,,,,2,1,2,2,2,,,,,,,,,03630980000020,,,,
0363010000544090,3,10,2025-10-03T10:14:20.011000,,,,,False,0363200000006896,SRID=28992;POINT (120835 488834),27,,Verblijfsobject in gebruik,2025-10-03T00:00:00,,2025-10-03,GV00007717,,,,,,3,1,3,3,2,,,,,,,,,03630980000020,,,,
0363010000544091,1,6,2010-11-04T21:58:29,,,,,False,0363200000006897,SRID=28992;POINT (120842 488849),30,,Verblijfsobject in gebruik,2010-09-09T00:00:00,,2010-09-09,GV00000406,,,,,,0,1,,,1,,,,,,,,,03630980000020,,,,
0363010000544092,1,7,2010-11-04T21:58:29,,,,,False,0363200000006898,SRID=28992;POINT (120830 488834),28,,Verblijfsobject in gebruik,2008-11-05T00:00:00,,2008-11-05,SA00001799,,,,,,0,1,0,0,1,,,,,,,,,03630980000020,,,,
0363010000544093,2,7,2025-10-03T10:14:20.096000,,,,,False,0363200000006899,SRID=28992;POINT (120830 488834),27,,Verblijfsobject in gebruik,2025-10-03T00:00:00,,2025-10-03,GV00007717,,,,,,1,1,1,1,2,,,,,,,,,03630980000020,,,,
0363010000544094,3,10,2025-10-03T10:14:20.172000,,,,,False,0363200000006900,SRID=28992;POINT (120830 488834),27,,Verblijfsobject in gebruik,2025-10-03T00:00:00,,2025-10-03,GV00007717,,,,,,2,1,2,2,2,,,,,,,,,03630980000020,,,,
0363010000544095,3,10,2025-10-03T10:14:20.258000,,,,,False,0363200000006901,SRID=28992;POINT (120830 488834),27,,Verblijfsobject in gebruik,2025-10-03T00:00:00,,2025-10-03,GV00007717,,,,,,3,1,3,3,2,,,,,,,,,03630980000020,,,,
0363010000544096,2,10,2013-02-05T04:39:56,,,,,False,0363200000006903,SRID=28992;POINT (120825 488834),29,,Verblijfsobject in gebruik,2013-02-04T00:00:00,,2013-02-04,GV00001616_AC00AC,,,,,,0,1,0,0,1,,,,,,,,,03630980000020,,,,
0363010000544097,3,10,2025-10-03T10:14:20.343000,,,,,False,0363200000006904,SRID=28992;POINT (120825 488834),27,,Verblijfsobject in gebruik,2025-10-03T00:00:00,,2025-10-03,GV00007717,,,,,,1,1,1,1,2,,,,,,,,,03630980000020,,,,
0363010000544098,3,10,2025-10-03T10:14:20.418000,,,,,False,0363200000006905,SRID=28992;POINT (120825 488834),27,,Verblijfsobject in gebruik,2025-10-03T00:00:00,,2025-10-03,GV00007717,,,,,,2,1,2,2,2,,,,,,,,,03630980000020,,,,
0363010000544099,3,10,2025-10-03T10:14:23.401000,,,,,False,0363200000006906,SRID=28992;POINT (120825 488834),27,,Verblijfsobject in gebruik,2025-10-03T00:00:00,,2025-10-03,GV00007717,,,,,,3,1,3,3,2,,,,,,,,,03630980000020,,,,
0363010000544100,2,9,2013-02-05T04:40:02,,,,,False,0363200000006908,SRID=28992;POINT (120819 488835),29,,Verblijfsobject in gebruik,2013-02-04T00:00:00,,2013-02-04,GV00001616_AC00AC,,,,,,0,1,,,1,,,,,,,,,03630980000020,,,Muteren naar aanleiding van signalering,
0363010000544101,3,10,2025-10-03T10:14:23.479000,,,,,False,0363200000006909,SRID=28992;POINT (120819 488835),27,,Verblijfsobject in gebruik,2025-10-03T00:00:00,,2025-10-03,GV00007717,,,,,,1,1,1,1,2,,,,,,,,,03630980000020,,,,
0363010000544102,3,10,2025-10-03T10:14:23.562000,,,,,False,0363200000006910,SRID=28992;POINT (120819 488835),27,,Verblijfsobject in gebruik,2025-10-03T00:00:00,,2025-10-03,GV00007717,,,,,,2,1,2,2,2,,,,,,,,,03630980000020,,,,
0363010000544103,3,10,2025-10-03T10:14:23.644000,,,,,False,0363200000006911,SRID=28992;POINT (120819 488835),27,,Verblijfsobject in gebruik,2025-10-03T00:00:00,,2025-10-03,GV00007717,,,,,,3,1,3,3,2,,,,,,,,,03630980000020,,,,
0363010000544104,3,10,2025-10-03T10:14:23.717000,,,,,False,0363200000006914,SRID=28992;POINT (120814 488834),27,,Verblijfsobject in gebruik,2025-10-03T00:00:00,,2025-10-03,GV00007717,,,,,,1,1,1,1,2,,,,,,,,,03630980000020,,,,
0363010000544105,3,10,2025-10-03T10:14:23.801000,,,,,False,0363200000006915,SRID=28992;POINT (120814 488834),27,,Verblijfsobject in gebruik,2025-10-03T00:00:00,,2025-10-03,GV00007717,,,,,,2,1,2,2,2,,,,,,,,,03630980000020,,,,
