identificatie,volgnummer,plusvolgnummer,registratiedatum,huisnummer,geconstateerd,huisletter,huisnummertoevoeging,postcode,ligtInWoonplaatsId,beginGeldigheid,eindGeldigheid,ligtAanOpenbareruimteId,typeAdresseerbaarObjectCode,typeAdresseerbaarObjectOmschrijving,documentdatum,documentnummer,statusCode,statusOmschrijving,typeAdres,adresseertVerblijfsobjectId,adresseertLigplaatsId,adresseertStandplaatsId,heeftDossierId,bagprocesCode,bagprocesOmschrijving,datumActueelTot
0363200000006110,1,3,2010-11-04T21:57:01,1,False,,H,1015NR,3594,1005-01-01T00:00:00,,0363300000002529,1,Verblijfsobject,1005-01-01,GV00000402,,Naamgeving uitgegeven,Hoofdadres,0363010000543292,,,,,,
0363200000006111,1,3,2010-11-04T21:57:01,1,False,,1,1015NR,3594,1005-01-01T00:00:00,,0363300000002529,1,Verblijfsobject,1005-01-01,GV00000402,,Naamgeving uitgegeven,Hoofdadres,0363010000543293,,,,,,
0363200000006112,1,3,2010-11-04T21:57:01,1,False,,2,1015NR,3594,1005-01-01T00:00:00,,0363300000002529,1,Verblijfsobject,1005-01-01,GV00000402,,Naamgeving uitgegeven,Hoofdadres,0363010000543294,,,,,,
0363200000006114,1,3,2010-11-04T21:57:02,3,False,,1,1015NR,3594,1005-01-01T00:00:00,,0363300000002529,1,Verblijfsobject,1005-01-01,GV00000402,,Naamgeving uitgegeven,Hoofdadres,0363010000543296,,,,,,
0363200000006115,1,3,2010-11-04T21:57:02,3,False,,2,1015NR,3594,1005-01-01T00:00:00,,0363300000002529,1,Verblijfsobject,1005-01-01,GV00000402,,Naamgeving uitgegeven,Hoofdadres,0363010000543297,,,,,,
0363200000006119,1,3,2010-11-04T21:57:02,5,False,,1,1015NR,3594,1005-01-01T00:00:00,,0363300000002529,1,Verblijfsobject,1005-01-01,GV00000402,,Naamgeving uitgegeven,Hoofdadres,0363010000543300,,,,,,
0363200000006120,1,3,2010-11-04T21:57:02,5,False,,2,1015NR,3594,1005-01-01T00:00:00,,0363300000002529,1,Verblijfsobject,1005-01-01,GV00000402,,Naamgeving uitgegeven,Hoofdadres,0363010000543301,,,,,,
0363200000006123,1,3,2010-11-04T21:57:03,7,False,,1,1015NR,3594,1005-01-01T00:00:00,,0363300000002529,1,Verblijfsobject,1005-01-01,GV00000402,,Naamgeving uitgegeven,Hoofdadres,0363010000543304,,,,,,
0363200000006124,1,3,2010-11-04T21:57:03,7,False,,2,1015NR,3594,1005-01-01T00:00:00,,0363300000002529,1,Verblijfsobject,1005-01-01,GV00000402,,Naamgeving uitgegeven,Hoofdadres,0363010000543305,,,,,,
0363200000006127,1,3,2010-11-04T21:57:03,18,False,,H,1015NR,3594,1922-01-01T00:00:00,,0363300000002529,1,Verblijfsobject,1922-01-01,GV00000402,,Naamgeving uitgegeven,Hoofdadres,0363010000543309,,,,,,
0363200000006128,1,3,2010-11-04T21:57:03,18,False,,2,1015NR,3594,1922-01-01T00:00:00,,0363300000002529,1,Verblijfsobject,1922-01-01,GV00000402,,Naamgeving uitgegeven,Hoofdadres,0363010000543310,,,,,,
0363200000006129,1,3,2010-11-04T21:57:04,25,False,,,1015NR,3594,1983-10-01T00:00:00,,0363300000002529,1,Verblijfsobject,1983-10-01,GV00000402,,Naamgeving uitgegeven,Hoofdadres,0363010000543314,,,,,,
0363200000006130,1,3,2010-11-04T21:57:04,26,False,,,1015NR,3594,1005-01-01T00:00:00,,0363300000002529,1,Verblijfsobject,1005-01-01,GV00000402,,Naamgeving uitgegeven,Hoofdadres,0363010000543315,,,,,,
0363200000006131,1,3,2010-11-04T21:57:04,27,False,,,1015NR,3594,1983-10-01T00:00:00,,0363300000002529,1,Verblijfsobject,1983-10-01,GV00000402,,Naamgeving uitgegeven,Hoofdadres,0363010000543316,,,,,,
0363200000006132,1,3,2010-11-04T21:57:04,28,False,,,1015NR,3594,1005-01-01T00:00:00,,0363300000002529,1,Verblijfsobject,1005-01-01,GV00000402,,Naamgeving uitgegeven,Hoofdadres,0363010000543317,,,,,,
0363200000006133,1,3,2010-11-04T21:57:04,29,False,,,1015NR,3594,1983-10-01T00:00:00,,0363300000002529,1,Verblijfsobject,1983-10-01,GV00000402,,Naamgeving uitgegeven,Hoofdadres,0363010000543318,,,,,,
0363200000006134,1,3,2010-11-04T21:57:04,30,False,,,1015NR,3594,1005-01-01T00:00:00,,0363300000002529,1,Verblijfsobject,1005-01-01,GV00000402,,Naamgeving uitgegeven,Hoofdadres,0363010000543319,,,,,,
0363200000006135,1,3,2010-11-04T21:57:04,31,False,,,1015NR,3594,1983-10-01T00:00:00,,0363300000002529,1,Verblijfsobject,1983-10-01,GV00000402,,Naamgeving uitgegeven,Hoofdadres,0363010000543320,,,,,,
0363200000006136,1,3,2010-11-04T21:57:05,32,False,,,1015NR,3594,1005-01-01T00:00:00,,0363300000002529,1,Verblijfsobject,1005-01-01,GV00000402,,Naamgeving uitgegeven,Hoofdadres,0363010000543321,,,,,,
0363200000006137,1,3,2010-11-04T21:57:05,33,False,,,1015NR,3594,1983-10-01T00:00:00,,0363300000002529,1,Verblijfsobject,1983-10-01,GV00000402,,Naamgeving uitgegeven,Hoofdadres,0363010000543322,,,,,,
0363200000006138,1,3,2010-11-04T21:57:05,34,False,,,1015NR,3594,1005-01-01T00:00:00,,0363300000002529,1,Verblijfsobject,1005-01-01,GV00000402,,Naamgeving uitgegeven,Hoofdadres,0363010000543323,,,,,,
0363200000006139,1,3,2010-11-04T21:57:05,35,False,,,1015NR,3594,1983-10-01T00:00:00,,0363300000002529,1,Verblijfsobject,1983-10-01,GV00000402,,Naamgeving uitgegeven,Hoofdadres,0363010000543324,,,,,,
0363200000006140,1,3,2010-11-04T21:57:05,36,False,,,1015NR,3594,1005-01-01T00:00:00,,0363300000002529,1,Verblijfsobject,1005-01-01,GV00000402,,Naamgeving uitgegeven,Hoofdadres,0363010000543325,,,,,,
0363200000006141,1,3,2010-11-04T21:57:05,37,False,,,1015NR,3594,1983-10-01T00:00:00,,0363300000002529,1,Verblijfsobject,1983-10-01,GV00000402,,Naamgeving uitgegeven,Hoofdadres,0363010000543326,,,,,,
0363200000006142,1,3,2010-11-04T21:57:05,1,False,A,,1094JX,3594,1985-10-01T00:00:00,,0363300000002530,1,Verblijfsobject,1985-10-01,GV00000402,,Naamgeving uitgegeven,Hoofdadres,0363010000543327,,,,,,
0363200000006143,1,3,2010-11-04T21:57:06,1,False,B,,1094JX,3594,1985-10-01T00:00:00,,0363300000002530,1,Verblijfsobject,1985-10-01,GV00000402,,Naamgeving uitgegeven,Hoofdadres,0363010000543328,,,,,,
0363200000006144,1,3,2010-11-04T21:57:06,1,False,C,,1094JX,3594,1985-10-01T00:00:00,,0363300000002530,1,Verblijfsobject,1985-10-01,GV00000402,,Naamgeving uitgegeven,Hoofdadres,0363010000543329,,,,,,
0363200000006145,1,3,2010-11-04T21:57:06,1,False,D,,1094JX,3594,1985-10-01T00:00:00,,0363300000002530,1,Verblijfsobject,1985-10-01,GV00000402,,Naamgeving uitgegeven,Hoofdadres,0363010000543330,,,,,,
0363200000006146,1,3,2010-11-04T21:57:06,2,False,A,,1094KL,3594,1985-08-01T00:00:00,,0363300000002530,1,Verblijfsobject,1985-08-01,GV00000402,,Naamgeving uitgegeven,Hoofdadres,0363010000543331,,,,,,
0363200000006147,1,3,2010-11-04T21:57:06,2,False,B,,1094KL,3594,1985-08-01T00:00:00,,0363300000002530,1,Verblijfsobject,1985-08-01,GV00000402,,Naamgeving uitgegeven,Hoofdadres,0363010000543332,,,,,,
0363200000006148,1,3,2010-11-04T21:57:06,2,False,C,,1094KL,3594,1985-08-01T00:00:00,,0363300000002530,1,Verblijfsobject,1985-08-01,GV00000402,,Naamgeving uitgegeven,Hoofdadres,0363010000543333,,,,,,
0363200000006151,1,3,2010-11-04T21:57:06,3,False,A,,1094JX,3594,1985-09-01T00:00:00,,0363300000002530,1,Verblijfsobject,1985-09-01,GV00000402,,Naamgeving uitgegeven,Hoofdadres,0363010000543334,,,,,,
0363200000006152,1,3,2010-11-04T21:57:07,3,False,B,,1094JX,3594,1985-09-01T00:00:00,,0363300000002530,1,Verblijfsobject,1985-09-01,GV00000402,,Naamgeving uitgegeven,Hoofdadres,0363010000543335,,,,,,
0363200000006153,1,3,2010-11-04T21:57:07,3,False,C,,1094JX,3594,1985-09-01T00:00:00,,0363300000002530,1,Verblijfsobject,1985-09-01,GV00000402,,Naamgeving uitgegeven,Hoofdadres,0363010000543336,,,,,,
0363200000006154,1,3,2010-11-04T21:57:07,3,False,D,,1094JX,3594,1985-09-01T00:00:00,,0363300000002530,1,Verblijfsobject,1985-09-01,GV00000402,,Naamgeving uitgegeven,Hoofdadres,0363010000543337,,,,,,
0363200000006155,1,3,2010-11-04T21:57:07,4,False,A,,1094KL,3594,1985-08-01T00:00:00,,0363300000002530,1,Verblijfsobject,1985-08-01,GV00000402,,Naamgeving uitgegeven,Hoofdadres,0363010000543338,,,,,,
0363200000006156,1,3,2010-11-04T21:57:07,4,False,B,,1094KL,3594,1985-08-01T00:00:00,,0363300000002530,1,Verblijfsobject,1985-08-01,GV00000402,,Naamgeving uitgegeven,Hoofdadres,0363010000543339,,,,,,
0363200000006157,1,3,2010-11-04T21:57:07,4,False,C,,1094KL,3594,1985-08-01T00:00:00,,0363300000002530,1,Verblijfsobject,1985-08-01,GV00000402,,Naamgeving uitgegeven,Hoofdadres,0363010000543340,,,,,,
0363200000006158,1,3,2010-11-05T02:51:29,4,False,D,,1094KL,3594,1985-08-01T00:00:00,,0363300000002530,1,Verblijfsobject,1985-08-01,GV00000402,,Naamgeving uitgegeven,Hoofdadres,0363010000681981,,,,,,
0363200000006159,1,3,2010-11-04T21:57:07,5,False,A,,1094JX,3594,1985-09-01T00:00:00,,0363300000002530,1,Verblijfsobject,1985-09-01,GV00000402,,Naamgeving uitgegeven,Hoofdadres,0363010000543341,,,,,,
0363200000006160,1,3,2010-11-04T21:57:08,5,False,B,,1094JX,3594,1985-09-01T00:00:00,,0363300000002530,1,Verblijfsobject,1985-09-01,GV00000402,,Naamgeving uitgegeven,Hoofdadres,0363010000543342,,,,,,
0363200000006161,1,3,2010-11-04T21:57:08,5,False,C,,1094JX,3594,1985-09-01T00:00:00,,0363300000002530,1,Verblijfsobject,1985-09-01,GV00000402,,Naamgeving uitgegeven,Hoofdadres,0363010000543343,,,,,,
0363200000006162,1,3,2010-11-04T21:57:08,5,False,D,,1094JX,3594,1985-09-01T00:00:00,,0363300000002530,1,Verblijfsobject,1985-09-01,GV00000402,,Naamgeving uitgegeven,Hoofdadres,0363010000543344,,,,,,
0363200000006163,1,3,2010-11-04T21:57:08,6,False,A,,1094KL,3594,1985-08-01T00:00:00,,0363300000002530,1,Verblijfsobject,1985-08-01,GV00000402,,Naamgeving uitgegeven,Hoofdadres,0363010000543345,,,,,,
0363200000006164,1,3,2010-11-04T21:57:08,6,False,B,,1094KL,3594,1985-08-01T00:00:00,,0363300000002530,1,Verblijfsobject,1985-08-01,GV00000402,,Naamgeving uitgegeven,Hoofdadres,0363010000543346,,,,,,
0363200000006165,1,3,2010-11-04T21:57:08,6,False,C,,1094KL,3594,1985-08-01T00:00:00,,0363300000002530,1,Verblijfsobject,1985-08-01,GV00000402,,Naamgeving uitgegeven,Hoofdadres,0363010000543347,,,,,,
0363200000006166,1,3,2010-11-04T21:57:08,6,False,D,,1094KL,3594,1985-08-01T00:00:00,,0363300000002530,1,Verblijfsobject,1985-08-01,GV00000402,,Naamgeving uitgegeven,Hoofdadres,0363010000543348,,,,,,
0363200000006167,1,3,2010-11-05T02:51:29,6,False,E,,1094KL,3594,1985-08-01T00:00:00,,0363300000002530,1,Verblijfsobject,1985-08-01,GV00000402,,Naamgeving uitgegeven,Hoofdadres,0363010000681982,,,,,,
0363200000006168,1,3,2010-11-04T21:57:08,7,False,A,,1094JX,3594,1985-09-01T00:00:00,,0363300000002530,1,Verblijfsobject,1985-09-01,GV00000402,,Naamgeving uitgegeven,Hoofdadres,0363010000543349,,,,,,
0363200000006169,1,3,2010-11-04T21:57:09,7,False,B,,1094JX,3594,1985-09-01T00:00:00,,0363300000002530,1,Verblijfsobject,1985-09-01,GV00000402,,Naamgeving uitgegeven,Hoofdadres,0363010000543354,,,,,,
0363200000006170,1,3,2010-11-04T21:57:09,7,False,C,,1094JX,3594,1985-09-01T00:00:00,,0363300000002530,1,Verblijfsobject,1985-09-01,GV00000402,,Naamgeving uitgegeven,Hoofdadres,0363010000543355,,,,,,
0363200000006171,1,3,2010-11-04T21:57:09,7,False,D,,1094JX,3594,1985-09-01T00:00:00,,0363300000002530,1,Verblijfsobject,1985-09-01,GV00000402,,Naamgeving uitgegeven,Hoofdadres,0363010000543356,,,,,,
0363200000006172,1,3,2010-11-04T21:57:09,8,False,A,,1094KL,3594,1985-08-01T00:00:00,,0363300000002530,1,Verblijfsobject,1985-08-01,GV00000402,,Naamgeving uitgegeven,Hoofdadres,0363010000543357,,,,,,
0363200000006173,1,3,2010-11-04T21:57:09,8,False,B,,1094KL,3594,1985-08-01T00:00:00,,0363300000002530,1,Verblijfsobject,1985-08-01,GV00000402,,Naamgeving uitgegeven,Hoofdadres,0363010000543358,,,,,,
0363200000006176,1,3,2010-11-04T21:57:10,9,False,A,,1094JX,3594,1985-09-01T00:00:00,,0363300000002530,1,Verblijfsobject,1985-09-01,GV00000402,,Naamgeving uitgegeven,Hoofdadres,0363010000543360,,,,,,
0363200000006177,1,3,2010-11-04T21:57:10,9,False,B,,1094JX,3594,1985-09-01T00:00:00,,0363300000002530,1,Verblijfsobject,1985-09-01,GV00000402,,Naamgeving uitgegeven,Hoofdadres,0363010000543361,,,,,,
0363200000006178,1,3,2010-11-04T21:57:10,9,False,C,,1094JX,3594,1985-09-01T00:00:00,,0363300000002530,1,Verblijfsobject,1985-09-01,GV00000402,,Naamgeving uitgegeven,Hoofdadres,0363010000543362,,,,,,
0363200000006179,1,3,2010-11-04T21:57:10,9,False,D,,1094JX,3594,1985-09-01T00:00:00,,0363300000002530,1,Verblijfsobject,1985-09-01,GV00000402,,Naamgeving uitgegeven,Hoofdadres,0363010000543363,,,,,,
0363200000006180,1,3,2010-11-04T21:57:10,10,False,A,,1094KL,3594,1985-08-01T00:00:00,,0363300000002530,1,Verblijfsobject,1985-08-01,GV00000402,,Naamgeving uitgegeven,Hoofdadres,0363010000543364,,,,,,
0363200000006181,1,3,2010-11-04T21:57:10,10,False,B,,1094KL,3594,1985-08-01T00:00:00,,0363300000002530,1,Verblijfsobject,1985-08-01,GV00000402,,Naamgeving uitgegeven,Hoofdadres,0363010000543365,,,,,,
0363200000006182,1,3,2010-11-04T21:57:11,10,False,C,,1094KL,3594,1985-08-01T00:00:00,,0363300000002530,1,Verblijfsobject,1985-08-01,GV00000402,,Naamgeving uitgegeven,Hoofdadres,0363010000543366,,,,,,
0363200000006183,1,3,2010-11-04T21:57:11,10,False,D,,1094KL,3594,1985-08-01T00:00:00,,0363300000002530,1,Verblijfsobject,1985-08-01,GV00000402,,Naamgeving uitgegeven,Hoofdadres,0363010000543367,,,,,,
0363200000006184,1,3,2010-11-05T02:51:30,10,False,E,,1094KL,3594,1985-08-01T00:00:00,,0363300000002530,1,Verblijfsobject,1985-08-01,GV00000402,,Naamgeving uitgegeven,Hoofdadres,0363010000681984,,,,,,
0363200000006185,1,3,2010-11-04T21:57:11,11,False,A,,1094JX,3594,1985-09-01T00:00:00,,0363300000002530,1,Verblijfsobject,1985-09-01,GV00000402,,Naamgeving uitgegeven,Hoofdadres,0363010000543368,,,,,,
0363200000006186,1,3,2010-11-04T21:57:11,11,False,B,,1094JX,3594,1985-09-01T00:00:00,,0363300000002530,1,Verblijfsobject,1985-09-01,GV00000402,,Naamgeving uitgegeven,Hoofdadres,0363010000543369,,,,,,
0363200000006187,1,3,2010-11-04T21:57:11,11,False,C,,1094JX,3594,1985-09-01T00:00:00,,0363300000002530,1,Verblijfsobject,1985-09-01,GV00000402,,Naamgeving uitgegeven,Hoofdadres,0363010000543370,,,,,,
0363200000006188,1,3,2010-11-04T21:57:11,11,False,D,,1094JX,3594,1985-09-01T00:00:00,,0363300000002530,1,Verblijfsobject,1985-09-01,GV00000402,,Naamgeving uitgegeven,Hoofdadres,0363010000543371,,,,,,
0363200000006189,1,3,2010-11-04T21:57:11,12,False,A,,1094KL,3594,1985-09-01T00:00:00,,0363300000002530,1,Verblijfsobject,1985-09-01,GV00000402,,Naamgeving uitgegeven,Hoofdadres,0363010000543372,,,,,,
0363200000006190,1,3,2010-11-04T21:57:12,12,False,B,,1094KL,3594,1985-09-01T00:00:00,,0363300000002530,1,Verblijfsobject,1985-09-01,GV00000402,,Naamgeving uitgegeven,Hoofdadres,0363010000543373,,,,,,
0363200000006191,1,3,2010-11-04T21:57:12,12,False,C,,1094KL,3594,1985-09-01T00:00:00,,0363300000002530,1,Verblijfsobject,1985-09-01,GV00000402,,Naamgeving uitgegeven,Hoofdadres,0363010000543374,,,,,,
0363200000006192,1,3,2010-11-05T02:51:30,12,False,D,,1094KL,3594,1985-09-01T00:00:00,,0363300000002530,1,Verblijfsobject,1985-09-01,GV00000402,,Naamgeving uitgegeven,Hoofdadres,0363010000681985,,,,,,
0363200000006205,1,3,2010-11-04T21:57:14,21,False,,H,1094JZ,3594,1005-01-01T00:00:00,,0363300000002530,1,Verblijfsobject,1005-01-01,GV00000402,,Naamgeving uitgegeven,Hoofdadres,0363010000543390,,,,,,
0363200000006207,1,3,2010-11-04T21:57:14,21,False,,2,1094JZ,3594,1005-01-01T00:00:00,,0363300000002530,1,Verblijfsobject,1005-01-01,GV00000402,,Naamgeving uitgegeven,Hoofdadres,0363010000543392,,,,,,
0363200000006208,1,3,2010-11-04T21:57:14,21,False,,3,1094JZ,3594,1005-01-01T00:00:00,,0363300000002530,1,Verblijfsobject,1005-01-01,GV00000402,,Naamgeving uitgegeven,Hoofdadres,0363010000543393,,,,,,
0363200000006209,1,3,2010-11-04T21:57:14,21,False,,4,1094JZ,3594,1005-01-01T00:00:00,,0363300000002530,1,Verblijfsobject,1005-01-01,GV00000402,,Naamgeving uitgegeven,Hoofdadres,0363010000543394,,,,,,
0363200000006214,1,4,2010-11-04T21:57:15,23,False,,H,1094JZ,3594,1005-01-01T00:00:00,,0363300000002530,1,Verblijfsobject,1005-01-01,GV00000402,,Naamgeving uitgegeven,Hoofdadres,0363010000543399,,,,,,
0363200000006216,1,3,2010-11-04T21:57:15,23,False,,2,1094JZ,3594,1005-01-01T00:00:00,,0363300000002530,1,Verblijfsobject,1005-01-01,GV00000402,,Naamgeving uitgegeven,Hoofdadres,0363010000543401,,,,,,
0363200000006217,1,3,2010-11-04T21:57:15,23,False,,3,1094JZ,3594,1005-01-01T00:00:00,,0363300000002530,1,Verblijfsobject,1005-01-01,GV00000402,,Naamgeving uitgegeven,Hoofdadres,0363010000543402,,,,,,
0363200000006218,1,3,2010-11-04T21:57:16,23,False,,4,1094JZ,3594,1005-01-01T00:00:00,,0363300000002530,1,Verblijfsobject,1005-01-01,GV00000402,,Naamgeving uitgegeven,Hoofdadres,0363010000543403,,,,,,
0363200000006223,1,3,2010-11-04T21:57:16,25,False,,H,1094JZ,3594,1005-01-01T00:00:00,,0363300000002530,1,Verblijfsobject,1005-01-01,GV00000402,,Naamgeving uitgegeven,Hoofdadres,0363010000543408,,,,,,
0363200000006224,1,3,2010-11-04T21:57:16,25,False,,1,1094JZ,3594,1005-01-01T00:00:00,,0363300000002530,1,Verblijfsobject,1005-01-01,GV00000402,,Naamgeving uitgegeven,Hoofdadres,0363010000543409,,,,,,
0363200000006225,1,3,2010-11-04T21:57:16,25,False,,2,1094JZ,3594,1005-01-01T00:00:00,,0363300000002530,1,Verblijfsobject,1005-01-01,GV00000402,,Naamgeving uitgegeven,Hoofdadres,0363010000543410,,,,,,
0363200000006226,1,3,2010-11-04T21:57:17,25,False,,3,1094JZ,3594,1005-01-01T00:00:00,,0363300000002530,1,Verblijfsobject,1005-01-01,GV00000402,,Naamgeving uitgegeven,Hoofdadres,0363010000543411,,,,,,
0363200000006227,1,3,2010-11-04T21:57:17,25,False,,4,1094JZ,3594,1005-01-01T00:00:00,,0363300000002530,1,Verblijfsobject,1005-01-01,GV00000402,,Naamgeving uitgegeven,Hoofdadres,0363010000543412,,,,,,
0363200000006232,1,3,2010-11-04T21:57:18,27,False,,H,1094JZ,3594,1005-01-01T00:00:00,,0363300000002530,1,Verblijfsobject,1005-01-01,GV00000402,,Naamgeving uitgegeven,Hoofdadres,0363010000543417,,,,,,
0363200000006233,1,3,2010-11-04T21:57:18,27,False,,1,1094JZ,3594,1005-01-01T00:00:00,,0363300000002530,1,Verblijfsobject,1005-01-01,GV00000402,,Naamgeving uitgegeven,Hoofdadres,0363010000543418,,,,,,
0363200000006234,1,3,2010-11-04T21:57:18,27,False,,2,1094JZ,3594,1005-01-01T00:00:00,,0363300000002530,1,Verblijfsobject,1005-01-01,GV00000402,,Naamgeving uitgegeven,Hoofdadres,0363010000543419,,,,,,
0363200000006235,1,3,2010-11-04T21:57:18,27,False,,3,1094JZ,3594,1005-01-01T00:00:00,,0363300000002530,1,Verblijfsobject,1005-01-01,GV00000402,,Naamgeving uitgegeven,Hoofdadres,0363010000543420,,,,,,
0363200000006236,1,3,2010-11-04T21:57:18,27,False,,4,1094JZ,3594,1005-01-01T00:00:00,,0363300000002530,1,Verblijfsobject,1005-01-01,GV00000402,,Naamgeving uitgegeven,Hoofdadres,0363010000543421,,,,,,
0363200000006237,1,3,2010-11-04T21:57:19,29,False,,H,1094KA,3594,1005-01-01T00:00:00,,0363300000002530,1,Verblijfsobject,1005-01-01,GV00000402,,Naamgeving uitgegeven,Hoofdadres,0363010000543426,,,,,,
0363200000006238,1,3,2010-11-04T21:57:19,29,False,,1,1094KA,3594,1005-01-01T00:00:00,,0363300000002530,1,Verblijfsobject,1005-01-01,GV00000402,,Naamgeving uitgegeven,Hoofdadres,0363010000543427,,,,,,
0363200000006239,1,3,2010-11-04T21:57:19,29,False,,2,1094KA,3594,1005-01-01T00:00:00,,0363300000002530,1,Verblijfsobject,1005-01-01,GV00000402,,Naamgeving uitgegeven,Hoofdadres,0363010000543428,,,,,,
0363200000006240,1,3,2010-11-04T21:57:19,29,False,,3,1094KA,3594,1005-01-01T00:00:00,,0363300000002530,1,Verblijfsobject,1005-01-01,GV00000402,,Naamgeving uitgegeven,Hoofdadres,0363010000543429,,,,,,
0363200000006241,1,3,2010-11-04T21:57:19,29,False,,4,1094KA,3594,1005-01-01T00:00:00,,0363300000002530,1,Verblijfsobject,1005-01-01,GV00000402,,Naamgeving uitgegeven,Hoofdadres,0363010000543430,,,,,,
0363200000006246,1,3,2010-11-04T21:57:20,31,False,,H,1094KA,3594,1005-01-01T00:00:00,,0363300000002530,1,Verblijfsobject,1005-01-01,GV00000402,,Naamgeving uitgegeven,Hoofdadres,0363010000543435,,,,,,
0363200000006247,1,3,2010-11-04T21:57:20,31,False,,1,1094KA,3594,1005-01-01T00:00:00,,0363300000002530,1,Verblijfsobject,1005-01-01,GV00000402,,Naamgeving uitgegeven,Hoofdadres,0363010000543436,,,,,,
0363200000006248,1,3,2010-11-04T21:57:20,31,False,,2,1094KA,3594,1005-01-01T00:00:00,,0363300000002530,1,Verblijfsobject,1005-01-01,GV00000402,,Naamgeving uitgegeven,Hoofdadres,0363010000543437,,,,,,
0363200000006249,1,3,2010-11-04T21:57:21,31,False,,3,1094KA,3594,1005-01-01T00:00:00,,0363300000002530,1,Verblijfsobject,1005-01-01,GV00000402,,Naamgeving uitgegeven,Hoofdadres,0363010000543438,,,,,,
0363200000006250,1,3,2010-11-04T21:57:21,31,False,,4,1094KA,3594,1005-01-01T00:00:00,,0363300000002530,1,Verblijfsobject,1005-01-01,GV00000402,,Naamgeving uitgegeven,Hoofdadres,0363010000543439,,,,,,
0363200000006255,1,3,2010-11-04T21:57:21,33,False,,H,1094KA,3594,1005-01-01T00:00:00,,0363300000002530,1,Verblijfsobject,1005-01-01,GV00000402,,Naamgeving uitgegeven,Hoofdadres,0363010000543444,,,,,,
0363200000006256,1,3,2010-11-04T21:57:21,33,False,,1,1094KA,3594,1005-01-01T00:00:00,,0363300000002530,1,Verblijfsobject,1005-01-01,GV00000402,,Naamgeving uitgegeven,Hoofdadres,0363010000543445,,,,,,
0363200000006257,1,3,2010-11-04T21:57:22,33,False,,2,1094KA,3594,1005-01-01T00:00:00,,0363300000002530,1,Verblijfsobject,1005-01-01,GV00000402,,Naamgeving uitgegeven,Hoofdadres,0363010000543446,,,,,,
0363200000006258,1,3,2010-11-04T21:57:22,33,False,,3,1094KA,3594,1005-01-01T00:00:00,,0363300000002530,1,Verblijfsobject,1005-01-01,GV00000402,,Naamgeving uitgegeven,Hoofdadres,0363010000543447,,,,,,
0363200000006259,1,3,2010-11-04T21:57:22,33,False,,4,1094KA,3594,1005-01-01T00:00:00,,0363300000002530,1,Verblijfsobject,1005-01-01,GV00000402,,Naamgeving uitgegeven,Hoofdadres,0363010000543448,,,,,,
0363200000006264,1,3,2010-11-04T21:57:23,35,False,,H,1094KA,3594,1005-01-01T00:00:00,,0363300000002530,1,Verblijfsobject,1005-01-01,GV00000402,,Naamgeving uitgegeven,Hoofdadres,0363010000543453,,,,,,
0363200000006265,1,3,2010-11-04T21:57:23,35,False,,1,1094KA,3594,1005-01-01T00:00:00,,0363300000002530,1,Verblijfsobject,1005-01-01,GV00000402,,Naamgeving uitgegeven,Hoofdadres,0363010000543454,,,,,,
0363200000006266,1,3,2010-11-04T21:57:23,35,False,,2,1094KA,3594,1005-01-01T00:00:00,,0363300000002530,1,Verblijfsobject,1005-01-01,GV00000402,,Naamgeving uitgegeven,Hoofdadres,0363010000543455,,,,,,
0363200000006267,1,3,2010-11-04T21:57:23,35,False,,3,1094KA,3594,1005-01-01T00:00:00,,0363300000002530,1,Verblijfsobject,1005-01-01,GV00000402,,Naamgeving uitgegeven,Hoofdadres,0363010000543456,,,,,,
0363200000006268,1,3,2010-11-04T21:57:23,35,False,,4,1094KA,3594,1005-01-01T00:00:00,,0363300000002530,1,Verblijfsobject,1005-01-01,GV00000402,,Naamgeving uitgegeven,Hoofdadres,0363010000543457,,,,,,
0363200000006273,1,3,2010-11-04T21:57:24,37,False,,H,1094KB,3594,1005-01-01T00:00:00,,0363300000002530,1,Verblijfsobject,1005-01-01,GV00000402,,Naamgeving uitgegeven,Hoofdadres,0363010000543462,,,,,,
0363200000006274,1,3,2010-11-04T21:57:24,37,False,,1,1094KB,3594,1005-01-01T00:00:00,,0363300000002530,1,Verblijfsobject,1005-01-01,GV00000402,,Naamgeving uitgegeven,Hoofdadres,0363010000543463,,,,,,
0363200000006275,1,3,2010-11-04T21:57:24,37,False,,2,1094KB,3594,1005-01-01T00:00:00,,0363300000002530,1,Verblijfsobject,1005-01-01,GV00000402,,Naamgeving uitgegeven,Hoofdadres,0363010000543464,,,,,,
0363200000006276,1,3,2010-11-04T21:57:24,37,False,,3,1094KB,3594,1005-01-01T00:00:00,,0363300000002530,1,Verblijfsobject,1005-01-01,GV00000402,,Naamgeving uitgegeven,Hoofdadres,0363010000543465,,,,,,
0363200000006281,1,3,2010-11-04T21:57:25,39,False,,H,1094KB,3594,1005-01-01T00:00:00,,0363300000002530,1,Verblijfsobject,1005-01-01,GV00000402,,Naamgeving uitgegeven,Hoofdadres,0363010000543470,,,,,,
0363200000006282,1,3,2010-11-04T21:57:25,39,False,,1,1094KB,3594,1005-01-01T00:00:00,,0363300000002530,1,Verblijfsobject,1005-01-01,GV00000402,,Naamgeving uitgegeven,Hoofdadres,0363010000543471,,,,,,
0363200000006283,1,3,2010-11-04T21:57:25,39,False,,2,1094KB,3594,1005-01-01T00:00:00,,0363300000002530,1,Verblijfsobject,1005-01-01,GV00000402,,Naamgeving uitgegeven,Hoofdadres,0363010000543472,,,,,,
0363200000006284,1,3,2010-11-04T21:57:25,39,False,,3,1094KB,3594,1005-01-01T00:00:00,,0363300000002530,1,Verblijfsobject,1005-01-01,GV00000402,,Naamgeving uitgegeven,Hoofdadres,0363010000543473,,,,,,
0363200000006289,1,3,2010-11-04T21:57:26,41,False,,H,1094KB,3594,1005-01-01T00:00:00,,0363300000002530,1,Verblijfsobject,1005-01-01,GV00000402,,Naamgeving uitgegeven,Hoofdadres,0363010000543478,,,,,,
0363200000006290,1,3,2010-11-04T21:57:26,41,False,,1,1094KB,3594,1005-01-01T00:00:00,,0363300000002530,1,Verblijfsobject,1005-01-01,GV00000402,,Naamgeving uitgegeven,Hoofdadres,0363010000543479,,,,,,
0363200000006291,1,3,2010-11-04T21:57:26,41,False,,2,1094KB,3594,1005-01-01T00:00:00,,0363300000002530,1,Verblijfsobject,1005-01-01,GV00000402,,Naamgeving uitgegeven,Hoofdadres,0363010000543480,,,,,,
0363200000006292,1,3,2010-11-04T21:57:26,41,False,,3,1094KB,3594,1005-01-01T00:00:00,,0363300000002530,1,Verblijfsobject,1005-01-01,GV00000402,,Naamgeving uitgegeven,Hoofdadres,0363010000543481,,,,,,
0363200000006297,1,3,2010-11-04T21:57:27,43,False,,H,1094KB,3594,1005-01-01T00:00:00,,0363300000002530,1,Verblijfsobject,1005-01-01,GV00000402,,Naamgeving uitgegeven,Hoofdadres,0363010000543486,,,,,,
0363200000006298,1,3,2010-11-04T21:57:27,43,False,,1,1094KB,3594,1005-01-01T00:00:00,,0363300000002530,1,Verblijfsobject,1005-01-01,GV00000402,,Naamgeving uitgegeven,Hoofdadres,0363010000543487,,,,,,
0363200000006299,1,3,2010-11-04T21:57:27,43,False,,2,1094KB,3594,1005-01-01T00:00:00,,0363300000002530,1,Verblijfsobject,1005-01-01,GV00000402,,Naamgeving uitgegeven,Hoofdadres,0363010000543488,,,,,,
0363200000006300,1,3,2010-11-04T21:57:27,43,False,,3,1094KB,3594,1005-01-01T00:00:00,,0363300000002530,1,Verblijfsobject,1005-01-01,GV00000402,,Naamgeving uitgegeven,Hoofdadres,0363010000543489,,,,,,
0363200000006307,1,3,2010-11-04T21:57:28,45,False,,2,1094KB,3594,1005-01-01T00:00:00,,0363300000002530,1,Verblijfsobject,1005-01-01,GV00000402,,Naamgeving uitgegeven,Hoofdadres,0363010000543496,,,,,,
0363200000006308,1,3,2010-11-04T21:57:28,45,False,,3,1094KB,3594,1005-01-01T00:00:00,,0363300000002530,1,Verblijfsobject,1005-01-01,GV00000402,,Naamgeving uitgegeven,Hoofdadres,0363010000543497,,,,,,
0363200000006313,1,3,2010-11-04T21:57:29,47,False,,H,1094KB,3594,1005-01-01T00:00:00,,0363300000002530,1,Verblijfsobject,1005-01-01,GV00000402,,Naamgeving uitgegeven,Hoofdadres,0363010000543502,,,,,,
0363200000006314,1,3,2010-11-04T21:57:29,47,False,,1,1094KB,3594,1005-01-01T00:00:00,,0363300000002530,1,Verblijfsobject,1005-01-01,GV00000402,,Naamgeving uitgegeven,Hoofdadres,0363010000543503,,,,,,
0363200000006315,1,3,2010-11-04T21:57:29,47,False,,2,1094KB,3594,1005-01-01T00:00:00,,0363300000002530,1,Verblijfsobject,1005-01-01,GV00000402,,Naamgeving uitgegeven,Hoofdadres,0363010000543504,,,,,,
0363200000006316,1,3,2010-11-04T21:57:29,47,False,,3,1094KB,3594,1005-01-01T00:00:00,,0363300000002530,1,Verblijfsobject,1005-01-01,GV00000402,,Naamgeving uitgegeven,Hoofdadres,0363010000543505,,,,,,
0363200000006321,1,3,2010-11-04T21:57:30,49,False,A,,1094KB,3594,1915-01-01T00:00:00,,0363300000002530,1,Verblijfsobject,1915-01-01,GV00000402,,Naamgeving uitgegeven,Hoofdadres,0363010000543510,,,,,,
0363200000006322,1,3,2010-11-04T21:57:30,49,False,B,,1094KB,3594,1915-01-01T00:00:00,,0363300000002530,1,Verblijfsobject,1915-01-01,GV00000402,,Naamgeving uitgegeven,Hoofdadres,0363010000543511,,,,,,
0363200000006327,1,3,2010-11-04T21:57:31,51,False,A,,1094KB,3594,1915-01-01T00:00:00,,0363300000002530,1,Verblijfsobject,1915-01-01,GV00000402,,Naamgeving uitgegeven,Hoofdadres,0363010000543516,,,,,,
0363200000006328,1,3,2010-11-04T21:57:31,51,False,B,,1094KB,3594,1915-01-01T00:00:00,,0363300000002530,1,Verblijfsobject,1915-01-01,GV00000402,,Naamgeving uitgegeven,Hoofdadres,0363010000543517,,,,,,
0363200000006329,1,3,2010-11-04T21:57:31,51,False,C,,1094KB,3594,1915-01-01T00:00:00,,0363300000002530,1,Verblijfsobject,1915-01-01,GV00000402,,Naamgeving uitgegeven,Hoofdadres,0363010000543518,,,,,,
0363200000006330,1,3,2010-11-04T21:57:31,51,False,D,,1094KB,3594,1915-01-01T00:00:00,,0363300000002530,1,Verblijfsobject,1915-01-01,GV00000402,,Naamgeving uitgegeven,Hoofdadres,0363010000543519,,,,,,
0363200000006331,1,3,2010-11-04T21:57:31,51,False,E,,1094KB,3594,1915-01-01T00:00:00,,0363300000002530,1,Verblijfsobject,1915-01-01,GV00000402,,Naamgeving uitgegeven,Hoofdadres,0363010000543520,,,,,,
0363200000006332,1,3,2010-11-04T21:57:31,51,False,F,,1094KB,3594,1915-01-01T00:00:00,,0363300000002530,1,Verblijfsobject,1915-01-01,GV00000402,,Naamgeving uitgegeven,Hoofdadres,0363010000543521,,,,,,
0363200000006337,1,3,2010-11-04T21:57:32,53,False,,,1094KC,3594,1915-01-01T00:00:00,,0363300000002530,1,Verblijfsobject,1915-01-01,GV00000402,,Naamgeving uitgegeven,Hoofdadres,0363010000543526,,,,,,
0363200000006342,1,3,2010-11-04T21:57:33,55,False,A,,1094KC,3594,1915-01-01T00:00:00,,0363300000002530,1,Verblijfsobject,1915-01-01,GV00000402,,Naamgeving uitgegeven,Hoofdadres,0363010000543531,,,,,,
0363200000006343,1,3,2010-11-04T21:57:33,55,False,B,,1094KC,3594,1915-01-01T00:00:00,,0363300000002530,1,Verblijfsobject,1915-01-01,GV00000402,,Naamgeving uitgegeven,Hoofdadres,0363010000543532,,,,,,
0363200000006344,1,3,2010-11-04T21:57:33,55,False,C,,1094KC,3594,1915-01-01T00:00:00,,0363300000002530,1,Verblijfsobject,1915-01-01,GV00000402,,Naamgeving uitgegeven,Hoofdadres,0363010000543533,,,,,,
0363200000006345,1,3,2010-11-04T21:57:33,55,False,D,,1094KC,3594,1915-01-01T00:00:00,,0363300000002530,1,Verblijfsobject,1915-01-01,GV00000402,,Naamgeving uitgegeven,Hoofdadres,0363010000543534,,,,,,
0363200000006346,1,3,2010-11-04T21:57:33,55,False,E,,1094KC,3594,1915-01-01T00:00:00,,0363300000002530,1,Verblijfsobject,1915-01-01,GV00000402,,Naamgeving uitgegeven,Hoofdadres,0363010000543535,,,,,,
0363200000006347,1,3,2010-11-04T21:57:33,55,False,F,,1094KC,3594,1915-01-01T00:00:00,,0363300000002530,1,Verblijfsobject,1915-01-01,GV00000402,,Naamgeving uitgegeven,Hoofdadres,0363010000543536,,,,,,
0363200000006352,1,3,2010-11-04T21:57:34,57,False,A,,1094KC,3594,1915-01-01T00:00:00,,0363300000002530,1,Verblijfsobject,1915-01-01,GV00000402,,Naamgeving uitgegeven,Hoofdadres,0363010000543541,,,,,,
0363200000006353,1,3,2010-11-04T21:57:34,57,False,B,,1094KC,3594,1915-01-01T00:00:00,,0363300000002530,1,Verblijfsobject,1915-01-01,GV00000402,,Naamgeving uitgegeven,Hoofdadres,0363010000543542,,,,,,
0363200000006354,1,3,2010-11-04T21:57:34,57,False,C,,1094KC,3594,1915-01-01T00:00:00,,0363300000002530,1,Verblijfsobject,1915-01-01,GV00000402,,Naamgeving uitgegeven,Hoofdadres,0363010000543543,,,,,,
0363200000006355,1,3,2010-11-04T21:57:34,57,False,D,,1094KC,3594,1915-01-01T00:00:00,,0363300000002530,1,Verblijfsobject,1915-01-01,GV00000402,,Naamgeving uitgegeven,Hoofdadres,0363010000543544,,,,,,
0363200000006356,1,3,2010-11-04T21:57:35,57,False,E,,1094KC,3594,1915-01-01T00:00:00,,0363300000002530,1,Verblijfsobject,1915-01-01,GV00000402,,Naamgeving uitgegeven,Hoofdadres,0363010000543545,,,,,,
0363200000006357,1,3,2010-11-04T21:57:35,57,False,F,,1094KC,3594,1915-01-01T00:00:00,,0363300000002530,1,Verblijfsobject,1915-01-01,GV00000402,,Naamgeving uitgegeven,Hoofdadres,0363010000543546,,,,,,
0363200000006362,1,3,2010-11-04T21:57:35,59,False,A,,1094KC,3594,1915-01-01T00:00:00,,0363300000002530,1,Verblijfsobject,1915-01-01,GV00000402,,Naamgeving uitgegeven,Hoofdadres,0363010000543551,,,,,,
0363200000006363,1,3,2010-11-04T21:57:36,59,False,B,,1094KC,3594,1915-01-01T00:00:00,,0363300000002530,1,Verblijfsobject,1915-01-01,GV00000402,,Naamgeving uitgegeven,Hoofdadres,0363010000543552,,,,,,
0363200000006369,1,3,2010-11-04T21:57:36,61,False,,2,1094KC,3594,1912-01-01T00:00:00,,0363300000002530,1,Verblijfsobject,1912-01-01,GV00000402,,Naamgeving uitgegeven,Hoofdadres,0363010000543558,,,,,,
0363200000006370,1,3,2010-11-04T21:57:36,61,False,,3,1094KC,3594,1912-01-01T00:00:00,,0363300000002530,1,Verblijfsobject,1912-01-01,GV00000402,,Naamgeving uitgegeven,Hoofdadres,0363010000543559,,,,,,
0363200000006372,1,3,2010-11-04T21:57:36,63,False,,H,1094KC,3594,1912-01-01T00:00:00,,0363300000002530,1,Verblijfsobject,1912-01-01,GV00000402,,Naamgeving uitgegeven,Hoofdadres,0363010000543561,,,,,,
0363200000006373,1,3,2010-11-04T21:57:36,63,False,,1,1094KC,3594,1912-01-01T00:00:00,,0363300000002530,1,Verblijfsobject,1912-01-01,GV00000402,,Naamgeving uitgegeven,Hoofdadres,0363010000543562,,,,,,
0363200000006374,1,3,2010-11-04T21:57:37,63,False,,2,1094KC,3594,1912-01-01T00:00:00,,0363300000002530,1,Verblijfsobject,1912-01-01,GV00000402,,Naamgeving uitgegeven,Hoofdadres,0363010000543563,,,,,,
0363200000006375,1,3,2010-11-04T21:57:37,63,False,,3,1094KC,3594,1912-01-01T00:00:00,,0363300000002530,1,Verblijfsobject,1912-01-01,GV00000402,,Naamgeving uitgegeven,Hoofdadres,0363010000543564,,,,,,
0363200000006376,1,3,2010-11-04T21:57:37,65,False,,H,1094KC,3594,1912-01-01T00:00:00,,0363300000002530,1,Verblijfsobject,1912-01-01,GV00000402,,Naamgeving uitgegeven,Hoofdadres,0363010000543565,,,,,,
0363200000006377,1,3,2010-11-04T21:57:37,65,False,,1,1094KC,3594,1912-01-01T00:00:00,,0363300000002530,1,Verblijfsobject,1912-01-01,GV00000402,,Naamgeving uitgegeven,Hoofdadres,0363010000543566,,,,,,
0363200000006378,1,3,2010-11-04T21:57:37,65,False,,2,1094KC,3594,1912-01-01T00:00:00,,0363300000002530,1,Verblijfsobject,1912-01-01,GV00000402,,Naamgeving uitgegeven,Hoofdadres,0363010000543567,,,,,,
0363200000006379,1,3,2010-11-04T21:57:37,65,False,,3,1094KC,3594,1912-01-01T00:00:00,,0363300000002530,1,Verblijfsobject,1912-01-01,GV00000402,,Naamgeving uitgegeven,Hoofdadres,0363010000543568,,,,,,
0363200000006380,1,3,2010-11-04T21:57:37,67,False,,H,1094KC,3594,1912-01-01T00:00:00,,0363300000002530,1,Verblijfsobject,1912-01-01,GV00000402,,Naamgeving uitgegeven,Hoofdadres,0363010000543569,,,,,,
0363200000006381,1,3,2010-11-04T21:57:37,67,False,,1,1094KC,3594,1912-01-01T00:00:00,,0363300000002530,1,Verblijfsobject,1912-01-01,GV00000402,,Naamgeving uitgegeven,Hoofdadres,0363010000543570,,,,,,
0363200000006382,1,3,2010-11-04T21:57:38,67,False,,2,1094KC,3594,1912-01-01T00:00:00,,0363300000002530,1,Verblijfsobject,1912-01-01,GV00000402,,Naamgeving uitgegeven,Hoofdadres,0363010000543571,,,,,,
0363200000006383,1,3,2010-11-04T21:57:38,67,False,,3,1094KC,3594,1912-01-01T00:00:00,,0363300000002530,1,Verblijfsobject,1912-01-01,GV00000402,,Naamgeving uitgegeven,Hoofdadres,0363010000543572,,,,,,
0363200000006384,1,3,2010-11-04T21:57:38,69,False,,H,1094KC,3594,1912-01-01T00:00:00,,0363300000002530,1,Verblijfsobject,1912-01-01,GV00000402,,Naamgeving uitgegeven,Hoofdadres,0363010000543573,,,,,,
0363200000006385,1,3,2010-11-04T21:57:38,69,False,,1,1094KC,3594,1912-01-01T00:00:00,,0363300000002530,1,Verblijfsobject,1912-01-01,GV00000402,,Naamgeving uitgegeven,Hoofdadres,0363010000543574,,,,,,
0363200000006386,1,3,2010-11-04T21:57:38,69,False,,2,1094KC,3594,1912-01-01T00:00:00,,0363300000002530,1,Verblijfsobject,1912-01-01,GV00000402,,Naamgeving uitgegeven,Hoofdadres,0363010000543575,,,,,,
0363200000006387,1,3,2010-11-04T21:57:38,69,False,,3,1094KC,3594,1912-01-01T00:00:00,,0363300000002530,1,Verblijfsobject,1912-01-01,GV00000402,,Naamgeving uitgegeven,Hoofdadres,0363010000543576,,,,,,
0363200000006388,1,3,2010-11-04T21:57:38,71,False,,H,1094KD,3594,1911-01-01T00:00:00,,0363300000002530,1,Verblijfsobject,1911-01-01,GV00000402,,Naamgeving uitgegeven,Hoofdadres,0363010000543577,,,,,,
0363200000006389,1,3,2010-11-04T21:57:39,71,False,,1,1094KD,3594,1911-01-01T00:00:00,,0363300000002530,1,Verblijfsobject,1911-01-01,GV00000402,,Naamgeving uitgegeven,Hoofdadres,0363010000543578,,,,,,
0363200000006390,1,3,2010-11-04T21:57:39,71,False,,2,1094KD,3594,1911-01-01T00:00:00,,0363300000002530,1,Verblijfsobject,1911-01-01,GV00000402,,Naamgeving uitgegeven,Hoofdadres,0363010000543579,,,,,,
0363200000006391,1,3,2010-11-04T21:57:39,71,False,,3,1094KD,3594,1911-01-01T00:00:00,,0363300000002530,1,Verblijfsobject,1911-01-01,GV00000402,,Naamgeving uitgegeven,Hoofdadres,0363010000543580,,,,,,
0363200000006392,1,3,2010-11-04T21:57:39,73,False,,H,1094KD,3594,1911-01-01T00:00:00,,0363300000002530,1,Verblijfsobject,1911-01-01,GV00000402,,Naamgeving uitgegeven,Hoofdadres,0363010000543581,,,,,,
0363200000006393,1,3,2010-11-04T21:57:39,73,False,,1,1094KD,3594,1911-01-01T00:00:00,,0363300000002530,1,Verblijfsobject,1911-01-01,GV00000402,,Naamgeving uitgegeven,Hoofdadres,0363010000543582,,,,,,
0363200000006394,1,3,2010-11-04T21:57:39,73,False,,2,1094KD,3594,1911-01-01T00:00:00,,0363300000002530,1,Verblijfsobject,1911-01-01,GV00000402,,Naamgeving uitgegeven,Hoofdadres,0363010000543583,,,,,,
0363200000006395,1,3,2010-11-04T21:57:39,73,False,,3,1094KD,3594,1911-01-01T00:00:00,,0363300000002530,1,Verblijfsobject,1911-01-01,GV00000402,,Naamgeving uitgegeven,Hoofdadres,0363010000543584,,,,,,
0363200000006402,1,3,2010-11-04T21:57:40,77,False,,2,1094KD,3594,1911-01-01T00:00:00,,0363300000002530,1,Verblijfsobject,1911-01-01,GV00000402,,Naamgeving uitgegeven,Hoofdadres,0363010000543591,,,,,,
0363200000006403,1,3,2010-11-04T21:57:40,77,False,,3,1094KD,3594,1911-01-01T00:00:00,,0363300000002530,1,Verblijfsobject,1911-01-01,GV00000402,,Naamgeving uitgegeven,Hoofdadres,0363010000543592,,,,,,
0363200000006404,1,3,2010-11-04T21:57:40,79,False,,H,1094KD,3594,1005-01-01T00:00:00,,0363300000002530,1,Verblijfsobject,1005-01-01,GV00000402,,Naamgeving uitgegeven,Hoofdadres,0363010000543593,,,,,,
0363200000006405,1,3,2010-11-04T21:57:41,79,False,,1,1094KD,3594,1005-01-01T00:00:00,,0363300000002530,1,Verblijfsobject,1005-01-01,GV00000402,,Naamgeving uitgegeven,Hoofdadres,0363010000543594,,,,,,
0363200000006406,1,3,2010-11-04T21:57:41,79,False,,2,1094KD,3594,1005-01-01T00:00:00,,0363300000002530,1,Verblijfsobject,1005-01-01,GV00000402,,Naamgeving uitgegeven,Hoofdadres,0363010000543595,,,,,,
0363200000006407,1,3,2010-11-04T21:57:41,79,False,,3,1094KD,3594,1005-01-01T00:00:00,,0363300000002530,1,Verblijfsobject,1005-01-01,GV00000402,,Naamgeving uitgegeven,Hoofdadres,0363010000543596,,,,,,
0363200000006408,1,3,2010-11-04T21:57:41,81,False,,H,1094KD,3594,1005-01-01T00:00:00,,0363300000002530,1,Verblijfsobject,1005-01-01,GV00000402,,Naamgeving uitgegeven,Hoofdadres,0363010000543597,,,,,,
0363200000006409,1,3,2010-11-04T21:57:41,81,False,,1,1094KD,3594,1005-01-01T00:00:00,,0363300000002530,1,Verblijfsobject,1005-01-01,GV00000402,,Naamgeving uitgegeven,Hoofdadres,0363010000543598,,,,,,
0363200000006410,1,3,2010-11-04T21:57:41,81,False,,2,1094KD,3594,1005-01-01T00:00:00,,0363300000002530,1,Verblijfsobject,1005-01-01,GV00000402,,Naamgeving uitgegeven,Hoofdadres,0363010000543599,,,,,,
0363200000006411,1,3,2010-11-04T21:57:41,81,False,,3,1094KD,3594,1005-01-01T00:00:00,,0363300000002530,1,Verblijfsobject,1005-01-01,GV00000402,,Naamgeving uitgegeven,Hoofdadres,0363010000543600,,,,,,
0363200000006412,1,3,2010-11-04T21:57:42,83,False,,H,1094KD,3594,1005-01-01T00:00:00,,0363300000002530,1,Verblijfsobject,1005-01-01,GV00000402,,Naamgeving uitgegeven,Hoofdadres,0363010000543602,,,,,,
0363200000006413,1,3,2010-11-04T21:57:42,83,False,,1,1094KD,3594,1005-01-01T00:00:00,,0363300000002530,1,Verblijfsobject,1005-01-01,GV00000402,,Naamgeving uitgegeven,Hoofdadres,0363010000543603,,,,,,
0363200000006414,1,3,2010-11-04T21:57:42,83,False,,2,1094KD,3594,1005-01-01T00:00:00,,0363300000002530,1,Verblijfsobject,1005-01-01,GV00000402,,Naamgeving uitgegeven,Hoofdadres,0363010000543604,,,,,,
0363200000006415,1,3,2010-11-04T21:57:42,83,False,,3,1094KD,3594,1005-01-01T00:00:00,,0363300000002530,1,Verblijfsobject,1005-01-01,GV00000402,,Naamgeving uitgegeven,Hoofdadres,0363010000543605,,,,,,
0363200000006427,1,3,2010-11-04T21:57:42,91,False,,H,1094KE,3594,1915-01-01T00:00:00,,0363300000002530,1,Verblijfsobject,1915-01-01,GV00000402,,Naamgeving uitgegeven,Hoofdadres,0363010000543617,,,,,,
0363200000006428,1,3,2010-11-04T21:57:42,91,False,,1,1094KE,3594,1915-01-01T00:00:00,,0363300000002530,1,Verblijfsobject,1915-01-01,GV00000402,,Naamgeving uitgegeven,Hoofdadres,0363010000543618,,,,,,
0363200000006429,1,3,2010-11-04T21:57:43,91,False,,2,1094KE,3594,1915-01-01T00:00:00,,0363300000002530,1,Verblijfsobject,1915-01-01,GV00000402,,Naamgeving uitgegeven,Hoofdadres,0363010000543619,,,,,,
0363200000006430,1,3,2010-11-04T21:57:43,91,False,,3,1094KE,3594,1915-01-01T00:00:00,,0363300000002530,1,Verblijfsobject,1915-01-01,GV00000402,,Naamgeving uitgegeven,Hoofdadres,0363010000543620,,,,,,
0363200000006435,1,3,2010-11-04T21:57:43,93,False,,H,1094KE,3594,1915-01-01T00:00:00,,0363300000002530,1,Verblijfsobject,1915-01-01,GV00000402,,Naamgeving uitgegeven,Hoofdadres,0363010000543625,,,,,,
0363200000006436,1,3,2010-11-04T21:57:43,93,False,,1,1094KE,3594,1915-01-01T00:00:00,,0363300000002530,1,Verblijfsobject,1915-01-01,GV00000402,,Naamgeving uitgegeven,Hoofdadres,0363010000543626,,,,,,
0363200000006437,1,3,2010-11-04T21:57:44,93,False,,2,1094KE,3594,1915-01-01T00:00:00,,0363300000002530,1,Verblijfsobject,1915-01-01,GV00000402,,Naamgeving uitgegeven,Hoofdadres,0363010000543627,,,,,,
0363200000006438,1,3,2010-11-04T21:57:44,93,False,,3,1094KE,3594,1915-01-01T00:00:00,,0363300000002530,1,Verblijfsobject,1915-01-01,GV00000402,,Naamgeving uitgegeven,Hoofdadres,0363010000543628,,,,,,
0363200000006443,1,3,2010-11-04T21:57:44,95,False,,H,1094KE,3594,1915-01-01T00:00:00,,0363300000002530,1,Verblijfsobject,1915-01-01,GV00000402,,Naamgeving uitgegeven,Hoofdadres,0363010000543632,,,,,,
0363200000006444,1,3,2010-11-04T21:57:44,95,False,,1,1094KE,3594,1915-01-01T00:00:00,,0363300000002530,1,Verblijfsobject,1915-01-01,GV00000402,,Naamgeving uitgegeven,Hoofdadres,0363010000543633,,,,,,
0363200000006445,1,3,2010-11-04T21:57:45,95,False,,2,1094KE,3594,1915-01-01T00:00:00,,0363300000002530,1,Verblijfsobject,1915-01-01,GV00000402,,Naamgeving uitgegeven,Hoofdadres,0363010000543634,,,,,,
0363200000006446,1,3,2010-11-04T21:57:45,95,False,,3,1094KE,3594,1915-01-01T00:00:00,,0363300000002530,1,Verblijfsobject,1915-01-01,GV00000402,,Naamgeving uitgegeven,Hoofdadres,0363010000543635,,,,,,
0363200000006451,1,3,2010-11-04T21:57:46,97,False,,H,1094KE,3594,1915-01-01T00:00:00,,0363300000002530,1,Verblijfsobject,1915-01-01,GV00000402,,Naamgeving uitgegeven,Hoofdadres,0363010000543640,,,,,,
0363200000006452,1,3,2010-11-04T21:57:46,97,False,,1,1094KE,3594,1915-01-01T00:00:00,,0363300000002530,1,Verblijfsobject,1915-01-01,GV00000402,,Naamgeving uitgegeven,Hoofdadres,0363010000543641,,,,,,
0363200000006453,1,3,2010-11-04T21:57:46,97,False,,2,1094KE,3594,1915-01-01T00:00:00,,0363300000002530,1,Verblijfsobject,1915-01-01,GV00000402,,Naamgeving uitgegeven,Hoofdadres,0363010000543642,,,,,,
0363200000006454,1,3,2010-11-04T21:57:46,97,False,,3,1094KE,3594,1915-01-01T00:00:00,,0363300000002530,1,Verblijfsobject,1915-01-01,GV00000402,,Naamgeving uitgegeven,Hoofdadres,0363010000543643,,,,,,
0363200000006459,1,3,2010-11-04T21:57:47,99,False,,H,1094KE,3594,1915-01-01T00:00:00,,0363300000002530,1,Verblijfsobject,1915-01-01,GV00000402,,Naamgeving uitgegeven,Hoofdadres,0363010000543648,,,,,,
0363200000006460,1,3,2010-11-04T21:57:47,99,False,,1,1094KE,3594,1915-01-01T00:00:00,,0363300000002530,1,Verblijfsobject,1915-01-01,GV00000402,,Naamgeving uitgegeven,Hoofdadres,0363010000543649,,,,,,
0363200000006461,1,3,2010-11-04T21:57:47,99,False,,2,1094KE,3594,1915-01-01T00:00:00,,0363300000002530,1,Verblijfsobject,1915-01-01,GV00000402,,Naamgeving uitgegeven,Hoofdadres,0363010000543650,,,,,,
0363200000006462,1,3,2010-11-04T21:57:47,99,False,,3,1094KE,3594,1915-01-01T00:00:00,,0363300000002530,1,Verblijfsobject,1915-01-01,GV00000402,,Naamgeving uitgegeven,Hoofdadres,0363010000543651,,,,,,
0363200000006467,1,3,2010-11-04T21:57:48,101,False,,H,1094KG,3594,1915-01-01T00:00:00,,0363300000002530,1,Verblijfsobject,1915-01-01,GV00000402,,Naamgeving uitgegeven,Hoofdadres,0363010000543656,,,,,,
0363200000006468,1,3,2010-11-04T21:57:48,101,False,,1,1094KG,3594,1915-01-01T00:00:00,,0363300000002530,1,Verblijfsobject,1915-01-01,GV00000402,,Naamgeving uitgegeven,Hoofdadres,0363010000543657,,,,,,
0363200000006469,1,3,2010-11-04T21:57:48,101,False,,2,1094KG,3594,1915-01-01T00:00:00,,0363300000002530,1,Verblijfsobject,1915-01-01,GV00000402,,Naamgeving uitgegeven,Hoofdadres,0363010000543658,,,,,,
0363200000006470,1,3,2010-11-04T21:57:48,101,False,,3,1094KG,3594,1915-01-01T00:00:00,,0363300000002530,1,Verblijfsobject,1915-01-01,GV00000402,,Naamgeving uitgegeven,Hoofdadres,0363010000543659,,,,,,
0363200000006475,1,3,2010-11-04T21:57:49,103,False,,H,1094KG,3594,1915-01-01T00:00:00,,0363300000002530,1,Verblijfsobject,1915-01-01,GV00000402,,Naamgeving uitgegeven,Hoofdadres,0363010000543664,,,,,,
0363200000006476,1,3,2010-11-04T21:57:49,103,False,,1,1094KG,3594,1915-01-01T00:00:00,,0363300000002530,1,Verblijfsobject,1915-01-01,GV00000402,,Naamgeving uitgegeven,Hoofdadres,0363010000543665,,,,,,
0363200000006477,1,3,2010-11-04T21:57:49,103,False,,2,1094KG,3594,1915-01-01T00:00:00,,0363300000002530,1,Verblijfsobject,1915-01-01,GV00000402,,Naamgeving uitgegeven,Hoofdadres,0363010000543666,,,,,,
0363200000006478,1,3,2010-11-04T21:57:49,103,False,,3,1094KG,3594,1915-01-01T00:00:00,,0363300000002530,1,Verblijfsobject,1915-01-01,GV00000402,,Naamgeving uitgegeven,Hoofdadres,0363010000543667,,,,,,
0363200000006483,1,3,2010-11-04T21:57:50,105,False,,H,1094KG,3594,1915-01-01T00:00:00,,0363300000002530,1,Verblijfsobject,1915-01-01,GV00000402,,Naamgeving uitgegeven,Hoofdadres,0363010000543672,,,,,,
0363200000006484,1,3,2010-11-04T21:57:50,105,False,,1,1094KG,3594,1915-01-01T00:00:00,,0363300000002530,1,Verblijfsobject,1915-01-01,GV00000402,,Naamgeving uitgegeven,Hoofdadres,0363010000543673,,,,,,
0363200000006485,1,3,2010-11-04T21:57:50,105,False,,2,1094KG,3594,1915-01-01T00:00:00,,0363300000002530,1,Verblijfsobject,1915-01-01,GV00000402,,Naamgeving uitgegeven,Hoofdadres,0363010000543674,,,,,,
0363200000006486,1,3,2010-11-04T21:57:50,105,False,,3,1094KG,3594,1915-01-01T00:00:00,,0363300000002530,1,Verblijfsobject,1915-01-01,GV00000402,,Naamgeving uitgegeven,Hoofdadres,0363010000543675,,,,,,
0363200000006491,1,3,2010-11-04T21:57:51,107,False,,H,1094KG,3594,1005-01-01T00:00:00,,0363300000002530,1,Verblijfsobject,1005-01-01,GV00000402,,Naamgeving uitgegeven,Hoofdadres,0363010000543680,,,,,,
0363200000006492,1,3,2010-11-04T21:57:52,107,False,,1,1094KG,3594,1005-01-01T00:00:00,,0363300000002530,1,Verblijfsobject,1005-01-01,GV00000402,,Naamgeving uitgegeven,Hoofdadres,0363010000543681,,,,,,
0363200000006493,1,3,2010-11-04T21:57:52,107,False,,2,1094KG,3594,1005-01-01T00:00:00,,0363300000002530,1,Verblijfsobject,1005-01-01,GV00000402,,Naamgeving uitgegeven,Hoofdadres,0363010000543682,,,,,,
0363200000006494,1,3,2010-11-04T21:57:52,107,False,,3,1094KG,3594,1005-01-01T00:00:00,,0363300000002530,1,Verblijfsobject,1005-01-01,GV00000402,,Naamgeving uitgegeven,Hoofdadres,0363010000543683,,,,,,
0363200000006495,1,3,2010-11-04T21:57:52,108,False,,H,1094KS,3594,1005-01-01T00:00:00,,0363300000002530,1,Verblijfsobject,1005-01-01,GV00000402,,Naamgeving uitgegeven,Hoofdadres,0363010000543684,,,,,,
0363200000006496,1,3,2010-11-04T21:57:52,108,False,,1,1094KS,3594,1005-01-01T00:00:00,,0363300000002530,1,Verblijfsobject,1005-01-01,GV00000402,,Naamgeving uitgegeven,Hoofdadres,0363010000543685,,,,,,
0363200000006497,1,3,2010-11-04T21:57:52,108,False,,2,1094KS,3594,1005-01-01T00:00:00,,0363300000002530,1,Verblijfsobject,1005-01-01,GV00000402,,Naamgeving uitgegeven,Hoofdadres,0363010000543686,,,,,,
0363200000006498,1,3,2010-11-04T21:57:53,108,False,,3,1094KS,3594,1005-01-01T00:00:00,,0363300000002530,1,Verblijfsobject,1005-01-01,GV00000402,,Naamgeving uitgegeven,Hoofdadres,0363010000543687,,,,,,
0363200000006499,1,3,2010-11-04T21:57:53,109,False,,H,1094KG,3594,1005-01-01T00:00:00,,0363300000002530,1,Verblijfsobject,1005-01-01,GV00000402,,Naamgeving uitgegeven,Hoofdadres,0363010000543688,,,,,,
0363200000006500,1,3,2010-11-04T21:57:53,109,False,,1,1094KG,3594,1005-01-01T00:00:00,,0363300000002530,1,Verblijfsobject,1005-01-01,GV00000402,,Naamgeving uitgegeven,Hoofdadres,0363010000543689,,,,,,
0363200000006501,1,3,2010-11-04T21:57:53,109,False,,2,1094KG,3594,1005-01-01T00:00:00,,0363300000002530,1,Verblijfsobject,1005-01-01,GV00000402,,Naamgeving uitgegeven,Hoofdadres,0363010000543690,,,,,,
0363200000006502,1,3,2010-11-04T21:57:53,109,False,,3,1094KG,3594,1005-01-01T00:00:00,,0363300000002530,1,Verblijfsobject,1005-01-01,GV00000402,,Naamgeving uitgegeven,Hoofdadres,0363010000543691,,,,,,
0363200000006503,1,3,2010-11-04T21:57:53,110,False,,H,1094KS,3594,1005-01-01T00:00:00,,0363300000002530,1,Verblijfsobject,1005-01-01,GV00000402,,Naamgeving uitgegeven,Hoofdadres,0363010000543692,,,,,,
0363200000006504,1,3,2010-11-04T21:57:53,110,False,,1,1094KS,3594,1005-01-01T00:00:00,,0363300000002530,1,Verblijfsobject,1005-01-01,GV00000402,,Naamgeving uitgegeven,Hoofdadres,0363010000543693,,,,,,
0363200000006505,1,3,2010-11-04T21:57:54,110,False,,2,1094KS,3594,1005-01-01T00:00:00,,0363300000002530,1,Verblijfsobject,1005-01-01,GV00000402,,Naamgeving uitgegeven,Hoofdadres,0363010000543694,,,,,,
0363200000006506,1,3,2010-11-04T21:57:54,110,False,,3,1094KS,3594,1005-01-01T00:00:00,,0363300000002530,1,Verblijfsobject,1005-01-01,GV00000402,,Naamgeving uitgegeven,Hoofdadres,0363010000543695,,,,,,
0363200000006507,1,3,2010-11-04T21:57:54,111,False,,H,1094KG,3594,1005-01-01T00:00:00,,0363300000002530,1,Verblijfsobject,1005-01-01,GV00000402,,Naamgeving uitgegeven,Hoofdadres,0363010000543696,,,,,,
0363200000006508,1,3,2010-11-04T21:57:54,111,False,,1,1094KG,3594,1005-01-01T00:00:00,,0363300000002530,1,Verblijfsobject,1005-01-01,GV00000402,,Naamgeving uitgegeven,Hoofdadres,0363010000543697,,,,,,
0363200000006509,1,3,2010-11-04T21:57:54,111,False,,2,1094KG,3594,1005-01-01T00:00:00,,0363300000002530,1,Verblijfsobject,1005-01-01,GV00000402,,Naamgeving uitgegeven,Hoofdadres,0363010000543698,,,,,,
0363200000006510,1,3,2010-11-04T21:57:54,111,False,,3,1094KG,3594,1005-01-01T00:00:00,,0363300000002530,1,Verblijfsobject,1005-01-01,GV00000402,,Naamgeving uitgegeven,Hoofdadres,0363010000543699,,,,,,
0363200000006511,1,3,2010-11-04T21:57:54,112,False,,H,1094KS,3594,1005-01-01T00:00:00,,0363300000002530,1,Verblijfsobject,1005-01-01,GV00000402,,Naamgeving uitgegeven,Hoofdadres,0363010000543700,,,,,,
0363200000006512,1,3,2010-11-04T21:57:55,112,False,,1,1094KS,3594,1005-01-01T00:00:00,,0363300000002530,1,Verblijfsobject,1005-01-01,GV00000402,,Naamgeving uitgegeven,Hoofdadres,0363010000543701,,,,,,
0363200000006513,1,3,2010-11-04T21:57:55,112,False,,2,1094KS,3594,1005-01-01T00:00:00,,0363300000002530,1,Verblijfsobject,1005-01-01,GV00000402,,Naamgeving uitgegeven,Hoofdadres,0363010000543702,,,,,,
0363200000006514,1,3,2010-11-04T21:57:55,112,False,,3,1094KS,3594,1005-01-01T00:00:00,,0363300000002530,1,Verblijfsobject,1005-01-01,GV00000402,,Naamgeving uitgegeven,Hoofdadres,0363010000543703,,,,,,
0363200000006515,1,3,2010-11-04T21:57:55,113,False,,H,1094KG,3594,1005-01-01T00:00:00,,0363300000002530,1,Verblijfsobject,1005-01-01,GV00000402,,Naamgeving uitgegeven,Hoofdadres,0363010000543704,,,,,,
0363200000006516,1,3,2010-11-04T21:57:55,113,False,,1,1094KG,3594,1005-01-01T00:00:00,,0363300000002530,1,Verblijfsobject,1005-01-01,GV00000402,,Naamgeving uitgegeven,Hoofdadres,0363010000543705,,,,,,
0363200000006517,1,3,2010-11-04T21:57:55,113,False,,2,1094KG,3594,1005-01-01T00:00:00,,0363300000002530,1,Verblijfsobject,1005-01-01,GV00000402,,Naamgeving uitgegeven,Hoofdadres,0363010000543706,,,,,,
0363200000006518,1,3,2010-11-04T21:57:55,113,False,,3,1094KG,3594,1005-01-01T00:00:00,,0363300000002530,1,Verblijfsobject,1005-01-01,GV00000402,,Naamgeving uitgegeven,Hoofdadres,0363010000543707,,,,,,
0363200000006523,1,3,2010-11-04T21:57:56,115,False,,H,1094KH,3594,1912-01-01T00:00:00,,0363300000002530,1,Verblijfsobject,1912-01-01,GV00000402,,Naamgeving uitgegeven,Hoofdadres,0363010000543712,,,,,,
0363200000006524,1,3,2010-11-04T21:57:56,115,False,,1,1094KH,3594,1912-01-01T00:00:00,,0363300000002530,1,Verblijfsobject,1912-01-01,GV00000402,,Naamgeving uitgegeven,Hoofdadres,0363010000543713,,,,,,
0363200000006525,1,3,2010-11-04T21:57:56,115,False,,2,1094KH,3594,1912-01-01T00:00:00,,0363300000002530,1,Verblijfsobject,1912-01-01,GV00000402,,Naamgeving uitgegeven,Hoofdadres,0363010000543714,,,,,,
0363200000006526,1,3,2010-11-04T21:57:56,115,False,,3,1094KH,3594,1912-01-01T00:00:00,,0363300000002530,1,Verblijfsobject,1912-01-01,GV00000402,,Naamgeving uitgegeven,Hoofdadres,0363010000543715,,,,,,
0363200000006527,1,3,2010-11-05T21:20:34,116,False,A,,1094KS,3594,1005-01-01T00:00:00,,0363300000002530,1,Verblijfsobject,1005-01-01,GV00000402,,Naamgeving uitgegeven,Hoofdadres,0363010001007624,,,,,,
0363200000006528,1,3,2010-11-04T21:57:56,116,False,B,,1094KS,3594,1005-01-01T00:00:00,,0363300000002530,1,Verblijfsobject,1005-01-01,GV00000402,,Naamgeving uitgegeven,Hoofdadres,0363010000543717,,,,,,
0363200000006529,1,3,2010-11-04T21:57:56,116,False,C,,1094KS,3594,1005-01-01T00:00:00,,0363300000002530,1,Verblijfsobject,1005-01-01,GV00000402,,Naamgeving uitgegeven,Hoofdadres,0363010000543718,,,,,,
0363200000006530,1,3,2010-11-04T21:57:56,116,False,D,,1094KS,3594,1005-01-01T00:00:00,,0363300000002530,1,Verblijfsobject,1005-01-01,GV00000402,,Naamgeving uitgegeven,Hoofdadres,0363010000543719,,,,,,
0363200000006531,1,3,2010-11-04T21:57:57,117,False,,H,1094KH,3594,1912-01-01T00:00:00,,0363300000002530,1,Verblijfsobject,1912-01-01,GV00000402,,Naamgeving uitgegeven,Hoofdadres,0363010000543720,,,,,,
0363200000006532,1,3,2010-11-04T21:57:57,117,False,,1,1094KH,3594,1912-01-01T00:00:00,,0363300000002530,1,Verblijfsobject,1912-01-01,GV00000402,,Naamgeving uitgegeven,Hoofdadres,0363010000543721,,,,,,
0363200000006533,1,3,2010-11-04T21:57:57,117,False,,2,1094KH,3594,1912-01-01T00:00:00,,0363300000002530,1,Verblijfsobject,1912-01-01,GV00000402,,Naamgeving uitgegeven,Hoofdadres,0363010000543722,,,,,,
0363200000006534,1,3,2010-11-04T21:57:57,117,False,,3,1094KH,3594,1912-01-01T00:00:00,,0363300000002530,1,Verblijfsobject,1912-01-01,GV00000402,,Naamgeving uitgegeven,Hoofdadres,0363010000543723,,,,,,
0363200000006535,1,3,2010-11-05T21:20:35,118,False,A,,1094KS,3594,1005-01-01T00:00:00,,0363300000002530,1,Verblijfsobject,1005-01-01,GV00000402,,Naamgeving uitgegeven,Hoofdadres,0363010001007627,,,,,,
0363200000006536,1,3,2010-11-04T21:57:57,118,False,B,,1094KS,3594,1005-01-01T00:00:00,,0363300000002530,1,Verblijfsobject,1005-01-01,GV00000402,,Naamgeving uitgegeven,Hoofdadres,0363010000543725,,,,,,
0363200000006537,1,3,2010-11-04T21:57:57,118,False,C,,1094KS,3594,1005-01-01T00:00:00,,0363300000002530,1,Verblijfsobject,1005-01-01,GV00000402,,Naamgeving uitgegeven,Hoofdadres,0363010000543726,,,,,,
0363200000006538,1,3,2010-11-04T21:57:57,118,False,D,,1094KS,3594,1005-01-01T00:00:00,,0363300000002530,1,Verblijfsobject,1005-01-01,GV00000402,,Naamgeving uitgegeven,Hoofdadres,0363010000543727,,,,,,
0363200000006539,1,3,2010-11-04T21:57:58,119,False,,H,1094KH,3594,1912-01-01T00:00:00,,0363300000002530,1,Verblijfsobject,1912-01-01,GV00000402,,Naamgeving uitgegeven,Hoofdadres,0363010000543728,,,,,,
0363200000006540,1,3,2010-11-04T21:57:58,119,False,,1,1094KH,3594,1912-01-01T00:00:00,,0363300000002530,1,Verblijfsobject,1912-01-01,GV00000402,,Naamgeving uitgegeven,Hoofdadres,0363010000543729,,,,,,
0363200000006541,1,3,2010-11-04T21:57:58,119,False,,2,1094KH,3594,1912-01-01T00:00:00,,0363300000002530,1,Verblijfsobject,1912-01-01,GV00000402,,Naamgeving uitgegeven,Hoofdadres,0363010000543730,,,,,,
0363200000006542,1,3,2010-11-04T21:57:58,119,False,,3,1094KH,3594,1912-01-01T00:00:00,,0363300000002530,1,Verblijfsobject,1912-01-01,GV00000402,,Naamgeving uitgegeven,Hoofdadres,0363010000543731,,,,,,
0363200000006543,1,3,2010-11-05T21:20:35,120,False,B,,1094KS,3594,1005-01-01T00:00:00,,0363300000002530,1,Verblijfsobject,1005-01-01,GV00000402,,Naamgeving uitgegeven,Hoofdadres,0363010001007629,,,,,,
0363200000006544,1,3,2010-11-04T21:57:58,120,False,A,,1094KS,3594,1005-01-01T00:00:00,,0363300000002530,1,Verblijfsobject,1005-01-01,GV00000402,,Naamgeving uitgegeven,Hoofdadres,0363010000543733,,,,,,
0363200000006545,1,3,2010-11-04T21:57:58,120,False,C,,1094KS,3594,1005-01-01T00:00:00,,0363300000002530,1,Verblijfsobject,1005-01-01,GV00000402,,Naamgeving uitgegeven,Hoofdadres,0363010000543734,,,,,,
0363200000006546,1,3,2010-11-04T21:57:58,120,False,D,,1094KS,3594,1005-01-01T00:00:00,,0363300000002530,1,Verblijfsobject,1005-01-01,GV00000402,,Naamgeving uitgegeven,Hoofdadres,0363010000543735,,,,,,
0363200000006547,1,3,2010-11-04T21:57:59,121,False,,H,1094KH,3594,1912-01-01T00:00:00,,0363300000002530,1,Verblijfsobject,1912-01-01,GV00000402,,Naamgeving uitgegeven,Hoofdadres,0363010000543736,,,,,,
0363200000006548,1,3,2010-11-04T21:57:59,121,False,,1,1094KH,3594,1912-01-01T00:00:00,,0363300000002530,1,Verblijfsobject,1912-01-01,GV00000402,,Naamgeving uitgegeven,Hoofdadres,0363010000543737,,,,,,
0363200000006549,1,3,2010-11-04T21:57:59,121,False,,2,1094KH,3594,1912-01-01T00:00:00,,0363300000002530,1,Verblijfsobject,1912-01-01,GV00000402,,Naamgeving uitgegeven,Hoofdadres,0363010000543738,,,,,,
0363200000006550,1,3,2010-11-04T21:57:59,121,False,,3,1094KH,3594,1912-01-01T00:00:00,,0363300000002530,1,Verblijfsobject,1912-01-01,GV00000402,,Naamgeving uitgegeven,Hoofdadres,0363010000543739,,,,,,
0363200000006553,1,3,2010-11-04T21:57:59,122,False,,2,1094KT,3594,1005-01-01T00:00:00,,0363300000002530,1,Verblijfsobject,1005-01-01,GV00000402,,Naamgeving uitgegeven,Hoofdadres,0363010000543742,,,,,,
0363200000006554,1,3,2010-11-04T21:58:00,122,False,,3,1094KT,3594,1005-01-01T00:00:00,,0363300000002530,1,Verblijfsobject,1005-01-01,GV00000402,,Naamgeving uitgegeven,Hoofdadres,0363010000543743,,,,,,
0363200000006557,1,3,2010-11-04T21:58:00,123,False,,2,1094KH,3594,1912-01-01T00:00:00,,0363300000002530,1,Verblijfsobject,1912-01-01,GV00000402,,Naamgeving uitgegeven,Hoofdadres,0363010000543746,,,,,,
0363200000006558,1,3,2010-11-04T21:58:00,123,False,,3,1094KH,3594,1912-01-01T00:00:00,,0363300000002530,1,Verblijfsobject,1912-01-01,GV00000402,,Naamgeving uitgegeven,Hoofdadres,0363010000543747,,,,,,
0363200000006559,1,3,2010-11-05T21:23:04,124,False,,H,1094KT,3594,1005-01-01T00:00:00,,0363300000002530,1,Verblijfsobject,1005-01-01,GV00000402,,Naamgeving uitgegeven,Hoofdadres,0363010001008429,,,,,,
0363200000006562,1,3,2010-11-04T21:58:00,124,False,,3,1094KT,3594,1005-01-01T00:00:00,,0363300000002530,1,Verblijfsobject,1005-01-01,GV00000402,,Naamgeving uitgegeven,Hoofdadres,0363010000543751,,,,,,
0363200000006563,1,3,2010-11-04T21:58:00,125,False,,H,1094KH,3594,1912-01-01T00:00:00,,0363300000002530,1,Verblijfsobject,1912-01-01,GV00000402,,Naamgeving uitgegeven,Hoofdadres,0363010000543752,,,,,,
0363200000006564,1,3,2010-11-04T21:58:00,125,False,,1,1094KH,3594,1912-01-01T00:00:00,,0363300000002530,1,Verblijfsobject,1912-01-01,GV00000402,,Naamgeving uitgegeven,Hoofdadres,0363010000543753,,,,,,
0363200000006565,1,3,2010-11-04T21:58:01,125,False,,2,1094KH,3594,1912-01-01T00:00:00,,0363300000002530,1,Verblijfsobject,1912-01-01,GV00000402,,Naamgeving uitgegeven,Hoofdadres,0363010000543754,,,,,,
0363200000006566,1,3,2010-11-04T21:58:01,125,False,,3,1094KH,3594,1912-01-01T00:00:00,,0363300000002530,1,Verblijfsobject,1912-01-01,GV00000402,,Naamgeving uitgegeven,Hoofdadres,0363010000543755,,,,,,
0363200000006567,1,3,2010-11-05T20:46:07,126,False,,H,1094KT,3594,1005-01-01T00:00:00,,0363300000002530,1,Verblijfsobject,1005-01-01,GV00000402,,Naamgeving uitgegeven,Hoofdadres,0363010000994262,,,,,,
0363200000006569,1,3,2010-11-04T21:58:01,126,False,,2,1094KT,3594,1005-01-01T00:00:00,,0363300000002530,1,Verblijfsobject,1005-01-01,GV00000402,,Naamgeving uitgegeven,Hoofdadres,0363010000543758,,,,,,
0363200000006570,1,3,2010-11-04T21:58:01,126,False,,3,1094KT,3594,1005-01-01T00:00:00,,0363300000002530,1,Verblijfsobject,1005-01-01,GV00000402,,Naamgeving uitgegeven,Hoofdadres,0363010000543759,,,,,,
0363200000006571,1,3,2010-11-04T21:58:01,127,False,,H,1094KJ,3594,1912-01-01T00:00:00,,0363300000002530,1,Verblijfsobject,1912-01-01,GV00000402,,Naamgeving uitgegeven,Hoofdadres,0363010000543760,,,,,,
0363200000006572,1,3,2010-11-04T21:58:01,127,False,,1,1094KJ,3594,1912-01-01T00:00:00,,0363300000002530,1,Verblijfsobject,1912-01-01,GV00000402,,Naamgeving uitgegeven,Hoofdadres,0363010000543761,,,,,,
0363200000006573,1,3,2010-11-04T21:58:01,127,False,,2,1094KJ,3594,1912-01-01T00:00:00,,0363300000002530,1,Verblijfsobject,1912-01-01,GV00000402,,Naamgeving uitgegeven,Hoofdadres,0363010000543762,,,,,,
0363200000006574,1,3,2010-11-04T21:58:02,127,False,,3,1094KJ,3594,1912-01-01T00:00:00,,0363300000002530,1,Verblijfsobject,1912-01-01,GV00000402,,Naamgeving uitgegeven,Hoofdadres,0363010000543763,,,,,,
0363200000006575,1,3,2010-11-04T21:58:02,128,False,,H,1094KT,3594,1005-01-01T00:00:00,,0363300000002530,1,Verblijfsobject,1005-01-01,GV00000402,,Naamgeving uitgegeven,Hoofdadres,0363010000543764,,,,,,
0363200000006576,1,3,2010-11-04T21:58:02,128,False,,1,1094KT,3594,1005-01-01T00:00:00,,0363300000002530,1,Verblijfsobject,1005-01-01,GV00000402,,Naamgeving uitgegeven,Hoofdadres,0363010000543765,,,,,,
0363200000006577,1,3,2010-11-04T21:58:02,128,False,,2,1094KT,3594,1005-01-01T00:00:00,,0363300000002530,1,Verblijfsobject,1005-01-01,GV00000402,,Naamgeving uitgegeven,Hoofdadres,0363010000543766,,,,,,
0363200000006578,1,3,2010-11-04T21:58:02,128,False,,3,1094KT,3594,1005-01-01T00:00:00,,0363300000002530,1,Verblijfsobject,1005-01-01,GV00000402,,Naamgeving uitgegeven,Hoofdadres,0363010000543767,,,,,,
0363200000006579,1,3,2010-11-04T21:58:03,129,False,,H,1094KJ,3594,1912-01-01T00:00:00,,0363300000002530,1,Verblijfsobject,1912-01-01,GV00000402,,Naamgeving uitgegeven,Hoofdadres,0363010000543768,,,,,,
0363200000006580,1,3,2010-11-04T21:58:03,129,False,,1,1094KJ,3594,1912-01-01T00:00:00,,0363300000002530,1,Verblijfsobject,1912-01-01,GV00000402,,Naamgeving uitgegeven,Hoofdadres,0363010000543769,,,,,,
0363200000006581,1,3,2010-11-04T21:58:03,129,False,,2,1094KJ,3594,1912-01-01T00:00:00,,0363300000002530,1,Verblijfsobject,1912-01-01,GV00000402,,Naamgeving uitgegeven,Hoofdadres,0363010000543770,,,,,,
0363200000006582,1,3,2010-11-04T21:58:03,129,False,,3,1094KJ,3594,1912-01-01T00:00:00,,0363300000002530,1,Verblijfsobject,1912-01-01,GV00000402,,Naamgeving uitgegeven,Hoofdadres,0363010000543771,,,,,,
0363200000006583,1,3,2010-11-04T21:58:03,130,False,,H,1094KT,3594,1005-01-01T00:00:00,,0363300000002530,1,Verblijfsobject,1005-01-01,GV00000402,,Naamgeving uitgegeven,Hoofdadres,0363010000543772,,,,,,
0363200000006584,1,3,2010-11-04T21:58:03,130,False,,1,1094KT,3594,1005-01-01T00:00:00,,0363300000002530,1,Verblijfsobject,1005-01-01,GV00000402,,Naamgeving uitgegeven,Hoofdadres,0363010000543773,,,,,,
0363200000006585,1,3,2010-11-04T21:58:03,130,False,,2,1094KT,3594,1005-01-01T00:00:00,,0363300000002530,1,Verblijfsobject,1005-01-01,GV00000402,,Naamgeving uitgegeven,Hoofdadres,0363010000543774,,,,,,
0363200000006586,1,3,2010-11-04T21:58:04,130,False,,3,1094KT,3594,1005-01-01T00:00:00,,0363300000002530,1,Verblijfsobject,1005-01-01,GV00000402,,Naamgeving uitgegeven,Hoofdadres,0363010000543775,,,,,,
0363200000006587,1,3,2010-11-04T21:58:04,131,False,,H,1094KJ,3594,1912-01-01T00:00:00,,0363300000002530,1,Verblijfsobject,1912-01-01,GV00000402,,Naamgeving uitgegeven,Hoofdadres,0363010000543776,,,,,,
0363200000006588,1,3,2010-11-04T21:58:04,131,False,,1,1094KJ,3594,1912-01-01T00:00:00,,0363300000002530,1,Verblijfsobject,1912-01-01,GV00000402,,Naamgeving uitgegeven,Hoofdadres,0363010000543777,,,,,,
0363200000006589,1,3,2010-11-04T21:58:04,131,False,,2,1094KJ,3594,1912-01-01T00:00:00,,0363300000002530,1,Verblijfsobject,1912-01-01,GV00000402,,Naamgeving uitgegeven,Hoofdadres,0363010000543778,,,,,,
0363200000006590,1,3,2010-11-04T21:58:04,131,False,,3,1094KJ,3594,1912-01-01T00:00:00,,0363300000002530,1,Verblijfsobject,1912-01-01,GV00000402,,Naamgeving uitgegeven,Hoofdadres,0363010000543779,,,,,,
0363200000006591,1,3,2010-11-04T21:58:04,132,False,,H,1094KT,3594,1005-01-01T00:00:00,,0363300000002530,1,Verblijfsobject,1005-01-01,GV00000402,,Naamgeving uitgegeven,Hoofdadres,0363010000543780,,,,,,
0363200000006592,1,3,2010-11-04T21:58:04,132,False,,1,1094KT,3594,1005-01-01T00:00:00,,0363300000002530,1,Verblijfsobject,1005-01-01,GV00000402,,Naamgeving uitgegeven,Hoofdadres,0363010000543781,,,,,,
0363200000006593,1,3,2010-11-04T21:58:04,132,False,,2,1094KT,3594,1005-01-01T00:00:00,,0363300000002530,1,Verblijfsobject,1005-01-01,GV00000402,,Naamgeving uitgegeven,Hoofdadres,0363010000543782,,,,,,
0363200000006594,1,3,2010-11-04T21:58:05,132,False,,3,1094KT,3594,1005-01-01T00:00:00,,0363300000002530,1,Verblijfsobject,1005-01-01,GV00000402,,Naamgeving uitgegeven,Hoofdadres,0363010000543783,,,,,,
0363200000006595,1,3,2010-11-04T21:58:05,133,False,,H,1094KJ,3594,1912-01-01T00:00:00,,0363300000002530,1,Verblijfsobject,1912-01-01,GV00000402,,Naamgeving uitgegeven,Hoofdadres,0363010000543784,,,,,,
0363200000006596,1,3,2010-11-04T21:58:05,133,False,,1,1094KJ,3594,1912-01-01T00:00:00,,0363300000002530,1,Verblijfsobject,1912-01-01,GV00000402,,Naamgeving uitgegeven,Hoofdadres,0363010000543785,,,,,,
0363200000006597,1,3,2010-11-04T21:58:05,133,False,,2,1094KJ,3594,1912-01-01T00:00:00,,0363300000002530,1,Verblijfsobject,1912-01-01,GV00000402,,Naamgeving uitgegeven,Hoofdadres,0363010000543786,,,,,,
0363200000006598,1,3,2010-11-04T21:58:05,133,False,,3,1094KJ,3594,1912-01-01T00:00:00,,0363300000002530,1,Verblijfsobject,1912-01-01,GV00000402,,Naamgeving uitgegeven,Hoofdadres,0363010000543787,,,,,,
0363200000006599,1,3,2010-11-04T21:58:05,134,False,A,,1094KT,3594,1005-01-01T00:00:00,,0363300000002530,1,Verblijfsobject,1005-01-01,GV00000402,,Naamgeving uitgegeven,Hoofdadres,0363010000543788,,,,,,
0363200000006600,1,3,2010-11-04T21:58:05,134,False,B,,1094KT,3594,1005-01-01T00:00:00,,0363300000002530,1,Verblijfsobject,1005-01-01,GV00000402,,Naamgeving uitgegeven,Hoofdadres,0363010000543789,,,,,,
0363200000006601,1,3,2010-11-04T21:58:05,134,False,C,,1094KT,3594,1005-01-01T00:00:00,,0363300000002530,1,Verblijfsobject,1005-01-01,GV00000402,,Naamgeving uitgegeven,Hoofdadres,0363010000543790,,,,,,
0363200000006602,1,3,2010-11-04T21:58:05,134,False,D,,1094KT,3594,1005-01-01T00:00:00,,0363300000002530,1,Verblijfsobject,1005-01-01,GV00000402,,Naamgeving uitgegeven,Hoofdadres,0363010000543791,,,,,,
0363200000006607,1,3,2010-11-04T21:58:06,136,False,A,,1094KV,3594,1005-01-01T00:00:00,,0363300000002530,1,Verblijfsobject,1005-01-01,GV00000402,,Naamgeving uitgegeven,Hoofdadres,0363010000543796,,,,,,
0363200000006608,1,3,2010-11-04T21:58:06,136,False,B,,1094KV,3594,1005-01-01T00:00:00,,0363300000002530,1,Verblijfsobject,1005-01-01,GV00000402,,Naamgeving uitgegeven,Hoofdadres,0363010000543797,,,,,,
0363200000006609,1,3,2010-11-04T21:58:06,136,False,C,,1094KV,3594,1005-01-01T00:00:00,,0363300000002530,1,Verblijfsobject,1005-01-01,GV00000402,,Naamgeving uitgegeven,Hoofdadres,0363010000543798,,,,,,
0363200000006610,1,3,2010-11-04T21:58:06,136,False,D,,1094KV,3594,1005-01-01T00:00:00,,0363300000002530,1,Verblijfsobject,1005-01-01,GV00000402,,Naamgeving uitgegeven,Hoofdadres,0363010000543799,,,,,,
0363200000006617,1,3,2010-11-04T21:58:06,138,False,C,,1094KV,3594,1005-01-01T00:00:00,,0363300000002530,1,Verblijfsobject,1005-01-01,GV00000402,,Naamgeving uitgegeven,Hoofdadres,0363010000543806,,,,,,
0363200000006618,1,3,2010-11-04T21:58:07,138,False,D,,1094KV,3594,1005-01-01T00:00:00,,0363300000002530,1,Verblijfsobject,1005-01-01,GV00000402,,Naamgeving uitgegeven,Hoofdadres,0363010000543807,,,,,,
0363200000006647,1,3,2010-11-04T21:58:07,146,False,,H,1094KV,3594,1911-01-01T00:00:00,,0363300000002530,1,Verblijfsobject,1911-01-01,GV00000402,,Naamgeving uitgegeven,Hoofdadres,0363010000543836,,,,,,
0363200000006648,1,3,2010-11-04T21:58:07,146,False,,1,1094KV,3594,1911-01-01T00:00:00,,0363300000002530,1,Verblijfsobject,1911-01-01,GV00000402,,Naamgeving uitgegeven,Hoofdadres,0363010000543837,,,,,,
0363200000006649,1,3,2010-11-04T21:58:07,146,False,,2,1094KV,3594,1911-01-01T00:00:00,,0363300000002530,1,Verblijfsobject,1911-01-01,GV00000402,,Naamgeving uitgegeven,Hoofdadres,0363010000543838,,,,,,
0363200000006650,1,3,2010-11-04T21:58:07,146,False,,3,1094KV,3594,1911-01-01T00:00:00,,0363300000002530,1,Verblijfsobject,1911-01-01,GV00000402,,Naamgeving uitgegeven,Hoofdadres,0363010000543839,,,,,,
0363200000006655,1,3,2010-11-04T21:58:07,148,False,,H,1094KV,3594,1911-01-01T00:00:00,,0363300000002530,1,Verblijfsobject,1911-01-01,GV00000402,,Naamgeving uitgegeven,Hoofdadres,0363010000543844,,,,,,
0363200000006656,1,3,2010-11-04T21:58:07,148,False,,1,1094KV,3594,1911-01-01T00:00:00,,0363300000002530,1,Verblijfsobject,1911-01-01,GV00000402,,Naamgeving uitgegeven,Hoofdadres,0363010000543845,,,,,,
0363200000006657,1,3,2010-11-04T21:58:07,148,False,,2,1094KV,3594,1911-01-01T00:00:00,,0363300000002530,1,Verblijfsobject,1911-01-01,GV00000402,,Naamgeving uitgegeven,Hoofdadres,0363010000543846,,,,,,
0363200000006658,1,3,2010-11-04T21:58:07,148,False,,3,1094KV,3594,1911-01-01T00:00:00,,0363300000002530,1,Verblijfsobject,1911-01-01,GV00000402,,Naamgeving uitgegeven,Hoofdadres,0363010000543847,,,,,,
0363200000006663,1,4,2010-11-04T21:58:08,150,False,A,,1094KW,3594,2005-02-01T00:00:00,,0363300000002530,1,Verblijfsobject,2005-02-01,GV00000402,,Naamgeving uitgegeven,Hoofdadres,0363010000543852,,,,,,
0363200000006664,1,4,2010-11-04T21:58:08,150,False,B,,1094KW,3594,2005-02-01T00:00:00,,0363300000002530,1,Verblijfsobject,2005-02-01,GV00000402,,Naamgeving uitgegeven,Hoofdadres,0363010000543853,,,,,,
0363200000006665,1,4,2010-11-04T21:58:08,150,False,C,,1094KW,3594,2005-02-01T00:00:00,,0363300000002530,1,Verblijfsobject,2005-02-01,GV00000402,,Naamgeving uitgegeven,Hoofdadres,0363010000543854,,,,,,
0363200000006666,1,4,2010-11-04T21:58:08,150,False,D,,1094KW,3594,2005-02-01T00:00:00,,0363300000002530,1,Verblijfsobject,2005-02-01,GV00000402,,Naamgeving uitgegeven,Hoofdadres,0363010000543855,,,,,,
0363200000006675,1,3,2010-11-04T21:58:08,154,False,,H,1094KW,3594,1911-01-01T00:00:00,,0363300000002530,1,Verblijfsobject,1911-01-01,GV00000402,,Naamgeving uitgegeven,Hoofdadres,0363010000543864,,,,,,
0363200000006676,1,3,2010-11-04T21:58:08,154,False,,1,1094KW,3594,1911-01-01T00:00:00,,0363300000002530,1,Verblijfsobject,1911-01-01,GV00000402,,Naamgeving uitgegeven,Hoofdadres,0363010000543865,,,,,,
0363200000006677,1,3,2010-11-04T21:58:08,154,False,,2,1094KW,3594,1911-01-01T00:00:00,,0363300000002530,1,Verblijfsobject,1911-01-01,GV00000402,,Naamgeving uitgegeven,Hoofdadres,0363010000543866,,,,,,
0363200000006678,1,3,2010-11-04T21:58:08,154,False,,3,1094KW,3594,1911-01-01T00:00:00,,0363300000002530,1,Verblijfsobject,1911-01-01,GV00000402,,Naamgeving uitgegeven,Hoofdadres,0363010000543867,,,,,,
0363200000006679,1,3,2010-11-04T21:58:09,156,False,,H,1094KW,3594,1911-01-01T00:00:00,,0363300000002530,1,Verblijfsobject,1911-01-01,GV00000402,,Naamgeving uitgegeven,Hoofdadres,0363010000543868,,,,,,
0363200000006680,1,3,2010-11-04T21:58:09,156,False,,1,1094KW,3594,1911-01-01T00:00:00,,0363300000002530,1,Verblijfsobject,1911-01-01,GV00000402,,Naamgeving uitgegeven,Hoofdadres,0363010000543869,,,,,,
0363200000006681,1,3,2010-11-04T21:58:09,156,False,,2,1094KW,3594,1911-01-01T00:00:00,,0363300000002530,1,Verblijfsobject,1911-01-01,GV00000402,,Naamgeving uitgegeven,Hoofdadres,0363010000543870,,,,,,
0363200000006682,1,3,2010-11-04T21:58:09,156,False,,3,1094KW,3594,1911-01-01T00:00:00,,0363300000002530,1,Verblijfsobject,1911-01-01,GV00000402,,Naamgeving uitgegeven,Hoofdadres,0363010000543871,,,,,,
0363200000006683,1,3,2010-11-04T21:58:09,158,False,,H,1094KW,3594,1911-01-01T00:00:00,,0363300000002530,1,Verblijfsobject,1911-01-01,GV00000402,,Naamgeving uitgegeven,Hoofdadres,0363010000543873,,,,,,
0363200000006684,1,3,2010-11-04T21:58:09,158,False,,1,1094KW,3594,1911-01-01T00:00:00,,0363300000002530,1,Verblijfsobject,1911-01-01,GV00000402,,Naamgeving uitgegeven,Hoofdadres,0363010000543874,,,,,,
0363200000006685,1,3,2010-11-04T21:58:09,158,False,,2,1094KW,3594,1911-01-01T00:00:00,,0363300000002530,1,Verblijfsobject,1911-01-01,GV00000402,,Naamgeving uitgegeven,Hoofdadres,0363010000543875,,,,,,
0363200000006686,1,3,2010-11-04T21:58:10,158,False,,3,1094KW,3594,1911-01-01T00:00:00,,0363300000002530,1,Verblijfsobject,1911-01-01,GV00000402,,Naamgeving uitgegeven,Hoofdadres,0363010000543876,,,,,,
0363200000006689,1,3,2010-11-04T21:58:10,160,False,,2,1094KW,3594,1911-01-01T00:00:00,,0363300000002530,1,Verblijfsobject,1911-01-01,GV00000402,,Naamgeving uitgegeven,Hoofdadres,0363010000543879,,,,,,
0363200000006690,1,3,2010-11-04T21:58:10,160,False,,3,1094KW,3594,1911-01-01T00:00:00,,0363300000002530,1,Verblijfsobject,1911-01-01,GV00000402,,Naamgeving uitgegeven,Hoofdadres,0363010000543880,,,,,,
0363200000006691,1,3,2010-11-04T21:58:10,162,False,,H,1094KX,3594,1911-01-01T00:00:00,,0363300000002530,1,Verblijfsobject,1911-01-01,GV00000402,,Naamgeving uitgegeven,Hoofdadres,0363010000543881,,,,,,
0363200000006692,1,3,2010-11-04T21:58:10,162,False,,1,1094KX,3594,1911-01-01T00:00:00,,0363300000002530,1,Verblijfsobject,1911-01-01,GV00000402,,Naamgeving uitgegeven,Hoofdadres,0363010000543882,,,,,,
0363200000006693,1,3,2010-11-04T21:58:11,162,False,,2,1094KX,3594,1911-01-01T00:00:00,,0363300000002530,1,Verblijfsobject,1911-01-01,GV00000402,,Naamgeving uitgegeven,Hoofdadres,0363010000543883,,,,,,
0363200000006694,1,3,2010-11-04T21:58:11,162,False,,3,1094KX,3594,1911-01-01T00:00:00,,0363300000002530,1,Verblijfsobject,1911-01-01,GV00000402,,Naamgeving uitgegeven,Hoofdadres,0363010000543884,,,,,,
0363200000006695,1,3,2010-11-04T21:58:11,164,False,,H,1094KX,3594,1911-01-01T00:00:00,,0363300000002530,1,Verblijfsobject,1911-01-01,GV00000402,,Naamgeving uitgegeven,Hoofdadres,0363010000543885,,,,,,
0363200000006696,1,3,2010-11-04T21:58:11,164,False,,1,1094KX,3594,1911-01-01T00:00:00,,0363300000002530,1,Verblijfsobject,1911-01-01,GV00000402,,Naamgeving uitgegeven,Hoofdadres,0363010000543886,,,,,,
0363200000006697,1,3,2010-11-04T21:58:11,164,False,,2,1094KX,3594,1911-01-01T00:00:00,,0363300000002530,1,Verblijfsobject,1911-01-01,GV00000402,,Naamgeving uitgegeven,Hoofdadres,0363010000543887,,,,,,
0363200000006698,1,3,2010-11-04T21:58:11,164,False,,3,1094KX,3594,1911-01-01T00:00:00,,0363300000002530,1,Verblijfsobject,1911-01-01,GV00000402,,Naamgeving uitgegeven,Hoofdadres,0363010000543888,,,,,,
0363200000006699,1,3,2010-11-04T21:58:11,166,False,,H,1094KX,3594,1911-01-01T00:00:00,,0363300000002530,1,Verblijfsobject,1911-01-01,GV00000402,,Naamgeving uitgegeven,Hoofdadres,0363010000543889,,,,,,
0363200000006700,1,3,2010-11-04T21:58:11,166,False,,1,1094KX,3594,1911-01-01T00:00:00,,0363300000002530,1,Verblijfsobject,1911-01-01,GV00000402,,Naamgeving uitgegeven,Hoofdadres,0363010000543890,,,,,,
0363200000006701,1,3,2010-11-04T21:58:12,166,False,,2,1094KX,3594,1911-01-01T00:00:00,,0363300000002530,1,Verblijfsobject,1911-01-01,GV00000402,,Naamgeving uitgegeven,Hoofdadres,0363010000543891,,,,,,
0363200000006702,1,3,2010-11-04T21:58:12,166,False,,3,1094KX,3594,1911-01-01T00:00:00,,0363300000002530,1,Verblijfsobject,1911-01-01,GV00000402,,Naamgeving uitgegeven,Hoofdadres,0363010000543892,,,,,,
0363200000006704,1,3,2010-11-04T21:58:12,168,False,,1,1094KX,3594,1925-01-01T00:00:00,,0363300000002530,1,Verblijfsobject,1925-01-01,GV00000402,,Naamgeving uitgegeven,Hoofdadres,0363010000543893,,,,,,
0363200000006705,1,3,2010-11-04T21:58:12,168,False,,2,1094KX,3594,1925-01-01T00:00:00,,0363300000002530,1,Verblijfsobject,1925-01-01,GV00000402,,Naamgeving uitgegeven,Hoofdadres,0363010000543894,,,,,,
0363200000006706,1,3,2010-11-04T21:58:12,168,False,,3,1094KX,3594,1925-01-01T00:00:00,,0363300000002530,1,Verblijfsobject,1925-01-01,GV00000402,,Naamgeving uitgegeven,Hoofdadres,0363010000543895,,,,,,
0363200000006708,1,3,2010-11-04T21:58:12,170,False,,1,1094KX,3594,1925-01-01T00:00:00,,0363300000002530,1,Verblijfsobject,1925-01-01,GV00000402,,Naamgeving uitgegeven,Hoofdadres,0363010000543896,,,,,,
0363200000006709,1,3,2010-11-04T21:58:12,170,False,,2,1094KX,3594,1925-01-01T00:00:00,,0363300000002530,1,Verblijfsobject,1925-01-01,GV00000402,,Naamgeving uitgegeven,Hoofdadres,0363010000543897,,,,,,
0363200000006710,1,3,2010-11-04T21:58:12,170,False,,3,1094KX,3594,1925-01-01T00:00:00,,0363300000002530,1,Verblijfsobject,1925-01-01,GV00000402,,Naamgeving uitgegeven,Hoofdadres,0363010000543898,,,,,,
0363200000006711,1,3,2010-11-04T21:58:13,172,False,,2,1094KX,3594,1925-01-01T00:00:00,,0363300000002530,1,Verblijfsobject,1925-01-01,GV00000402,,Naamgeving uitgegeven,Hoofdadres,0363010000543899,,,,,,
0363200000006712,1,3,2010-11-04T21:58:13,172,False,,3,1094KX,3594,1925-01-01T00:00:00,,0363300000002530,1,Verblijfsobject,1925-01-01,GV00000402,,Naamgeving uitgegeven,Hoofdadres,0363010000543900,,,,,,
0363200000006713,1,3,2010-11-04T21:58:13,174,False,,2,1094KX,3594,1925-01-01T00:00:00,,0363300000002530,1,Verblijfsobject,1925-01-01,GV00000402,,Naamgeving uitgegeven,Hoofdadres,0363010000543901,,,,,,
0363200000006714,1,3,2010-11-04T21:58:13,174,False,,3,1094KX,3594,1925-01-01T00:00:00,,0363300000002530,1,Verblijfsobject,1925-01-01,GV00000402,,Naamgeving uitgegeven,Hoofdadres,0363010000543902,,,,,,
0363200000006717,1,3,2010-11-04T21:58:13,2,False,,H,1016KS,3594,1005-01-01T00:00:00,,0363300000002531,1,Verblijfsobject,1005-01-01,GV00000402,,Naamgeving uitgegeven,Hoofdadres,0363010000543905,,,,,,
0363200000006718,1,3,2010-11-04T21:58:13,2,False,,1L,1016KS,3594,1005-01-01T00:00:00,,0363300000002531,1,Verblijfsobject,1005-01-01,GV00000402,,Naamgeving uitgegeven,Hoofdadres,0363010000543906,,,,,,
0363200000006719,1,3,2010-11-04T21:58:13,2,False,,1R,1016KS,3594,1005-01-01T00:00:00,,0363300000002531,1,Verblijfsobject,1005-01-01,GV00000402,,Naamgeving uitgegeven,Hoofdadres,0363010000543907,,,,,,
0363200000006720,1,3,2010-11-04T21:58:14,2,False,,2L,1016KS,3594,1005-01-01T00:00:00,,0363300000002531,1,Verblijfsobject,1005-01-01,GV00000402,,Naamgeving uitgegeven,Hoofdadres,0363010000543908,,,,,,
0363200000006721,1,3,2010-11-04T21:58:14,2,False,,2R,1016KS,3594,1005-01-01T00:00:00,,0363300000002531,1,Verblijfsobject,1005-01-01,GV00000402,,Naamgeving uitgegeven,Hoofdadres,0363010000543909,,,,,,
0363200000006722,1,3,2010-11-04T21:58:14,3,False,,H,1016KR,3594,1005-01-01T00:00:00,,0363300000002531,1,Verblijfsobject,1005-01-01,GV00000402,,Naamgeving uitgegeven,Hoofdadres,0363010000543910,,,,,,
0363200000006723,1,3,2010-11-04T21:58:14,3,False,,1,1016KR,3594,1005-01-01T00:00:00,,0363300000002531,1,Verblijfsobject,1005-01-01,GV00000402,,Naamgeving uitgegeven,Hoofdadres,0363010000543911,,,,,,
0363200000006724,1,3,2010-11-04T21:58:14,3,False,,2,1016KR,3594,1005-01-01T00:00:00,,0363300000002531,1,Verblijfsobject,1005-01-01,GV00000402,,Naamgeving uitgegeven,Hoofdadres,0363010000543912,,,,,,
0363200000006737,1,3,2010-11-04T21:58:14,8,False,,H,1016KS,3594,1005-01-01T00:00:00,,0363300000002531,1,Verblijfsobject,1005-01-01,GV00000402,,Naamgeving uitgegeven,Hoofdadres,0363010000543920,,,,,,
0363200000006738,1,3,2010-11-04T21:58:14,8,False,,1,1016KS,3594,1005-01-01T00:00:00,,0363300000002531,1,Verblijfsobject,1005-01-01,GV00000402,,Naamgeving uitgegeven,Hoofdadres,0363010000543921,,,,,,
0363200000006739,1,3,2010-11-04T21:58:14,9,False,,H,1016KR,3594,1005-01-01T00:00:00,,0363300000002531,1,Verblijfsobject,1005-01-01,GV00000402,,Naamgeving uitgegeven,Hoofdadres,0363010000543922,,,,,,
0363200000006740,1,3,2010-11-04T21:58:15,9,False,,1,1016KR,3594,1005-01-01T00:00:00,,0363300000002531,1,Verblijfsobject,1005-01-01,GV00000402,,Naamgeving uitgegeven,Hoofdadres,0363010000543923,,,,,,
0363200000006741,1,3,2010-11-04T21:58:15,10,False,,,1016KS,3594,1005-01-01T00:00:00,,0363300000002531,1,Verblijfsobject,1005-01-01,GV00000402,,Naamgeving uitgegeven,Hoofdadres,0363010000543924,,,,,,
0363200000006743,1,3,2010-11-04T21:58:15,13,False,A,H,1016KR,3594,1931-01-01T00:00:00,,0363300000002531,1,Verblijfsobject,1931-01-01,GV00000402,,Naamgeving uitgegeven,Hoofdadres,0363010000543926,,,,,,
0363200000006755,1,3,2010-11-04T21:58:15,19,False,,H,1016KR,3594,1005-01-01T00:00:00,,0363300000002531,1,Verblijfsobject,1005-01-01,GV00000402,,Naamgeving uitgegeven,Hoofdadres,0363010000543935,,,,,,
0363200000006756,1,3,2010-11-04T21:58:15,19,False,,1,1016KR,3594,1005-01-01T00:00:00,,0363300000002531,1,Verblijfsobject,1005-01-01,GV00000402,,Naamgeving uitgegeven,Hoofdadres,0363010000543936,,,,,,
0363200000006760,1,3,2010-11-04T21:58:16,20,False,,1,1016KS,3594,1005-01-01T00:00:00,,0363300000002531,1,Verblijfsobject,1005-01-01,GV00000402,,Naamgeving uitgegeven,Hoofdadres,0363010000543944,,,,,,
0363200000006763,1,3,2010-11-04T21:58:16,22,False,,1,1016KS,3594,1005-01-01T00:00:00,,0363300000002531,1,Verblijfsobject,1005-01-01,GV00000402,,Naamgeving uitgegeven,Hoofdadres,0363010000543945,,,,,,
0363200000006764,1,3,2010-11-04T21:58:16,22,False,,2,1016KS,3594,1005-01-01T00:00:00,,0363300000002531,1,Verblijfsobject,1005-01-01,GV00000402,,Naamgeving uitgegeven,Hoofdadres,0363010000543946,,,,,,
0363200000006771,1,3,2010-11-04T21:58:17,1,False,,2,1091RZ,3594,1005-01-01T00:00:00,,0363300000002532,1,Verblijfsobject,1005-01-01,GV00000402,,Naamgeving uitgegeven,Hoofdadres,0363010000543950,,,,,,
0363200000006772,1,5,2010-11-04T21:58:17,1,False,,3,1091RZ,3594,2008-10-21T00:00:00,,0363300000002532,1,Verblijfsobject,2008-10-21,GV00000487,,Naamgeving uitgegeven,Hoofdadres,0363010000543951,,,,,,
0363200000006773,1,3,2010-11-04T21:58:17,2,False,,H,1091SB,3594,1005-01-01T00:00:00,,0363300000002532,1,Verblijfsobject,1005-01-01,GV00000402,,Naamgeving uitgegeven,Hoofdadres,0363010000543952,,,,,,
0363200000006774,2,3,2026-07-10T15:44:45.364000,2,False,,O,,3594,2026-07-09T00:00:00,,0363300000002532,1,Verblijfsobject,2026-07-09,GV00008088,,Naamgeving uitgegeven,Hoofdadres,0363010000543953,,,,,Correctie,
0363200000006775,1,3,2010-11-04T21:58:17,2,False,,1,1091SB,3594,1005-01-01T00:00:00,,0363300000002532,1,Verblijfsobject,1005-01-01,GV00000402,,Naamgeving uitgegeven,Hoofdadres,0363010000543954,,,,,,
0363200000006776,1,3,2010-11-04T21:58:17,2,False,,2,1091SB,3594,1005-01-01T00:00:00,,0363300000002532,1,Verblijfsobject,1005-01-01,GV00000402,,Naamgeving uitgegeven,Hoofdadres,0363010000543955,,,,,,
0363200000006778,1,3,2010-11-04T21:58:18,3,False,,2,1091RZ,3594,1005-01-01T00:00:00,,0363300000002532,1,Verblijfsobject,1005-01-01,GV00000402,,Naamgeving uitgegeven,Hoofdadres,0363010000543957,,,,,,
0363200000006779,1,3,2010-11-04T21:58:18,3,False,,3,1091RZ,3594,1005-01-01T00:00:00,,0363300000002532,1,Verblijfsobject,1005-01-01,GV00000402,,Naamgeving uitgegeven,Hoofdadres,0363010000543958,,,,,,
0363200000006780,1,3,2010-11-04T21:58:18,4,False,,H,1091SB,3594,1005-01-01T00:00:00,,0363300000002532,1,Verblijfsobject,1005-01-01,GV00000402,,Naamgeving uitgegeven,Hoofdadres,0363010000543959,,,,,,
0363200000006781,1,3,2010-11-04T21:58:18,4,False,,1,1091SB,3594,1005-01-01T00:00:00,,0363300000002532,1,Verblijfsobject,1005-01-01,GV00000402,,Naamgeving uitgegeven,Hoofdadres,0363010000543960,,,,,,
0363200000006782,1,3,2010-11-04T21:58:18,4,False,,2,1091SB,3594,1005-01-01T00:00:00,,0363300000002532,1,Verblijfsobject,1005-01-01,GV00000402,,Naamgeving uitgegeven,Hoofdadres,0363010000543961,,,,,,
0363200000006783,1,3,2010-11-04T21:58:18,5,False,,H,1091RZ,3594,1005-01-01T00:00:00,,0363300000002532,1,Verblijfsobject,1005-01-01,GV00000402,,Naamgeving uitgegeven,Hoofdadres,0363010000543962,,,,,,
0363200000006784,1,3,2010-11-04T21:58:18,5,False,,1,1091RZ,3594,1005-01-01T00:00:00,,0363300000002532,1,Verblijfsobject,1005-01-01,GV00000402,,Naamgeving uitgegeven,Hoofdadres,0363010000543963,,,,,,
0363200000006785,1,3,2010-11-04T21:58:18,5,False,,2,1091RZ,3594,1005-01-01T00:00:00,,0363300000002532,1,Verblijfsobject,1005-01-01,GV00000402,,Naamgeving uitgegeven,Hoofdadres,0363010000543964,,,,,,
0363200000006786,1,3,2010-11-04T21:58:19,5,False,,3,1091RZ,3594,1005-01-01T00:00:00,,0363300000002532,1,Verblijfsobject,1005-01-01,GV00000402,,Naamgeving uitgegeven,Hoofdadres,0363010000543965,,,,,,
0363200000006788,1,3,2010-11-04T21:58:19,7,False,,1,1091RZ,3594,1005-01-01T00:00:00,,0363300000002532,1,Verblijfsobject,1005-01-01,GV00000402,,Naamgeving uitgegeven,Hoofdadres,0363010000543967,,,,,,
0363200000006789,1,3,2010-11-04T21:58:19,7,False,,2,1091RZ,3594,1005-01-01T00:00:00,,0363300000002532,1,Verblijfsobject,1005-01-01,GV00000402,,Naamgeving uitgegeven,Hoofdadres,0363010000543968,,,,,,
0363200000006790,1,3,2010-11-04T21:58:19,7,False,,3,1091RZ,3594,1005-01-01T00:00:00,,0363300000002532,1,Verblijfsobject,1005-01-01,GV00000402,,Naamgeving uitgegeven,Hoofdadres,0363010000543969,,,,,,
0363200000006794,1,3,2010-11-04T21:58:19,9,False,,H,1091RZ,3594,1005-01-01T00:00:00,,0363300000002532,1,Verblijfsobject,1005-01-01,GV00000402,,Naamgeving uitgegeven,Hoofdadres,0363010000543975,,,,,,
0363200000006796,1,3,2010-11-04T21:58:19,9,False,,2,1091RZ,3594,1005-01-01T00:00:00,,0363300000002532,1,Verblijfsobject,1005-01-01,GV00000402,,Naamgeving uitgegeven,Hoofdadres,0363010000543976,,,,,,
0363200000006797,1,3,2010-11-04T21:58:19,9,False,,3,1091RZ,3594,1005-01-01T00:00:00,,0363300000002532,1,Verblijfsobject,1005-01-01,GV00000402,,Naamgeving uitgegeven,Hoofdadres,0363010000543977,,,,,,
0363200000006799,1,3,2010-11-04T21:58:20,10,False,,1,1091SB,3594,1005-01-01T00:00:00,,0363300000002532,1,Verblijfsobject,1005-01-01,GV00000402,,Naamgeving uitgegeven,Hoofdadres,0363010000543979,,,,,,
0363200000006800,1,3,2010-11-04T21:58:20,10,False,,2,1091SB,3594,1005-01-01T00:00:00,,0363300000002532,1,Verblijfsobject,1005-01-01,GV00000402,,Naamgeving uitgegeven,Hoofdadres,0363010000543980,,,,,,
0363200000006807,1,3,2010-11-04T21:58:20,12,False,,2,1091SB,3594,1005-01-01T00:00:00,,0363300000002532,1,Verblijfsobject,1005-01-01,GV00000402,,Naamgeving uitgegeven,Hoofdadres,0363010000543985,,,,,,
0363200000006812,1,3,2010-11-05T21:21:04,14,False,,H,1091SB,3594,1005-01-01T00:00:00,,0363300000002532,1,Verblijfsobject,1005-01-01,GV00000402,,Naamgeving uitgegeven,Hoofdadres,0363010001007806,,,,,,
0363200000006814,1,3,2010-11-04T21:58:20,14,False,,2,1091SB,3594,1005-01-01T00:00:00,,0363300000002532,1,Verblijfsobject,1005-01-01,GV00000402,,Naamgeving uitgegeven,Hoofdadres,0363010000543993,,,,,,
0363200000006819,1,3,2010-11-04T21:58:20,16,False,,H,1091SB,3594,1005-01-01T00:00:00,,0363300000002532,1,Verblijfsobject,1005-01-01,GV00000402,,Naamgeving uitgegeven,Hoofdadres,0363010000543994,,,,,,
0363200000006820,1,3,2010-11-04T21:58:21,16,False,,1,1091SB,3594,1005-01-01T00:00:00,,0363300000002532,1,Verblijfsobject,1005-01-01,GV00000402,,Naamgeving uitgegeven,Hoofdadres,0363010000543995,,,,,,
0363200000006821,1,3,2010-11-04T21:58:21,16,False,,2,1091SB,3594,1005-01-01T00:00:00,,0363300000002532,1,Verblijfsobject,1005-01-01,GV00000402,,Naamgeving uitgegeven,Hoofdadres,0363010000543996,,,,,,
0363200000006828,1,3,2010-11-04T21:58:22,18,False,,2,1091SB,3594,1005-01-01T00:00:00,,0363300000002532,1,Verblijfsobject,1005-01-01,GV00000402,,Naamgeving uitgegeven,Hoofdadres,0363010000544005,,,,,,
0363200000006829,1,3,2010-11-04T21:58:22,20,False,,H,1091SC,3594,1005-01-01T00:00:00,,0363300000002532,1,Verblijfsobject,1005-01-01,GV00000402,,Naamgeving uitgegeven,Hoofdadres,0363010000544006,,,,,,
0363200000006832,1,3,2010-11-05T21:28:40,22,False,,H,1091SC,3594,1005-01-01T00:00:00,,0363300000002532,1,Verblijfsobject,1005-01-01,GV00000402,,Naamgeving uitgegeven,Hoofdadres,0363010001010353,,,,,,
0363200000006834,1,3,2010-11-05T21:28:43,22,False,,2,1091SC,3594,1005-01-01T00:00:00,,0363300000002532,1,Verblijfsobject,1005-01-01,GV00000402,,Naamgeving uitgegeven,Hoofdadres,0363010001010373,,,,,,
0363200000006835,1,3,2010-11-05T21:28:41,24,False,,H,1091SC,3594,1005-01-01T00:00:00,,0363300000002532,1,Verblijfsobject,1005-01-01,GV00000402,,Naamgeving uitgegeven,Hoofdadres,0363010001010360,,,,,,
0363200000006837,1,3,2010-11-05T21:28:44,24,False,,2,1091SC,3594,1005-01-01T00:00:00,,0363300000002532,1,Verblijfsobject,1005-01-01,GV00000402,,Naamgeving uitgegeven,Hoofdadres,0363010001010374,,,,,,
0363200000006838,1,3,2010-11-05T21:28:42,26,False,,H,1091SC,3594,1005-01-01T00:00:00,,0363300000002532,1,Verblijfsobject,1005-01-01,GV00000402,,Naamgeving uitgegeven,Hoofdadres,0363010001010367,,,,,,
0363200000006840,1,3,2010-11-05T21:28:44,26,False,,2,1091SC,3594,1005-01-01T00:00:00,,0363300000002532,1,Verblijfsobject,1005-01-01,GV00000402,,Naamgeving uitgegeven,Hoofdadres,0363010001010375,,,,,,
0363200000006847,1,3,2010-11-04T21:58:23,35,False,,,1091RZ,3594,1957-01-01T00:00:00,,0363300000002532,1,Verblijfsobject,1957-01-01,GV00000402,,Naamgeving uitgegeven,Hoofdadres,0363010000544024,,,,,,
0363200000006848,1,3,2010-11-04T21:58:23,1,False,,,1015NC,3594,1005-01-01T00:00:00,,0363300000002533,1,Verblijfsobject,1005-01-01,GV00000402,,Naamgeving uitgegeven,Hoofdadres,0363010000544025,,,,,,
0363200000006850,1,3,2010-11-04T21:58:23,1,False,B,,1015NC,3594,1005-01-01T00:00:00,,0363300000002533,1,Verblijfsobject,1005-01-01,GV00000402,,Naamgeving uitgegeven,Hoofdadres,0363010000544027,,,,,,
0363200000006851,1,3,2010-11-04T21:58:23,1,False,C,,1015NC,3594,1005-01-01T00:00:00,,0363300000002533,1,Verblijfsobject,1005-01-01,GV00000402,,Naamgeving uitgegeven,Hoofdadres,0363010000544028,,,,,,
0363200000006852,1,3,2010-11-04T21:58:23,2,False,,,1015NC,3594,1005-01-01T00:00:00,,0363300000002533,1,Verblijfsobject,1005-01-01,GV00000402,,Naamgeving uitgegeven,Hoofdadres,0363010000544029,,,,,,
0363200000006860,1,3,2010-11-04T21:58:24,6,False,A,,1015NC,3594,1984-04-01T00:00:00,,0363300000002533,1,Verblijfsobject,1984-04-01,GV00000402,,Naamgeving uitgegeven,Hoofdadres,0363010000544037,,,,,,
0363200000006861,1,3,2010-11-04T21:58:24,6,False,B,,1015NC,3594,1984-04-01T00:00:00,,0363300000002533,1,Verblijfsobject,1984-04-01,GV00000402,,Naamgeving uitgegeven,Hoofdadres,0363010000544038,,,,,,
0363200000006862,1,3,2010-11-04T21:58:24,6,False,C,,1015NC,3594,1984-04-01T00:00:00,,0363300000002533,1,Verblijfsobject,1984-04-01,GV00000402,,Naamgeving uitgegeven,Hoofdadres,0363010000544039,,,,,,
0363200000006863,1,3,2010-11-04T21:58:24,6,False,D,,1015NC,3594,1984-04-01T00:00:00,,0363300000002533,1,Verblijfsobject,1984-04-01,GV00000402,,Naamgeving uitgegeven,Hoofdadres,0363010000544040,,,,,,
0363200000006864,1,3,2010-11-04T21:58:24,8,False,,H,1015NC,3594,1005-01-01T00:00:00,,0363300000002533,1,Verblijfsobject,1005-01-01,GV00000402,,Naamgeving uitgegeven,Hoofdadres,0363010000544041,,,,,,
0363200000006865,1,3,2010-11-04T21:58:24,8,False,,1,1015NC,3594,1005-01-01T00:00:00,,0363300000002533,1,Verblijfsobject,1005-01-01,GV00000402,,Naamgeving uitgegeven,Hoofdadres,0363010000544042,,,,,,
0363200000006866,1,3,2010-11-04T21:58:24,8,False,,2,1015NC,3594,1005-01-01T00:00:00,,0363300000002533,1,Verblijfsobject,1005-01-01,GV00000402,,Naamgeving uitgegeven,Hoofdadres,0363010000544043,,,,,,
0363200000006867,1,3,2010-11-04T21:58:24,8,False,,3,1015NC,3594,1005-01-01T00:00:00,,0363300000002533,1,Verblijfsobject,1005-01-01,GV00000402,,Naamgeving uitgegeven,Hoofdadres,0363010000544044,,,,,,
0363200000006875,1,3,2010-11-05T20:14:03,10,False,,1,1015NC,3594,1005-01-01T00:00:00,,0363300000002533,1,Verblijfsobject,1005-01-01,GV00000402,,Naamgeving uitgegeven,Hoofdadres,0363010000981464,,,,,,
0363200000006893,1,3,2010-11-04T21:58:28,1,False,,H,1013MA,3594,1005-01-01T00:00:00,,0363300000002534,1,Verblijfsobject,1005-01-01,GV00000402,,Naamgeving uitgegeven,Hoofdadres,0363010000544087,,,,,,
0363200000006894,1,3,2010-11-04T21:58:28,1,False,,1,1013MA,3594,1005-01-01T00:00:00,,0363300000002534,1,Verblijfsobject,1005-01-01,GV00000402,,Naamgeving uitgegeven,Hoofdadres,0363010000544088,,,,,,
0363200000006895,1,3,2010-11-04T21:58:29,1,False,,2,1013MA,3594,1005-01-01T00:00:00,,0363300000002534,1,Verblijfsobject,1005-01-01,GV00000402,,Naamgeving uitgegeven,Hoofdadres,0363010000544089,,,,,,
0363200000006896,1,3,2010-11-04T21:58:29,1,False,,3,1013MA,3594,1005-01-01T00:00:00,,0363300000002534,1,Verblijfsobject,1005-01-01,GV00000402,,Naamgeving uitgegeven,Hoofdadres,0363010000544090,,,,,,
0363200000006897,1,3,2010-11-04T21:58:29,2,False,,,1013MA,3594,1985-11-01T00:00:00,,0363300000002534,1,Verblijfsobject,1985-11-01,GV00000402,,Naamgeving uitgegeven,Hoofdadres,0363010000544091,,,,,,
0363200000006898,1,3,2010-11-04T21:58:29,3,False,,H,1013MA,3594,1005-01-01T00:00:00,,0363300000002534,1,Verblijfsobject,1005-01-01,GV00000402,,Naamgeving uitgegeven,Hoofdadres,0363010000544092,,,,,,
0363200000006899,1,3,2010-11-04T21:58:29,3,False,,1,1013MA,3594,1005-01-01T00:00:00,,0363300000002534,1,Verblijfsobject,1005-01-01,GV00000402,,Naamgeving uitgegeven,Hoofdadres,0363010000544093,,,,,,
0363200000006900,1,3,2010-11-04T21:58:29,3,False,,2,1013MA,3594,1005-01-01T00:00:00,,0363300000002534,1,Verblijfsobject,1005-01-01,GV00000402,,Naamgeving uitgegeven,Hoofdadres,0363010000544094,,,,,,
0363200000006901,1,3,2010-11-04T21:58:29,3,False,,3,1013MA,3594,1005-01-01T00:00:00,,0363300000002534,1,Verblijfsobject,1005-01-01,GV00000402,,Naamgeving uitgegeven,Hoofdadres,0363010000544095,,,,,,
0363200000006902,1,3,2010-11-05T20:34:56,4,False,,,1013MA,3594,1985-11-01T00:00:00,,0363300000002534,1,Verblijfsobject,1985-11-01,GV00000402,,Naamgeving uitgegeven,Hoofdadres,0363010000989661,,,,,,
0363200000006903,1,3,2010-11-04T21:58:30,5,False,,H,1013MA,3594,1005-01-01T00:00:00,,0363300000002534,1,Verblijfsobject,1005-01-01,GV00000402,,Naamgeving uitgegeven,Hoofdadres,0363010000544096,,,,,,
0363200000006904,1,3,2010-11-04T21:58:30,5,False,,1,1013MA,3594,1005-01-01T00:00:00,,0363300000002534,1,Verblijfsobject,1005-01-01,GV00000402,,Naamgeving uitgegeven,Hoofdadres,0363010000544097,,,,,,
0363200000006905,1,3,2010-11-04T21:58:30,5,False,,2,1013MA,3594,1005-01-01T00:00:00,,0363300000002534,1,Verblijfsobject,1005-01-01,GV00000402,,Naamgeving uitgegeven,Hoofdadres,0363010000544098,,,,,,
0363200000006906,1,3,2010-11-04T21:58:30,5,False,,3,1013MA,3594,1005-01-01T00:00:00,,0363300000002534,1,Verblijfsobject,1005-01-01,GV00000402,,Naamgeving uitgegeven,Hoofdadres,0363010000544099,,,,,,
0363200000006907,1,3,2010-11-05T20:34:56,6,False,,,1013MA,3594,1985-11-01T00:00:00,,0363300000002534,1,Verblijfsobject,1985-11-01,GV00000402,,Naamgeving uitgegeven,Hoofdadres,0363010000989662,,,,,,
0363200000006908,1,3,2010-11-04T21:58:30,7,False,,H,1013MA,3594,1005-01-01T00:00:00,,0363300000002534,1,Verblijfsobject,1005-01-01,GV00000402,,Naamgeving uitgegeven,Hoofdadres,0363010000544100,,,,,,
0363200000006909,1,3,2010-11-04T21:58:30,7,False,,1,1013MA,3594,1005-01-01T00:00:00,,0363300000002534,1,Verblijfsobject,1005-01-01,GV00000402,,Naamgeving uitgegeven,Hoofdadres,0363010000544101,,,,,,
0363200000006910,1,3,2010-11-04T21:58:30,7,False,,2,1013MA,3594,1005-01-01T00:00:00,,0363300000002534,1,Verblijfsobject,1005-01-01,GV00000402,,Naamgeving uitgegeven,Hoofdadres,0363010000544102,,,,,,
0363200000006911,1,3,2010-11-04T21:58:30,7,False,,3,1013MA,3594,1005-01-01T00:00:00,,0363300000002534,1,Verblijfsobject,1005-01-01,GV00000402,,Naamgeving uitgegeven,Hoofdadres,0363010000544103,,,,,,
0363200000006912,1,3,2010-11-05T20:34:57,8,False,,,1013MA,3594,1985-11-01T00:00:00,,0363300000002534,1,Verblijfsobject,1985-11-01,GV00000402,,Naamgeving uitgegeven,Hoofdadres,0363010000989663,,,,,,
0363200000006914,1,3,2010-11-04T21:58:31,9,False,,1,1013MA,3594,1005-01-01T00:00:00,,0363300000002534,1,Verblijfsobject,1005-01-01,GV00000402,,Naamgeving uitgegeven,Hoofdadres,0363010000544104,,,,,,
0363200000006915,1,3,2010-11-04T21:58:31,9,False,,2,1013MA,3594,1005-01-01T00:00:00,,0363300000002534,1,Verblijfsobject,1005-01-01,GV00000402,,Naamgeving uitgegeven,Hoofdadres,0363010000544105,,,,,,
0363200000006916,1,3,2010-11-04T21:58:31,9,False,,3,1013MA,3594,1005-01-01T00:00:00,,0363300000002534,1,Verblijfsobject,1005-01-01,GV00000402,,Naamgeving uitgegeven,Hoofdadres,0363010000544106,,,,,,
0363200000006917,1,3,2010-11-05T20:34:57,10,False,,,1013MA,3594,1985-11-01T00:00:00,,0363300000002534,1,Verblijfsobject,1985-11-01,GV00000402,,Naamgeving uitgegeven,Hoofdadres,0363010000989664,,,,,,
0363200000006921,1,3,2010-11-05T20:34:57,12,False,,,1013MA,3594,1985-11-01T00:00:00,,0363300000002534,1,Verblijfsobject,1985-11-01,GV00000402,,Naamgeving uitgegeven,Hoofdadres,0363010000989665,,,,,,
0363200000006922,1,3,2010-11-04T21:58:31,13,False,,,1013MK,3594,1005-01-01T00:00:00,,0363300000002534,1,Verblijfsobject,1005-01-01,GV00000402,,Naamgeving uitgegeven,Hoofdadres,0363010000544108,,,,,,
0363200000006923,1,3,2010-11-05T20:34:57,14,False,,,1013MK,3594,1985-11-01T00:00:00,,0363300000002534,1,Verblijfsobject,1985-11-01,GV00000402,,Naamgeving uitgegeven,Hoofdadres,0363010000989666,,,,,,
0363200000006924,1,3,2010-11-05T20:34:57,16,False,,,1013MK,3594,1985-11-01T00:00:00,,0363300000002534,1,Verblijfsobject,1985-11-01,GV00000402,,Naamgeving uitgegeven,Hoofdadres,0363010000989667,,,,,,
0363200000006925,1,3,2010-11-05T20:34:57,18,False,,,1013MK,3594,1985-11-01T00:00:00,,0363300000002534,1,Verblijfsobject,1985-11-01,GV00000402,,Naamgeving uitgegeven,Hoofdadres,0363010000989668,,,,,,
0363200000006926,1,3,2010-11-04T21:58:31,20,False,,,1013MK,3594,1985-11-01T00:00:00,,0363300000002534,1,Verblijfsobject,1985-11-01,GV00000402,,Naamgeving uitgegeven,Hoofdadres,0363010000544109,,,,,,
0363200000006927,1,3,2010-11-04T21:58:31,22,False,,,1013MK,3594,1985-11-01T00:00:00,,0363300000002534,1,Verblijfsobject,1985-11-01,GV00000402,,Naamgeving uitgegeven,Hoofdadres,0363010000544110,,,,,,
0363200000006928,1,3,2010-11-04T21:58:31,24,False,,,1013MK,3594,1985-11-01T00:00:00,,0363300000002534,1,Verblijfsobject,1985-11-01,GV00000402,,Naamgeving uitgegeven,Hoofdadres,0363010000544111,,,,,,
0363200000006929,1,3,2010-11-04T21:58:31,26,False,,,1013MK,3594,1985-11-01T00:00:00,,0363300000002534,1,Verblijfsobject,1985-11-01,GV00000402,,Naamgeving uitgegeven,Hoofdadres,0363010000544112,,,,,,
0363200000006930,1,3,2010-11-04T21:58:32,28,False,,,1013MK,3594,1985-11-01T00:00:00,,0363300000002534,1,Verblijfsobject,1985-11-01,GV00000402,,Naamgeving uitgegeven,Hoofdadres,0363010000544113,,,,,,
0363200000006931,1,3,2010-11-04T21:58:32,30,False,,,1013MK,3594,1985-11-01T00:00:00,,0363300000002534,1,Verblijfsobject,1985-11-01,GV00000402,,Naamgeving uitgegeven,Hoofdadres,0363010000544114,,,,,,
0363200000006932,1,3,2010-11-04T21:58:32,32,False,,,1013MK,3594,1985-11-01T00:00:00,,0363300000002534,1,Verblijfsobject,1985-11-01,GV00000402,,Naamgeving uitgegeven,Hoofdadres,0363010000544115,,,,,,
0363200000006933,1,3,2010-11-04T21:58:32,34,False,,,1013MK,3594,1985-11-01T00:00:00,,0363300000002534,1,Verblijfsobject,1985-11-01,GV00000402,,Naamgeving uitgegeven,Hoofdadres,0363010000544116,,,,,,
0363200000006934,1,3,2010-11-04T21:58:32,36,False,,,1013MK,3594,1985-11-01T00:00:00,,0363300000002534,1,Verblijfsobject,1985-11-01,GV00000402,,Naamgeving uitgegeven,Hoofdadres,0363010000544117,,,,,,
0363200000006935,1,3,2010-11-04T21:58:32,38,False,,,1013MK,3594,1985-11-01T00:00:00,,0363300000002534,1,Verblijfsobject,1985-11-01,GV00000402,,Naamgeving uitgegeven,Hoofdadres,0363010000544118,,,,,,
0363200000006936,1,3,2010-11-04T21:58:32,40,False,,,1013MK,3594,1985-11-01T00:00:00,,0363300000002534,1,Verblijfsobject,1985-11-01,GV00000402,,Naamgeving uitgegeven,Hoofdadres,0363010000544119,,,,,,
0363200000006937,1,3,2010-11-05T06:18:43,42,False,,,1013MK,3594,1985-11-01T00:00:00,,0363300000002534,1,Verblijfsobject,1985-11-01,GV00000402,,Naamgeving uitgegeven,Hoofdadres,0363010000767682,,,,,,
0363200000006938,1,3,2010-11-04T21:58:33,44,False,,,1013MK,3594,1985-11-01T00:00:00,,0363300000002534,1,Verblijfsobject,1985-11-01,GV00000402,,Naamgeving uitgegeven,Hoofdadres,0363010000544120,,,,,,
0363200000006939,1,3,2010-11-04T21:58:33,46,False,,,1013MK,3594,1985-11-01T00:00:00,,0363300000002534,1,Verblijfsobject,1985-11-01,GV00000402,,Naamgeving uitgegeven,Hoofdadres,0363010000544121,,,,,,
0363200000006940,1,3,2010-11-04T21:58:33,50,False,,,1013MK,3594,1005-01-01T00:00:00,,0363300000002534,1,Verblijfsobject,1005-01-01,GV00000402,,Naamgeving uitgegeven,Hoofdadres,0363010000544127,,,,,,
0363200000006941,1,3,2010-11-04T21:58:33,52,False,,,1013MK,3594,1005-01-01T00:00:00,,0363300000002534,1,Verblijfsobject,1005-01-01,GV00000402,,Naamgeving uitgegeven,Hoofdadres,0363010000544128,,,,,,
0363200000006942,1,3,2010-11-04T21:58:34,54,False,,,1013MK,3594,1005-01-01T00:00:00,,0363300000002534,1,Verblijfsobject,1005-01-01,GV00000402,,Naamgeving uitgegeven,Hoofdadres,0363010000544129,,,,,,
0363200000006943,1,3,2010-11-04T21:58:34,56,False,,,1013MK,3594,1005-01-01T00:00:00,,0363300000002534,1,Verblijfsobject,1005-01-01,GV00000402,,Naamgeving uitgegeven,Hoofdadres,0363010000544130,,,,,,
0363200000006944,1,3,2010-11-04T21:58:34,58,False,,,1013MK,3594,1005-01-01T00:00:00,,0363300000002534,1,Verblijfsobject,1005-01-01,GV00000402,,Naamgeving uitgegeven,Hoofdadres,0363010000544131,,,,,,
0363200000006945,1,3,2010-11-04T21:58:34,60,False,,,1013MK,3594,1005-01-01T00:00:00,,0363300000002534,1,Verblijfsobject,1005-01-01,GV00000402,,Naamgeving uitgegeven,Hoofdadres,0363010000544132,,,,,,
