Address,City,Price,Lot size (m2)
Bovenweg 223,Sint Pancras,"525.000,00 €",251 m²
Julianastraat 19,Waddinxveen,"425.000,00 €",181 m²
Kuipersgilde 3,Houten,"575.000,00 €",198 m²
De Kamp 1 A,Pannerden,"259.500,00 €",231 m²
Wildrijklaan 8,Sassenheim,"1.050.000,00 €",423 m²
Tol 4,Oudewater,"445.000,00 €",127 m²
Furkabaan 698,Utrecht,"425.000,00 €",170 m²
Abeelstraat 71,Dordrecht,"825.000,00 €",413 m²
Overegge 8,Zuidveen,"249.500,00 €",235 m²
Gaasterland 59,Amstelveen,"550.000,00 €",137 m²
Oostopgaande 53,Nieuwlande,"859.000,00 €",5.440 m²
Ghijseland 198,Rhoon,"389.000,00 €",290 m²
Diedenweg 10 A,Ede,"349.000,00 €",281 m²
Klaverbeemd 4,Terheijden,"399.000,00 €",219 m²
Burgemeester Schoutenstraat 13,Schaijk,"495.000,00 €",371 m²
Bouwhuisweg 10,Nieuwleusen,"560.000,00 €",2.510 m²
Kerkstraat 20,Linden,"425.000,00 €",560 m²
Kanariehof 25,Ermelo,"415.000,00 €",191 m²
Vlasven 33,Veghel,"310.000,00 €",82 m²
Mozartdreef 24,Veenendaal,"525.000,00 €",280 m²
Waardenborchstraat 28,Holten,"289.000,00 €",333 m²
Schrijvershoeve 22,Helmond,"385.000,00 €",140 m²
Vinkenbaan 5,Gilze,"325.000,00 €",134 m²
Sierra Nevada 70,Assendelft,"485.000,00 €",130 m²
Culenhof 48,Nuenen,"335.000,00 €",135 m²
Gentiaanstraat 84,Apeldoorn,"315.000,00 €",153 m²
Bovenste Boord 17,Linne,"675.000,00 €",1.146 m²
Tilburgweg 45,Arnhem,"275.000,00 €",153 m²
St Gertrudislaan 11,Eindhoven,"595.000,00 €",238 m²
Meerstraat 35,Hillegom,"389.000,00 €",109 m²
Onyx 7,'s-Gravenzande,"450.000,00 €",143 m²
Barend Kuisstraat 42,Nijkerk,"275.000,00 €",158 m²
Aart van der Leeuwstraat 8,Gorinchem,"540.000,00 €",240 m²
Indusstraat 38,Spijkenisse,"525.000,00 €",192 m²
Baardmosstraat 3,Purmerend,"389.000,00 €",126 m²
Lankforst 4205,Nijmegen,"275.000,00 €",165 m²
Jadeplantsoen 17,Almere,"325.000,00 €",144 m²
Lindestraat 10,St. Willebrord,"825.000,00 €",1.427 m²
Prinsenstraat 7,Rijssen,"359.000,00 €",283 m²
Hoenderhof 4,Delfzijl,"165.000,00 €",153 m²
De Nachtegaal 22 G,Surhuisterveen,"375.000,00 €",6.167 m²
Eline Verelaan 17,Oosterhout (NB),"450.000,00 €",236 m²
Watermunt 86,Tegelen,"615.000,00 €",178 m²
Napoleonshoed 41,Oosterhout (NB),"420.000,00 €",134 m²
Bovendonksestraat 47,Hoeven,"425.000,00 €",305 m²
Kleine Hassel 6,Lage Mierde,"300.000,00 €",129 m²
Rosmolen 100,Alphen aan den Rijn,"650.000,00 €",233 m²
Eisenhowerstraat 1,Oss,"289.000,00 €",226 m²
C.M. van Reesstraat 8,Sliedrecht,"299.000,00 €",119 m²
Rietmeent 75,Almere,"385.000,00 €",127 m²
't Muurke 2,Wanroij,"425.000,00 €",1.860 m²
Osingastate 15,Leeuwarden,"267.500,00 €",140 m²
Kamp 13 33,Lelystad,"315.000,00 €",200 m²
Meester A Datemalaan 8,Kesteren,"545.000,00 €",258 m²
Prins Mauritslaan 156 E,Den Haag,"945.000,00 €",228 m²
Bromhaar 11,Nieuw Heeten,"325.000,00 €",268 m²
Waterhoefweg 13,Oisterwijk,"462.500,00 €",414 m²
Prinsenlaan 32,Emmen,"425.000,00 €",1.037 m²
Heerstraat 32,Maasbommel,"395.000,00 €",1.275 m²
Bolderik 21,Venray,"249.000,00 €",178 m²
Saltholm 6,Zaandam,"599.000,00 €",234 m²
Hanendorperweg 25,Emst,"425.000,00 €",597 m²
Dr. Ramaerlaan 26,Castricum,"399.000,00 €",219 m²
Middenweg 71 C,Middenbeemster,"979.000,00 €",1.754 m²
Zandhovenstraat 4,Breda,"325.000,00 €",179 m²
Rivierdijk 655,Sliedrecht,"1.250.000,00 €",830 m²
Weerdingerweg 27,Valthe,"479.000,00 €",3.845 m²
Wilhelminastraat 15,Meteren,"375.000,00 €",171 m²
Strammerboogh 19,Akersloot,"275.000,00 €",152 m²
Zwarteweg 15,Leusden,"845.000,00 €",570 m²
Roer 9,Deurne,"315.000,00 €",139 m²
Frans Halslaan 13,Akersloot,"350.000,00 €",145 m²
Hondstong 8,Heemskerk,"750.000,00 €",364 m²
Rijksweg 31,Nuland,"739.000,00 €",1.127 m²
Drieseweg 6,Putten,"550.000,00 €",345 m²
Dorpsstraat 16 a,Zieuwent,"369.000,00 €",365 m²
Richtershof 35,Kapel Avezaath (Gem. Tiel),"355.000,00 €",128 m²
Groningerstraat 157,Assen,"399.000,00 €",335 m²
Noordlandseweg 77 C,'s-Gravenzande,"850.000,00 €",1.450 m²
Dennekruid 210,Rotterdam,"427.500,00 €",156 m²
Singel 250,Vlissingen,"239.500,00 €",173 m²
Waalsteenhof 15,Hillegom,"649.000,00 €",211 m²
De Gijster 72,Made,"579.000,00 €",527 m²
Noordstraat 5,Poortvliet,"415.000,00 €",792 m²
Muidenstraat 23,Emmeloord,"285.000,00 €",164 m²
Buitenerf 132,Breda,"390.000,00 €",270 m²
Fluitenkruid 4,Gorinchem,"650.000,00 €",287 m²
Heukelom 7,Afferden (LI),"749.000,00 €",1.793 m²
Maanglans 28,Amersfoort,"419.000,00 €",101 m²
Emmapark 3,Wageningen,"599.000,00 €",129 m²
Dwarsweg 4,Elp,"485.000,00 €",915 m²
Van Lingelaan 81,Maarssen,"689.000,00 €",288 m²
Lebuinusstraat 19,Doetinchem,"530.000,00 €",511 m²
Straat van Dover 88,Amersfoort,"539.000,00 €",133 m²
Trix Terwindtstraat 17,Spijkenisse,"429.900,00 €",165 m²
Brouwhuis 49,Blokker,"285.000,00 €",140 m²
Liefkenshoek 26,Riel,"600.000,00 €",530 m²
Mariënstein 84,Heiloo,"495.000,00 €",187 m²
Cornelis Troostlaan 3,Heeze,"800.000,00 €",1.233 m²
Boterbloem 17,Zeeland,"419.000,00 €",288 m²
Madernolaan 11,Eindhoven,"425.000,00 €",205 m²
Laakboulevard 162,Amersfoort,"649.000,00 €",181 m²
Mantingerzand 71,Ede,"395.000,00 €",145 m²
Cor van Osnabruggelaan 98,Voorschoten,"1.175.000,00 €",497 m²
Stoelenmatter 20,Best,"375.000,00 €",154 m²
de Weide 8,Lopik,"295.000,00 €",148 m²
Jhr. Ruys de Beerenbroeckstraat 3,Veghel,"365.000,00 €",357 m²
Meester Haddersstraat 12,Wijster,"650.000,00 €",1.674 m²
Aalsburg 1420,Wijchen,"375.000,00 €",133 m²
Eibert den Herderstraat 18,Harderwijk,"375.000,00 €",220 m²
Van Ekelenburgstraat 36,Nieuw-Amsterdam,"250.000,00 €",295 m²
Woude 36 D,de Woude,"975.000,00 €",990 m²
Amaliastein 82,Vianen (UT),"850.000,00 €",738 m²
Halve Maanstraat 12,Oostkapelle,"599.000,00 €",577 m²
Vliegent Hert 86,Lelystad,"375.000,00 €",167 m²
Populier 62,Best,"350.000,00 €",147 m²
Julianastraat 55,Groot-Ammers,"450.000,00 €",390 m²
Kennemerlaan 111,IJmuiden,"575.000,00 €",119 m²
Watermuntlaan 1,Oosthuizen,"550.000,00 €",295 m²
Smederij 148,Dronten,"550.000,00 €",325 m²
Hoofdvaart 175,Dedemsvaart,"685.000,00 €",1.370 m²
Ridderspoor 18,Krimpen aan den IJssel,"450.000,00 €",154 m²
Merelstraat 11,Neede,"287.500,00 €",238 m²
Hollmanstraat 16,Sittard,"250.000,00 €",300 m²
Kerkweg 49,Malden,"325.000,00 €",262 m²
Carolusgulden 3,Dronten,"350.000,00 €",231 m²
Margrietstraat 2,Aalsmeer,"435.000,00 €",150 m²
Pelsakker 54,Breda,"425.000,00 €",180 m²
Rembrandtstraat 78,Nijmegen,"725.000,00 €",143 m²
Watervogel 63,Lathum,"545.000,00 €",430 m²
Bovenstreek 14,Groningen,"775.000,00 €",1.176 m²
Kerkdijk 25,Achterveld (UT),"390.000,00 €",135 m²
Staatssecretarislaan 144,Zwolle,"475.000,00 €",229 m²
Kastanjelaan 7,Lexmond,"399.000,00 €",175 m²
Jolwerf 22,Gouda,"395.000,00 €",176 m²
Arnhemseweg 218 2,Apeldoorn,"375.000,00 €",187 m²
Wortelstraat 13,Harlingen,"279.500,00 €",103 m²
Berkenpark 8,Beuningen (GE),"395.000,00 €",146 m²
St. Antoniuslaan 22,Sassenheim,"295.000,00 €",70 m²
Diepvoorde 3015,Wijchen,"219.000,00 €",129 m²
Breeuwer 113,Hoorn (NH),"325.000,00 €",130 m²
Petrus Dorrstraat 12,Kerkrade,"575.000,00 €",512 m²
Horusstraat 4,Almere,"325.000,00 €",69 m²
Meester Sprenkelsstraat 2,Sint Anthonis,"495.000,00 €",904 m²
Van Boetzelaerlaan 207,Den Haag,"1.150.000,00 €",160 m²
Essenrode 12,Voorhout,"550.000,00 €",171 m²
Adriaan van Ostadestraat 50,Almere,"340.000,00 €",130 m²
Koningsspil 13,Wieringerwaard,"395.000,00 €",281 m²
Chopinstraat 2,Castricum,"575.000,00 €",305 m²
Zwaluwweg 67,Enkhuizen,"300.000,00 €",139 m²
Zwanenveld 3115,Nijmegen,"319.000,00 €",226 m²
Breedweerlaan 123,Heemskerk,"389.000,00 €",170 m²
Koriander 2,Gendringen,"399.500,00 €",295 m²
Savanne 103,Capelle aan den IJssel,"385.000,00 €",126 m²
Begoniastraat 41,Nieuw-Buinen,"330.000,00 €",764 m²
Angeler 17,Nijkerk,"539.000,00 €",208 m²
Tongerseweg 91,Maastricht,"575.000,00 €",263 m²
Christinastraat 20,Kats,"298.000,00 €",329 m²
Weidmanstraat 16,Maastricht,"249.000,00 €",156 m²
Westerwolde 10,Lelystad,"369.000,00 €",181 m²
Speelkamp 59,Leusden,"395.000,00 €",146 m²
Havenkade 2,'s Gravenmoer,"549.000,00 €",290 m²
Zuiderdiep 203,Valthermond,"549.000,00 €",6.373 m²
P. Ketelaarstraat 8,Raamsdonksveer,"294.000,00 €",132 m²
Standerdlaan 10,Heiloo,"695.000,00 €",234 m²
Mercurion 6,Zevenaar,"695.000,00 €",7.208 m²
Paulus Potterstraat 51,Zutphen,"259.500,00 €",125 m²
Binnenpad 143,Giethoorn,"1.000.000,00 €",7.852 m²
Singel 123,Odijk,"698.000,00 €",265 m²
Orionstraat 22,Eindhoven,"725.000,00 €",615 m²
Laan van Kanaän 3,Beverwijk,"350.000,00 €",100 m²
Henriette Roland-Holststraat 8,Gorinchem,"335.000,00 €",156 m²
Johannaweg 20,Oosterbeek,"295.000,00 €",193 m²
Eikenstraat 41,Dongen,"279.000,00 €",161 m²
Plataanstraat 52,Made,"509.000,00 €",271 m²
Minderbroederstraat 8,Zierikzee,"245.000,00 €",99 m²
Van Boshuizenstraat 551,Amsterdam,"850.000,00 €",109 m²
Ambon 5,Barneveld,"399.000,00 €",157 m²
Hollandseweg 125,Wageningen,"925.000,00 €",1.156 m²
Hazeleger 2,Hoevelaken,"425.000,00 €",160 m²
Granietstraat 57,Oss,"365.000,00 €",169 m²
Oldenkottebrink 11,Enschede,"269.000,00 €",270 m²
Witkopeend 5,Uithoorn,"450.000,00 €",174 m²
Stationsweg 26 D,Oosterbeek,"1.295.000,00 €",1.115 m²
Smaragd 6,Mijdrecht,"795.000,00 €",649 m²
Driek van Erpstraat 21,Oss,"385.000,00 €",312 m²
Arkelse Onderweg 76,Gorinchem,"385.000,00 €",662 m²
Scholeksterweide 22,Renswoude,"350.000,00 €",91 m²
Pending 7,Hoogvliet Rotterdam,"300.000,00 €",116 m²
Heeskesacker 1150,Nijmegen,"250.000,00 €",173 m²
Rembrandtkade 16,Wormerveer,"300.000,00 €",122 m²
Kikkerveen 308,Spijkenisse,"300.000,00 €",156 m²
Schuitenberg 25,Roermond,"319.000,00 €",125 m²
Kilianusstraat 5,Stein,"379.000,00 €",255 m²
Irenelaan 24,Vught,"1.050.000,00 €",204 m²
Ebro 38,Doetinchem,"400.000,00 €",209 m²
Koningsweg 3,Nijverdal,"1.150.000,00 €",5.855 m²
Staartmolen 19,Vianen (UT),"545.000,00 €",257 m²
Hyacintenlaan 67,Hilversum,"749.000,00 €",273 m²
Braamstraat 33,Monster,"325.000,00 €",87 m²
Melis Stokelaan 50,Beverwijk,"495.000,00 €",137 m²
Telefoonstraat 5 B en C,Tilburg,"750.000,00 €",147 m²
De Voorreep 63,Erica,"295.000,00 €",345 m²
Julianastraat 37 D,Hooge Zwaluwe,"359.000,00 €",201 m²
Jan Hendrik op den Veldestraat 12,Zaandam,"360.000,00 €",254 m²
Goeman Borgesiusstraat 2,Nijmegen,"279.500,00 €",128 m²
Laan van Osnabrück 5,Haarlem,"415.000,00 €",164 m²
Traverse 6,Hellevoetsluis,"850.000,00 €",826 m²
Zijlvest 51,Haarlem,"1.198.000,00 €",95 m²
Vogelenzang 13,Sliedrecht,"495.000,00 €",570 m²
Tarwedreef 76,Doetinchem,"385.000,00 €",227 m²
Don Rualaan 81,'s-Heerenberg,"250.000,00 €",152 m²
Van der Valk Boumanweg 228,Leiderdorp,"1.100.000,00 €",584 m²
Ericasestraat 25,Erica,"475.000,00 €",1.710 m²
W. de Vries Robbéweg 46,Gorinchem,"350.000,00 €",195 m²
Stationsstraat 35,Roosendaal,"495.000,00 €",250 m²
Albertina van Nassaustraat 30,Eindhoven,"650.000,00 €",133 m²
Torenstraat 17,Nijkerk,"575.000,00 €",190 m²
Hofmeesterij 58,Huissen,"595.000,00 €",337 m²
Padakker 63,Breda,"550.000,00 €",264 m²
Egelzoom 8,Pijnacker,"435.000,00 €",105 m²
Weteringkade 34,Noordwijk (ZH),"339.000,00 €",90 m²
Potgieterstraat 71,Nijverdal,"239.500,00 €",157 m²
Poelakkerweg 11,Lunteren,"625.000,00 €",370 m²
Willibrordusstraat 1,'s-Heerenhoek,"325.000,00 €",422 m²
Akkersvoorde 22,Spijkenisse,"300.000,00 €",145 m²
Dentgenbachweg 11,Kerkrade,"150.000,00 €",185 m²
Schubertstraat 20,Amsterdam,"2.925.000,00 €",147 m²
Minahassastraat 63,Haarlem,"539.000,00 €",96 m²
Jacob van Ruysdaelstraat 20,Hoogezand,"210.000,00 €",154 m²
Loodglans 8,Heerhugowaard,"350.000,00 €",158 m²
Mgr. Nolensstraat 40,Panningen,"195.000,00 €",250 m²
Zutphenseweg 111,Lochem,"695.000,00 €",23.050 m²
Zandgolf 34,Eindhoven,"925.000,00 €",412 m²
Sandenburglaan 2,Helmond,"775.000,00 €",605 m²
Lunterenstraat 53,Tilburg,"535.000,00 €",344 m²
Dorpsstraat 14,Ellemeet,"349.000,00 €",291 m²
Dorpsstraat 21,Zwartewaal,"549.500,00 €",210 m²
Sterappel 26,Tiel,"399.500,00 €",238 m²
Pijperhof 7,Raamsdonksveer,"945.000,00 €",1.187 m²
Klapwijkseweg 51,Pijnacker,"639.000,00 €",342 m²
Herfst 73,Dronten,"525.000,00 €",547 m²
Mina Krusemanpark 130,Heemskerk,"385.000,00 €",132 m²
Berliozstraat 3,Alkmaar,"475.000,00 €",152 m²
Valeriaandonk 1,Spijkenisse,"275.000,00 €",130 m²
Crocussenstraat 13,Lisse,"373.000,00 €",148 m²
Haverkampsweg 7,Epe,"475.000,00 €",1.020 m²
Korfstraat 5,Kudelstaart,"425.000,00 €",138 m²
Halsterveld 1,Houten,"475.000,00 €",184 m²
't Slotje 24,Beek en Donk,"695.000,00 €",827 m²
Greppelland 8,Nijkerk,"550.000,00 €",385 m²
De Bargies 65,Emmen,"385.000,00 €",696 m²
Beekseweg 8,Wehl,"300.000,00 €",296 m²
Heilige Stoel 5534,Wijchen,"295.000,00 €",188 m²
Koningsspil 7,Sint Pancras,"649.000,00 €",383 m²
Dongedal 31,Capelle aan den IJssel,"360.000,00 €",152 m²
Diepenbeekstraat 57,Breda,"319.000,00 €",162 m²
Hoefslagstraat 1,Ootmarsum,"538.000,00 €",503 m²
Vossenlaan 1,Bergen (LI),"225.000,00 €",205 m²
Krompbunderstraat 6,Stein,"325.000,00 €",353 m²
Hoveniersberg 14,Roosendaal,"299.500,00 €",167 m²
Vogelakker 24,Almere,"725.000,00 €",923 m²
Deldensestraat 35,Borne,"325.000,00 €",264 m²
Jonathan 31,Hardinxveld-Giessendam,"475.000,00 €",122 m²
van Rechterenlaan 22,Grave,"450.000,00 €",306 m²
Vincent van Goghstraat 4,Lisse,"479.000,00 €",220 m²
Duin en Beeklaan 14,Bloemendaal,"4.700.000,00 €",1.419 m²
Porta Toga 10,Houten,"485.000,00 €",96 m²
van Aerschotstraat 13,Zevenbergen,"290.000,00 €",207 m²
Erasmussingel 50,Arnhem,"323.000,00 €",171 m²
Maalsteen 20,Borger,"395.000,00 €",369 m²
Perzikkruid 38,Zevenbergen,"325.000,00 €",143 m²
Douzastraat 8,Noordwijk (ZH),"649.000,00 €",137 m²
Drechterland 15,Purmerend,"495.000,00 €",257 m²
Barneveldseweg 16,Otterlo,"1.250.000,00 €",7.796 m²
Oudewal 20,Warmenhuizen,"645.000,00 €",490 m²
Veldbloemenweg 143,Zaandam,"375.000,00 €",164 m²
Broenskuil 7,Herten,"825.000,00 €",501 m²
Balsemkruid 35,Rotterdam,"385.000,00 €",142 m²
Prof. Oudemansstraat 75,Delft,"345.000,00 €",141 m²
Johan Abersonstraat 48,Purmerend,"440.000,00 €",184 m²
Nieuwstad 64,Burgum,"269.000,00 €",970 m²
Wilsonstraat 40,Goes,"250.000,00 €",127 m²
Graaf Janstraat 2,Zuid-Beijerland,"325.000,00 €",234 m²
Humperdinckstraat 59,Tilburg,"259.500,00 €",95 m²
Ambachtstraat 29,Wageningen,"425.000,00 €",120 m²
Witte Ring 65,Assendelft,"469.000,00 €",146 m²
De Weem 2,Westervoort,"549.500,00 €",479 m²
Zwarte Ring 83,Assendelft,"450.000,00 €",116 m²
Selzerbeek 15,Zaandam,"399.000,00 €",122 m²
Argostraat 22,Eindhoven,"325.000,00 €",157 m²
Rijksstraatweg 109,Heemskerk,"725.000,00 €",583 m²
Tak van Poortvlietstraat 2 a,Zutphen,"385.000,00 €",119 m²
Hillegommerdijk 355 a,Beinsdorp,"550.000,00 €",290 m²
Glazenmaker 8,Oost West en Middelbeers,"550.000,00 €",310 m²
Mars 5,Schijndel,"549.000,00 €",284 m²
Bergmolen 47,Alphen aan den Rijn,"350.000,00 €",140 m²
Ridderhoflaan 91,Koudekerk aan den Rijn,"440.000,00 €",134 m²
Johannes Husslaan 11,Amstelveen,"500.000,00 €",144 m²
Straatweide 2,Prinsenbeek,"825.000,00 €",608 m²
Kooikersdreef 705,Apeldoorn,"359.500,00 €",175 m²
Janneke van der Plaatstraat 9,Zutphen,"250.000,00 €",173 m²
Landmetersveld 803,Apeldoorn,"325.000,00 €",212 m²
Moggendries 30,Eindhoven,"350.000,00 €",184 m²
Zeeweg 202,IJmuiden,"395.000,00 €",139 m²
Eikelaar 4,Geldrop,"365.000,00 €",185 m²
Boomstede 33,Maarssen,"409.000,00 €",147 m²
De Wildert 18,Berkel en Rodenrijs,"385.000,00 €",157 m²
Otellostraat 6,Spijkenisse,"325.000,00 €",106 m²
Ambrosiushof 47,Haarsteeg,"450.000,00 €",210 m²
Runde 40,Assen,"185.000,00 €",165 m²
Paukeslag 142,Etten-Leur,"275.000,00 €",166 m²
Herfststraat 3,Amsterdam,"350.000,00 €",144 m²
Sweelinckstraat 53,Numansdorp,"345.000,00 €",156 m²
Asserpark 4,Wageningen,"315.000,00 €",142 m²
Bouvigne 15,Den Bosch,"389.000,00 €",141 m²
Loenerveld 62,Nieuw-Vennep,"760.000,00 €",304 m²
Meers 5,Geldrop,"385.000,00 €",287 m²
Overslaggronden 15,Kampen,"525.000,00 €",284 m²
Bakemastraat 7,Amersfoort,"410.000,00 €",133 m²
Van Oldenbarneveltstraat 46,Nijkerk,"350.000,00 €",171 m²
Lookhof 1,Angeren,"399.000,00 €",280 m²
Het Kasteel 216,Apeldoorn,"349.500,00 €",196 m²
Het Rinket 6,Meerstad,"575.000,00 €",368 m²
Spoorstraat 126,Leeuwarden,"225.000,00 €",139 m²
Uiterdijkenweg 47 A,Marknesse,"329.500,00 €",2.370 m²
Rijnsburgerweg 94,Leiden,"875.000,00 €",278 m²
Sportlaan 31,Werkendam,"550.000,00 €",929 m²
Hertenkamp 21,Tholen,"525.000,00 €",572 m²
Havikhorst 87,Roermond,"425.000,00 €",710 m²
Schuurmanslaantje 6,Nieuwleusen,"565.000,00 €",789 m²
Boerenhoek 87,Hoogvliet Rotterdam,"275.000,00 €",144 m²
Veldkampje 1,Dalfsen,"490.000,00 €",715 m²
Leeuwerik 7,Bergambacht,"350.000,00 €",116 m²
Boomgaard 9,Schoonhoven,"500.000,00 €",128 m²
Bogerdweg 24,Dreischor,"389.000,00 €",680 m²
Rochtstraat 6,Sleen,"298.000,00 €",490 m²
Haarskamp 69,Ruurlo,"1.299.069,00 €",3.910 m²
Kastanjelaan 27,Lochem,"550.000,00 €",386 m²
Bladgroen 34,Zoetermeer,"350.000,00 €",124 m²
Willem-Alexanderstraat 24,Duiven,"550.000,00 €",375 m²
Bosstraat 3,Swalmen,"325.000,00 €",310 m²
Hoofdstraat 25,Sint Jansteen,"389.500,00 €",379 m²
Olieslagweg 96,Enschede,"219.000,00 €",209 m²
Douwelaan 2 C,Oentsjerk,"395.000,00 €",297 m²
Karrevracht 6,Uden,"539.000,00 €",311 m²
Valeriusstraat 50,Almelo,"242.500,00 €",152 m²
Rederijkershoeve 115,Apeldoorn,"399.000,00 €",248 m²
Parkwijklaan 205,Almere,"450.000,00 €",154 m²
Weegbree 27,Gendringen,"275.000,00 €",200 m²
Max Havelaarburg 19,Capelle aan den IJssel,"450.000,00 €",142 m²
Ridder van Asenrodeweg 53,Roermond,"250.000,00 €",230 m²
De Nieuwesluis 15 b,Zwartsluis,"360.000,00 €",142 m²
Doornseweg 18,Langbroek,"397.500,00 €",195 m²
Schans 4,Oost-Souburg,"685.000,00 €",523 m²
Elzenlaan 4,Dordrecht,"365.000,00 €",155 m²
Willem de Zwijgerstraat 6,Nijverdal,"269.500,00 €",203 m²
Pimpernelstraat 13,Utrecht,"450.000,00 €",115 m²
Margrietstraat 13,Wijchen,"300.000,00 €",212 m²
Alexandriet 4,Mijdrecht,"389.000,00 €",115 m²
Einsteinlaan 7,Pijnacker,"500.000,00 €",201 m²
Kerkstraat 25,Berghem,"297.500,00 €",190 m²
Anna Johanna van Nassaustraat 7,Vianen (UT),"525.000,00 €",225 m²
IJsselkade 24,IJsselstein,"385.000,00 €",103 m²
Wethouder Steinmetzstraat 37,Amsterdam,"425.000,00 €",132 m²
Brouwersdam 21,Hoofddorp,"1.295.000,00 €",740 m²
Voorstraat 6,Blije,"169.500,00 €",178 m²
Auroralaan 50,Apeldoorn,"425.000,00 €",445 m²
Izak Osstraat 27,Zwolle,"525.000,00 €",324 m²
Landpaal 3,Huissen,"310.000,00 €",141 m²
Voirt 74,Nuenen,"599.000,00 €",431 m²
Willem Berkhemerstraat 1,Wageningen,"465.000,00 €",160 m²
Markstraat 7,Dordrecht,"300.000,00 €",127 m²
Broekweg 17,Horst,"549.000,00 €",498 m²
Sternweg 2,Groet,"449.000,00 €",271 m²
Willem Claijstraat 15,Berkhout,"339.000,00 €",219 m²
Minoes erf 79,Capelle aan den IJssel,"325.000,00 €",159 m²
Herenstraat 69,Slagharen,"550.000,00 €",1.313 m²
Brasemlaan 4,Helmond,"345.000,00 €",144 m²
Vogelbos 33,Prinsenbeek,"685.000,00 €",368 m²
Hoofdspoor 6,Assendelft,"385.000,00 €",94 m²
Zwolseweg 69,Balkbrug,"275.000,00 €",404 m²
Jachtlaan 320 A,Apeldoorn,"489.500,00 €",290 m²
Sluislaan 31,Moordrecht,"375.000,00 €",168 m²
Violierstraat 35,Eindhoven,"625.000,00 €",152 m²
Het Aangelag 10,Bladel,"579.000,00 €",552 m²
St.-Elisabethstraat 80,Vught,"345.000,00 €",172 m²
Koningin Beatrixlaan 1,Leusden,"500.000,00 €",250 m²
Bosjeslaan 20,Vlissingen,"217.500,00 €",212 m²
Bierbrouwershorst 302,Apeldoorn,"319.000,00 €",243 m²
Eem 13,Nieuwerkerk aan den IJssel,"475.000,00 €",132 m²
Poststraat 20 D,Stadskanaal,"275.000,00 €",577 m²
Willem de Zwijgerlaan 177,Woudenberg,"400.000,00 €",153 m²
Reimersbeek 21,Amsterdam,"695.000,00 €",162 m²
Holleweg 161,Heiloo,"685.000,00 €",530 m²
Hertogstraat 45,Brunssum,"179.000,00 €",129 m²
Victor Slingelandstraat 13,Oosterhout (NB),"375.000,00 €",185 m²
Corlaerstraat 20,Nijkerk,"345.000,00 €",147 m²
Boterbloemlaan 25,Vlissingen,"215.000,00 €",118 m²
Hogeweg 38 a,Oldelamer,"450.000,00 €",1.773 m²
Baflostraat 12,Arnhem,"279.000,00 €",179 m²
Lijnbaanstraat 24,Middelharnis,"170.000,00 €",201 m²
Leurinkstraat 18,Hengelo (OV),"299.500,00 €",185 m²
Sillebeekstraat 20,Valkenburg (LI),"325.000,00 €",387 m²
Minister Treubstraat 12,Enschede,"359.000,00 €",342 m²
Akkerstraat 6,Gilze,"475.000,00 €",270 m²
Sint Antoniushof 126,Oosterhout (NB),"350.000,00 €",140 m²
Apollostraat 46,Spijkenisse,"349.500,00 €",182 m²
Hunzedal 33,Borger,"569.000,00 €",760 m²
Beumeesweg 32 a,Alteveer (GR),"415.000,00 €",1.674 m²
Verremeer 93,Rijsenhout,"400.000,00 €",312 m²
Voorzorgstraat 8,Haarlem,"650.000,00 €",113 m²
Oranjelaan Oostzijde 31,Puttershoek,"349.000,00 €",295 m²
Aleidisstraat 9,Sprundel,"649.000,00 €",540 m²
Anjerstraat 33,Ridderkerk,"350.000,00 €",219 m²
Dorpsstraat 17,Wijngaarden,"529.000,00 €",320 m²
Schalk Burgerstraat 11,Leeuwarden,"259.000,00 €",107 m²
Noordhoek Hegtstraat 81,Enschede,"210.000,00 €",178 m²
Kollermolen 35,Gennep,"645.000,00 €",510 m²
Rigoletto 21,Eindhoven,"475.000,00 €",147 m²
Zuideinde 86,Volendam,"350.000,00 €",50 m²
Veldkampsweg 36,Nijverdal,"429.500,00 €",243 m²
Lombokstraat 17,Dordrecht,"265.000,00 €",83 m²
De Fruittuinen 3,Hoofddorp,"625.000,00 €",160 m²
Junolaan 4 b,Waddinxveen,"425.000,00 €",106 m²
Florastraat 59,Wormer,"425.000,00 €",209 m²
Beatrixstraat 20,Oeffelt,"299.000,00 €",170 m²
Achtererf 73,Tholen,"359.900,00 €",113 m²
't Laar 2,Amersfoort,"525.000,00 €",207 m²
Havensingel 47,Eindhoven,"489.500,00 €",117 m²
Bosmuizenlaar 32,Bavel (Gem. Breda),"500.000,00 €",171 m²
Noordenveld 33,Assen,"225.000,00 €",134 m²
Kievitstraat 69,Neede,"289.000,00 €",345 m²
Piccolo 67,Rotterdam,"365.000,00 €",151 m²
Machteld Sandelijnslaan 36,Hendrik-Ido-Ambacht,"625.000,00 €",215 m²
Dorpsstraat 58,Halle,"230.000,00 €",197 m²
Frieseweg 55,Alkmaar,"495.000,00 €",134 m²
De Bleijdestraat 26,Rijssen,"259.000,00 €",125 m²
Hoogaars 12,Schiedam,"300.000,00 €",68 m²
Roelantstraat 25,Alkmaar,"345.000,00 €",147 m²
Iepenlaan 62,Duiven,"249.500,00 €",158 m²
Molendijk 4,Stad aan 't Haringvliet,"775.000,00 €",2.430 m²
Chrysantstraat 22,Utrecht,"375.000,00 €",64 m²
Marga Klompélaan 99,Rijen,"375.000,00 €",231 m²
Fluitersweg 40,Wenum Wiesel,"1.095.000,00 €",8.760 m²
Bodenheimstraat 5,Ede,"825.000,00 €",305 m²
Ruth Firststraat 40,Purmerend,"400.000,00 €",145 m²
Het Boschloo 13,Warnsveld,"369.000,00 €",248 m²
Torenstraat 75,Castricum,"650.000,00 €",310 m²
Bûterblom-strjitte 28,Kootstertille,"195.000,00 €",273 m²
Pastoor van Winkelstraat 23,Schaijk,"365.000,00 €",383 m²
Mastgatstraat 16,Middelburg,"249.000,00 €",180 m²
Meerboomweg 10,Hollandscheveld,"495.000,00 €",52.314 m²
Bloemstraat 84,IJmuiden,"350.000,00 €",653 m²
Magelerweg 44,Den Ham (OV),"369.000,00 €",473 m²
Engelbeemd 3,Herpen,"385.000,00 €",190 m²
Schubertstraat 24,Numansdorp,"338.500,00 €",163 m²
Bosserdijk 12,Hoogland,"439.500,00 €",166 m²
Erf 23,Gemert,"375.000,00 €",240 m²
Koningshof 2,Rijpwetering,"417.500,00 €",95 m²
Bareveld 5,Marum,"600.000,00 €",13.610 m²
Willem Weysingel 38,Pernis Rotterdam,"269.500,00 €",246 m²
Heivlinderlaan 14,Culemborg,"525.000,00 €",143 m²
Sternstraat 24,Purmerend,"459.000,00 €",127 m²
Voorstraat 124,Noordwijk (ZH),"1.395.000,00 €",309 m²
Dorpsstraat 5,Ees,"750.000,00 €",13.150 m²
Lange acker 74,Heemskerk,"869.000,00 €",465 m²
Tolsestraat 1,Opheusden,"310.000,00 €",535 m²
Boomstraat 61,Gemonde,"565.000,00 €",326 m²
Pastoor van der Meijdenstraat 21,Rosmalen,"569.000,00 €",294 m²
Jasykoffstraat 24,Zaandam,"310.000,00 €",155 m²
De Lits 14,Leeuwarden,"550.000,00 €",770 m²
Rupelstraat 41,Helmond,"425.000,00 €",272 m²
Merellaan 168,Capelle aan den IJssel,"450.000,00 €",152 m²
Herman Gorterstraat 26,Haarlem,"519.000,00 €",132 m²
Kruidendreef 74,Dronten,"525.000,00 €",547 m²
Zwarteweg 17,Aerdenhout,"4.350.000,00 €",3.085 m²
Korte Water 143,Amsterdam,"549.000,00 €",114 m²
Rijksstraatweg 28,Buurmalsen (Gem. West Betuwe),"495.000,00 €",559 m²
Ekster 2,Hoogvliet Rotterdam,"439.000,00 €",210 m²
Salamanderveen 315,Spijkenisse,"300.000,00 €",169 m²
Van der Waalsstraat 4,Geleen,"525.000,00 €",781 m²
Mahatma Ghandhihof 14,Zaandam,"325.000,00 €",120 m²
Seringenstraat 4,Eerbeek,"425.000,00 €",558 m²
Tartinistraat 18,Eindhoven,"320.000,00 €",157 m²
Havercamplaan 9,Heiloo,"589.000,00 €",340 m²
Abersland 2713,Wijchen,"390.000,00 €",220 m²
Nijendal 1,Driebergen-Rijsenburg,"1.050.000,00 €",1.798 m²
Haaldersbroekerdwarsstraat 9,Zaandam,"400.000,00 €",477 m²
Sint Radboudstraat 22,Amersfoort,"845.000,00 €",385 m²
Poolster 9,Klazienaveen,"359.500,00 €",307 m²
Lingestraat 29,Assen,"325.000,00 €",252 m²
Aalsburg 1424,Wijchen,"350.000,00 €",241 m²
Oostblok 41,Wateringen,"450.000,00 €",144 m²
Rivierdijk 327,Sliedrecht,"259.000,00 €",111 m²
Marokkostraat 167,Alphen aan den Rijn,"400.000,00 €",127 m²
Noorderstraat 20,Winschoten,"249.500,00 €",206 m²
Elandhof 79,Winschoten,"499.500,00 €",833 m²
Spinbolmolen 34,Papendrecht,"360.000,00 €",187 m²
Manegelaan 13,Hoofddorp,"425.000,00 €",156 m²
Kerklaan 2,Vlissingen,"325.000,00 €",588 m²
Scheijbeecklaan 22,Beverwijk,"457.500,00 €",202 m²
Hof van Rome 87,Doetinchem,"315.000,00 €",196 m²
Leisteen 28,Houten,"495.000,00 €",132 m²
Annie M.G. Schmidtlaan 22,Gorinchem,"475.000,00 €",211 m²
Ottersumseweg 24,Gennep,"585.000,00 €",1.190 m²
Venussingel 39,Heerhugowaard,"325.000,00 €",211 m²
Westerdiep 20,Dordrecht,"295.000,00 €",123 m²
Valeriuslaan 10,Doorwerth,"545.000,00 €",182 m²
Beukestraat 3,Krommenie,"340.000,00 €",119 m²
Hoge Dijkje 12,Nijverdal,"300.000,00 €",350 m²
Keizer 7,Wijk bij Duurstede,"389.500,00 €",147 m²
Kennemerland 73,Assen,"239.500,00 €",169 m²
Boompjesweg 4,Landhorst,"528.500,00 €",1.038 m²
Ruinerbrink 178,Emmen,"200.000,00 €",131 m²
De Buorren 29,Lippenhuizen,"625.000,00 €",2.104 m²
Vriezenveenseweg 145,Almelo,"285.000,00 €",261 m²
Vloed 18,Breda,"350.000,00 €",118 m²
Valeriaanweg 121,Utrecht,"585.000,00 €",102 m²
Vincent van Goghlaan 25,Vleuten,"425.000,00 €",132 m²
Pastoriedijk 120,Pernis Rotterdam,"269.900,00 €",141 m²
Herderstraat 15,Zaandam,"425.000,00 €",126 m²
Rubenslaan 161,Bergschenhoek,"875.000,00 €",430 m²
Dorsvlegelweide 27,Nieuwegein,"798.500,00 €",485 m²
De Kist 24,Elst (GE),"385.000,00 €",239 m²
Kapellestraat 2,Oudewater,"575.000,00 €",73 m²
Hogekamp 9,Oldebroek,"325.000,00 €",118 m²
Chamonixlaan 11,Eindhoven,"450.000,00 €",198 m²
Kerkstraat 3,Nieuwkuijk,"675.000,00 €",498 m²
Brigantijn 9,Woerden,"385.000,00 €",137 m²
Dorpsstraat 998,Assendelft,"275.000,00 €",92 m²
Boternesserstraat 26 C,Weesp,"669.000,00 €",185 m²
Langemoor 4,Nieuw-Vennep,"439.000,00 €",198 m²
Houtrakgracht 181,Utrecht,"469.000,00 €",218 m²
Rijssensestraat 122,Nijverdal,"325.000,00 €",246 m²
Dorpsstraat 130,Wormer,"325.000,00 €",275 m²
Muiderslot 39,Amersfoort,"400.000,00 €",123 m²
Appelaarsedijk 18,Fijnaart,"399.000,00 €",877 m²
Narcisstraat 16,Swifterbant,"345.000,00 €",192 m²
Bremstraat 51,Arnhem,"429.000,00 €",233 m²
Luilaantje 39,Egmond-Binnen,"798.000,00 €",560 m²
Schansweg 23,Geertruidenberg,"249.000,00 €",142 m²
Franseweg 66 a,Elst (UT),"495.000,00 €",230 m²
Reinettehof 7,Maurik,"439.000,00 €",264 m²
Zuidende 63,Helmond,"275.000,00 €",152 m²
Hoge Hofstraat 4,Dodewaard,"350.000,00 €",456 m²
Wolvespoor 11,Etten-Leur,"325.000,00 €",166 m²
Dullemansstukken 21,Eelde,"325.000,00 €",223 m²
Constantijnstraat 35,Vroomshoop,"195.000,00 €",172 m²
Cuyleborg 222,Maastricht,"285.000,00 €",136 m²
Punter 45 10,Lelystad,"325.000,00 €",162 m²
Kersentuin 19,Heerjansdam,"340.000,00 €",110 m²
Rabouw 32,Helden,"270.000,00 €",147 m²
Lange Weide 126,Breda,"519.000,00 €",153 m²
Rosanderwaard 47,Capelle aan den IJssel,"400.000,00 €",141 m²
Witbol 22,Kampen,"289.500,00 €",134 m²
Donkereweg 3,Heerhugowaard,"587.000,00 €",500 m²
Braamkamp 183,Zutphen,"375.000,00 €",341 m²
Hessenweg 32,Ede,"1.695.000,00 €",2.030 m²
Leeuweriklaan 20,Hoogeveen,"320.000,00 €",199 m²
Julianastraat 7,Den Bommel,"180.000,00 €",61 m²
Bellatrixstraat 30,IJmuiden,"385.000,00 €",167 m²
Prins Bernhardstraat 56,Leeuwarden,"420.000,00 €",339 m²
Kampakkers 30,Borger,"225.000,00 €",148 m²
Büllerlaan 121,Beverwijk,"375.000,00 €",178 m²
Blauwkapel 76,Gorinchem,"450.000,00 €",147 m²
De Dieze 51 A,Goirle,"725.000,00 €",326 m²
J.W. Schuurmanstraat 49,Domburg,"269.000,00 €",177 m²
van Goyenstraat 5,Heemskerk,"385.000,00 €",124 m²
Bakhuizen van den Brinkhof 19,Amsterdam,"900.000,00 €",234 m²
Pieter acker 12,Heemskerk,"875.000,00 €",588 m²
Klifrakplantsoen 180,Utrecht,"485.000,00 €",86 m²
Molenplaatsweg 5,Borger,"875.000,00 €",620 m²
Prins Clausstraat 92,Hoensbroek,"425.000,00 €",513 m²
Krelis Annesstraat 40,Oudebildtzijl,"217.500,00 €",305 m²
Zellersacker 2101,Nijmegen,"295.000,00 €",239 m²
Molenstraat 104,Apeldoorn,"295.000,00 €",239 m²
Morgenster 15,Elst (GE),"595.000,00 €",244 m²
Berkenhof 10,Sliedrecht,"624.500,00 €",529 m²
Sint Janstraat 106,Sprundel,"895.000,00 €",6.193 m²
Pallasstraat 176,Emmeloord,"262.500,00 €",185 m²
Kleine Molenstraat 29,Elst (GE),"315.000,00 €",202 m²
Gaandeweg 28,Amsterdam,"485.000,00 €",144 m²
Waverbancken 63,Vinkeveen,"450.000,00 €",135 m²
3e Kekerstraat 59,Amsterdam,"439.000,00 €",118 m²
Walingsdijk 27,Ursem (Gem. Koggenland),"698.000,00 €",610 m²
Usselerveenweg 303,Enschede,"450.000,00 €",3.330 m²
Vesting 23,Wijk bij Duurstede,"625.000,00 €",340 m²
Marijkeweg 15,Vaassen,"469.000,00 €",306 m²
Trilgras 8,De Goorn,"525.000,00 €",268 m²
Waterpoort 26,Heusden (Gem. Heusden),"430.000,00 €",98 m²
Maartenskreek 5,Willemstad,"550.000,00 €",302 m²
Neptunusstraat 14,Rosmalen,"775.000,00 €",557 m²
Landregtstraat 10,Vlissingen,"239.000,00 €",212 m²
Malachietgroen 19,Zoetermeer,"420.000,00 €",122 m²
van Voorststraat 13 b,Huissen,"585.000,00 €",390 m²
Catswende 11,Hillegom,"569.000,00 €",230 m²
Catswende 13,Hillegom,"569.000,00 €",275 m²
Adriaen van Ostadelaan 2,Waalre,"525.000,00 €",400 m²
Breeweg 56,Middelburg,"275.000,00 €",213 m²
Parklaan 9,Prinsenbeek,"445.000,00 €",355 m²
Tichlerstraat 9,IJsselmuiden,"299.500,00 €",178 m²
Steenhuisstraat 10,Vlissingen,"239.000,00 €",108 m²
Minister van Houtenstraat 9,Veghel,"310.000,00 €",179 m²
Martinusweg 2,Herwen,"275.000,00 €",331 m²
Overgouw 111,Almere,"575.000,00 €",239 m²
Kaaplandstraat 55 A,Nijmegen,"498.500,00 €",132 m²
Het Bleekveld 8,Hardenberg,"310.000,00 €",293 m²
Henrik Ibsenstraat 14,Zuid-Beijerland,"375.000,00 €",231 m²
Citerlaan 18,Nieuwegein,"400.000,00 €",124 m²
Texashof 4,IJsselstein,"380.000,00 €",107 m²
Westeinde 164,Nieuwleusen,"400.000,00 €",1.265 m²
Freulepark 66,Zutphen,"298.000,00 €",173 m²
Batalaan 2 c,Best,"589.500,00 €",564 m²
Vosweide 60,Apeldoorn,"389.000,00 €",113 m²
Alexander Dubcekweg 167,Assen,"325.000,00 €",258 m²
Het Erf 19,Bovenkarspel,"450.000,00 €",223 m²
Lanciersstraat 43,Tilburg,"448.000,00 €",100 m²
Elspeterbos 50,Hoofddorp,"395.000,00 €",141 m²
Koereiger 10,Emmen,"539.500,00 €",630 m²
Herman Heijermanslaan 14,Heemstede,"995.000,00 €",361 m²
Pieter Aertsenstraat 8,Meppel,"250.000,00 €",129 m²
De Buiskap 4,Dronten,"260.000,00 €",116 m²
2e Berkendijk 2,Hengelo (GE),"875.000,00 €",8.825 m²
Conradstraat 15,Zaandam,"575.000,00 €",147 m²
Corbulopad 14,De Meern,"540.000,00 €",145 m²
Touwslagerlaan 4,Aalsmeer,"1.075.000,00 €",575 m²
Tuin van Gerlagh 20,Hoeven,"515.000,00 €",248 m²
Chinesetuinlaan 10,Vleuten,"800.000,00 €",286 m²
De Bovenkruier 14,Klazienaveen,"375.000,00 €",382 m²
Schimmelpenninckstraat 18,Veenendaal,"519.000,00 €",382 m²
Verlengde Parkweg 58,Ede,"425.000,00 €",275 m²
Geert van Woustraat 19,Denekamp,"339.000,00 €",378 m²
Elstweg 30,Beers,"350.000,00 €",715 m²
Apollostraat 9,Aalsmeer,"475.000,00 €",168 m²
Albert Cuyplaan 57,Haaksbergen,"325.000,00 €",276 m²
Swammerdamstraat 15,Terneuzen,"215.000,00 €",178 m²
Wijsthoek 523,Uden,"419.000,00 €",210 m²
Hoefbladstraat 7,Krommenie,"275.000,00 €",131 m²
Sophialaan 1 A,Wassenaar,"2.695.000,00 €",1.715 m²
Papaverstraat 10,Alkmaar,"450.000,00 €",157 m²
Kleine Wielenpad 7,Almere,"349.000,00 €",156 m²
Koningin Wilhelminastraat 88 A,Reeuwijk,"350.000,00 €",176 m²
Damstraat 16,Hardinxveld-Giessendam,"439.000,00 €",347 m²
Papiermakerserf 123,Eerbeek,"239.000,00 €",135 m²
Bronneberg 27,Herkenbosch,"389.000,00 €",311 m²
Bongerd 25,Malden,"289.000,00 €",338 m²
Fontein Verschuirstraat 12,Alkmaar,"600.000,00 €",165 m²
De Ruyterstraat 114,IJmuiden,"350.000,00 €",159 m²
Het Bosje 14,Elst (UT),"499.000,00 €",291 m²
Hekkerdreef 58,Leusden,"495.000,00 €",125 m²
Lieuwe Jellingastrjitte 51,Britsum,"225.000,00 €",285 m²
Damstraat 13,Ridderkerk,"285.000,00 €",155 m²
Sportlaan 5,Bleiswijk,"365.000,00 €",152 m²
Prins Bernhardstraat 31,Nijverdal,"300.000,00 €",199 m²
Haveloozeweg 4,Dirksland,"975.000,00 €",931 m²
het Egbertink 72,Losser,"264.000,00 €",152 m²
Alex van Strienstraat 2,Culemborg,"535.000,00 €",206 m²
Molièrelaan 29,Eindhoven,"425.000,00 €",148 m²
Roggelelie 4,Gieten,"585.000,00 €",505 m²
Het Zwanevlot 105,Zutphen,"300.000,00 €",231 m²
Hofhooistraat 17,Dreumel,"375.000,00 €",361 m²
Schavenmolenstraat 15,Arnhem,"600.000,00 €",153 m²
Victor de Stuerslaan 7,Arnhem,"219.000,00 €",110 m²
Het Meuke 35,Haaksbergen,"305.000,00 €",152 m²
Wilgenlaan 53,Etten-Leur,"275.000,00 €",177 m²
Grote Haarsekade 53,Gorinchem,"550.000,00 €",345 m²
Het Roefje 14,Hoogeveen,"369.500,00 €",248 m²
Oosterbrink 14,Oosterwolde (FR),"469.000,00 €",1.410 m²
Pieter Langendijkstraat 43,Alkmaar,"345.000,00 €",148 m²
Lagewoud 4,Ede,"675.000,00 €",277 m²
De Gasperilaan 5,Doetinchem,"425.000,00 €",270 m²
Beckumerstraat 48,Hengelo (OV),"319.500,00 €",161 m²
Popart 41,Dronten,"365.000,00 €",176 m²
de Brink 18,Raalte,"389.500,00 €",393 m²
Baanhoek 245,Sliedrecht,"310.000,00 €",260 m²
Wilhelminastraat 43,Huissen,"465.000,00 €",257 m²
Helena Merciertuin 28,Heerhugowaard,"400.000,00 €",152 m²
Oude Schuttingkanaal WZ 57,Roswinkel,"549.000,00 €",4.625 m²
Gudumholm 8,Hoofddorp,"450.000,00 €",146 m²
Hofakkers 2,Westerbork,"399.000,00 €",448 m²
Kruizemuntstraat 28 A,Apeldoorn,"499.500,00 €",310 m²
Ulsheggerweg 30,Lottum,"279.000,00 €",483 m²
De Velde 13,Zwartsluis,"350.000,00 €",655 m²
Prinsensteeg 13,Schiedam,"319.000,00 €",62 m²
Schoolstraat 22,Koewacht,"275.000,00 €",372 m²
Stoofstraat 34,Poortvliet,"194.500,00 €",123 m²
Kroeskarperlaan 7,Voorhout,"785.000,00 €",226 m²
Nieuwstad 30,Gorinchem,"450.000,00 €",102 m²
Hoedekenskerkestraat 34,Arnhem,"300.000,00 €",107 m²
Meidoornlaan 8,Lopik,"340.000,00 €",145 m²
Vinkenbroek 94,Etten-Leur,"382.500,00 €",280 m²
Langsweg 1 A,Dalmsholte,"595.000,00 €",6.820 m²
Langsweg 1,Dalmsholte,"540.000,00 €",4.826 m²
Uranusstraat 4,Dongen,"269.000,00 €",222 m²
Langezand 57,Lelystad,"275.000,00 €",189 m²
Pauwenkamp 47,Maarssen,"350.000,00 €",172 m²
Molenlaan 6,Rijswijk (ZH),"869.000,00 €",150 m²
Groot-Bijgaardenlaan 36,Eindhoven,"495.000,00 €",155 m²
Bredeweg 363,Roermond,"269.000,00 €",260 m²
Emmerstraat 20,Noord-Sleen,"850.000,00 €",25.000 m²
Achterstraat 4,Den Bosch,"550.000,00 €",248 m²
Winterswijkseweg 59,Groenlo,"450.000,00 €",3.740 m²
J.H. Leopoldstraat 16,Almere,"565.000,00 €",297 m²
Reigersbek 9,Purmerend,"415.000,00 €",114 m²
Kalverkamp 1,Leusden,"429.000,00 €",153 m²
Ekelshoek 3,Blaricum,"765.000,00 €",294 m²
Lage Ham 154,Dongen,"565.000,00 €",960 m²
De Wildbaan 20,Ootmarsum,"812.000,00 €",555 m²
Aletta Jacobslaan 22 .,Tiel,"399.500,00 €",257 m²
Mijnspoor 12,Houten,"525.000,00 €",103 m²
Hogeweg 100,Limmen,"989.000,00 €",568 m²
Merlijnshof 30,Prinsenbeek,"400.000,00 €",209 m²
Roemer Visscherstraat 8,Alkmaar,"685.000,00 €",313 m²
Vossenweg 1,Bennekom,"625.000,00 €",331 m²
Welle 2 C,Koudekerke,"335.000,00 €",54 m²
Parallelweg 12,Gorssel,"925.000,00 €",1.914 m²
Molenstraat 17,Zuidhorn,"199.500,00 €",145 m²
Duizendschoon 35,Rijnsburg,"1.099.000,00 €",430 m²
Caspar Fagellaan 6,Rotterdam,"875.000,00 €",265 m²
Pijlkruidstraat 37,Berkel en Rodenrijs,"450.000,00 €",186 m²
Ruys de Beerenbrouckplein 127,Oosterhout (NB),"390.000,00 €",173 m²
Staringkade 42,Leiden,"450.000,00 €",89 m²
Jessicagang 70,Zoetermeer,"700.000,00 €",298 m²
Noorddonk 83,Steenbergen (NB),"415.000,00 €",285 m²
Archipel 15 59,Lelystad,"225.000,00 €",17 m²
Waalstraat 31,Winschoten,"185.000,00 €",519 m²
Vlinderslag 20,Almkerk,"325.000,00 €",150 m²
Schierstins 12,Lelystad,"450.000,00 €",346 m²
Nieuwe Vlissingseweg 604,Middelburg,"249.000,00 €",226 m²
Prinses Beatrixweg 13,Geldermalsen,"340.000,00 €",176 m²
IJsbaanstraat 9,Zutphen,"239.000,00 €",82 m²
Buurschappenlaan 240,Den Bosch,"339.000,00 €",162 m²
Burgemeester van Roosmalenstraat 19,Uitgeest,"600.000,00 €",235 m²
Laan van Meerdervoort 405,Den Haag,"995.000,00 €",175 m²
Muntstraat 5,Elburg,"349.000,00 €",137 m²
Rietgors 97,IJsselmuiden,"285.000,00 €",137 m²
Meyrooslaan 43,Arnhem,"469.000,00 €",225 m²
Johannis Bogaardstraat 25,Nieuw-Vennep,"467.500,00 €",307 m²
Brahmsstraat 69,Capelle aan den IJssel,"380.000,00 €",131 m²
Ivanovschouw 1,Zoetermeer,"369.000,00 €",115 m²
Beekstraat 5,Toldijk,"775.000,00 €",2.610 m²
J. Kruijverstraat 89,Zaandam,"325.000,00 €",113 m²
Konijnenweide 50,Zoetermeer,"325.000,00 €",158 m²
Ericaplein 2,Eibergen,"325.000,00 €",262 m²
Vuurbloem 1,Leiden,"589.000,00 €",195 m²
Liechtensteinhof 27,Dordrecht,"930.000,00 €",435 m²
Abe Bonnemastraat 11,Bergschenhoek,"650.000,00 €",219 m²
Gravinnendreef 41,Den Haag,"520.000,00 €",115 m²
Van Harenlaan 11,Alkmaar,"495.000,00 €",122 m²
Pieter Bothstraat 26,Enschede,"275.000,00 €",150 m²
J.A. Zandlevenstraat 24,Zaandam,"389.000,00 €",143 m²
Woudakker 6,Noord-Scharwoude,"350.000,00 €",183 m²
Gildenlaan 363 c,Velsen-Noord,"325.000,00 €",102 m²
Hielbijl 59,Oosterhout (NB),"455.000,00 €",115 m²
Berghuisstraat 3,Beverwijk,"300.000,00 €",124 m²
Anton Koolhaaspad 6,Arnhem,"350.000,00 €",120 m²
Zevenbergenstraat 13,Eindhoven,"350.000,00 €",135 m²
Valkseweg 48,Barneveld,"625.000,00 €",347 m²
Maastrichterweg 62 64,Valkenswaard,"1.195.000,00 €",1.035 m²
Willem de Zwijgerlaan 61,Kaatsheuvel,"385.000,00 €",242 m²
Plantage 174,Beverwijk,"550.000,00 €",211 m²
Vaartweg 16,Dongen,"575.000,00 €",1.035 m²
Prins Alexandererf 43,Nunspeet,"335.000,00 €",135 m²
Oud-Ehrenstein 12,Amsterdam,"800.000,00 €",171 m²
Schutsboom 51,Schijndel,"550.000,00 €",484 m²
Hertenhoek 18,Prinsenbeek,"439.500,00 €",203 m²
Kanaaldijk 126,Koedijk (Gem. Alkmaar),"895.000,00 €",369 m²
Sterappelhof 10,Zoetermeer,"425.000,00 €",83 m²
Marijkestraat 6,Landgraaf,"160.000,00 €",140 m²
Bilderdijkstraat 5,Zutphen,"249.000,00 €",127 m²
Strohulzen 28,Boxtel,"375.000,00 €",228 m²
Bikkeldam 24,Horssen,"825.000,00 €",640 m²
Granaat 11,Eindhoven,"875.000,00 €",393 m²
Jacob Marisstraat 10,Zwijndrecht,"250.000,00 €",112 m²
Nico Kolenbergstraat 15,Lutjebroek,"498.000,00 €",450 m²
De Schokker 18,Egmond aan Zee,"395.000,00 €",198 m²
Molenstraat 21,Oudenbosch,"189.000,00 €",85 m²
Kloeckenmorgen 13,Westervoort,"299.500,00 €",133 m²
IJsvogel 17,Lathum,"775.000,00 €",480 m²
Westerdokstraat 7,Almelo,"245.000,00 €",103 m²
Jenniskensstraat 10,Vierlingsbeek,"290.000,00 €",322 m²
Steeneikzoom 4,Zoetermeer,"444.000,00 €",122 m²
Oeverstraat 36 -38,Rotterdam,"399.000,00 €",37 m²
Peelseloop 5,Heesch,"495.000,00 €",283 m²
Vrijheidslaan 66,Breukelen,"389.000,00 €",170 m²
Sixmastins 26,Stiens,"200.000,00 €",271 m²
Fazant 5,Doorn,"400.000,00 €",123 m²
Joh Poststraat 24,Nieuwlande,"439.500,00 €",663 m²
Albastdijk 69,Roosendaal,"275.000,00 €",221 m²
Sevenumse Dijk 17,Maasbree,"475.000,00 €",6.897 m²
Isabellagriend 1,Herten,"1.135.000,00 €",1.060 m²
Heer Halewijnpad 10,Amersfoort,"425.000,00 €",149 m²
George Gershwinstraat 98,Zaandijk,"415.000,00 €",122 m²
Schoolstraat 41,Zutphen,"232.000,00 €",92 m²
Lopikerweg oost 163 b,Lopikerkapel,"725.000,00 €",1.440 m²
Delhoevelaan 2,Rozendaal,"695.000,00 €",545 m²
Simon Vestdijklaan 6,Amstelveen,"550.000,00 €",126 m²
Beryldreef 23,Emmen,"325.000,00 €",448 m²
De Klencke 22,Zuidlaren,"269.000,00 €",157 m²
Laan van Avant-Garde 316,Rotterdam,"535.000,00 €",138 m²
Fluweelmos 25,Houten,"575.000,00 €",158 m²
Britsezoom 50,Nieuwerkerk aan den IJssel,"725.000,00 €",252 m²
Hooistraat 22,Tilburg,"259.500,00 €",115 m²
Koningin Wilhelminalaan 46,Naarden,"549.000,00 €",185 m²
Saxofoonweg 89,Almere,"370.000,00 €",134 m²
Berghallee 9,Duiven,"269.500,00 €",121 m²
Veldhofstraat 168,Eygelshoven,"199.000,00 €",199 m²
Duivenhorst 7,Den Dolder,"750.000,00 €",228 m²
De Beukenhaag 8,Zutphen,"585.000,00 €",535 m²
Jan Kortlandstraat 21,Schoonhoven,"350.000,00 €",86 m²
Emmastraat 71,Lekkerkerk,"375.000,00 €",226 m²
Beukenlaan 43,Oud Gastel,"350.000,00 €",231 m²
St. Janstraat 14,Hoeven,"419.500,00 €",296 m²
Pelzerpark 33,Epe,"879.000,00 €",662 m²
Tiendvrij 5,Leusden,"789.000,00 €",535 m²
Pasbrink 68,Winterswijk,"299.000,00 €",135 m²
Oud-Loosdrechtsedijk 226 a,Loosdrecht,"1.395.000,00 €",755 m²
Markkant 51,Oosterhout (NB),"469.000,00 €",179 m²
Burgwal 79,Kampen,"695.000,00 €",132 m²
Dopheide 32,Amersfoort,"439.000,00 €",188 m²
Breedelaan 131,Heiloo,"455.000,00 €",160 m²
Burgemeester Janssenstraat 12,Venray,"292.500,00 €",140 m²
Leidekkersgilde 18,Houten,"450.000,00 €",234 m²
van der Leckstraat 5,Duiven,"359.000,00 €",249 m²
Arthur Sullivanhof 20,Utrecht,"525.000,00 €",129 m²
Eikenlaan 9,Bunde,"395.000,00 €",319 m²
Tulpstraat 14,Sint-Oedenrode,"320.000,00 €",155 m²
Vermeerstraat 14,Amersfoort,"950.000,00 €",193 m²
Foxel 33,Emmer-Compascuum,"490.000,00 €",1.137 m²
Aaldersbeeklaan 99,Dinxperlo,"399.000,00 €",960 m²
Eikenlaan 14,Leiderdorp,"569.000,00 €",115 m²
Fioringras 20,Leeuwarden,"442.500,00 €",357 m²
De Rosmolen 108,Westervoort,"275.000,00 €",131 m²
Achter de Gracht 3,Huissen,"695.000,00 €",413 m²
Mollekade 15,Heinenoord,"450.000,00 €",250 m²
Vicarielaan 79,IJsselstein,"340.000,00 €",151 m²
Ben Goerionsingel 24,Ede,"400.000,00 €",253 m²
Gitaarhof 8,Etten-Leur,"450.000,00 €",295 m²
Ruggeweg 12,Brielle,"399.500,00 €",275 m²
Weersterweg 11,Wons,"400.000,00 €",515 m²
Meireweikes 22,Oud Gastel,"345.000,00 €",154 m²
Korenmolenweg 10,Haaksbergen,"575.000,00 €",3.350 m²
Noordersingel 7,Barendrecht,"750.000,00 €",362 m²
Rozenplantsoen 10,Moordrecht,"300.000,00 €",165 m²
Vlinderveen 574,Spijkenisse,"315.000,00 €",143 m²
Cato Elderinklaan 20,Almelo,"200.000,00 €",165 m²
Händelstraat 27,Aalsmeer,"435.000,00 €",148 m²
Paulusstraat 12,Deest,"695.000,00 €",4.370 m²
William Barlowlaan 153,Amsterdam,"1.250.000,00 €",126 m²
Winckelweg 8,Nunspeet,"675.000,00 €",425 m²
Anjerstraat 5,Papendrecht,"625.000,00 €",416 m²
Vlielandstraat 29,Zaandam,"319.500,00 €",94 m²
Provincienlaan 53,Veendam,"209.500,00 €",178 m²
Astersingel 23,Berkel en Rodenrijs,"800.000,00 €",410 m²
Ambachtsstraat 34,Veenendaal,"375.000,00 €",125 m²
Thijs Rinsemastraat 47,Drachten,"295.000,00 €",146 m²
Kienderkamp 31,Harderwijk,"495.000,00 €",364 m²
Kervelstraat 27,Arnhem,"200.000,00 €",144 m²
Rialaan 40,Oostvoorne,"369.000,00 €",221 m²
Van der Hoevensstraat 97,Westervoort,"539.000,00 €",320 m²
Wallestein 5,Loenen aan de Vecht,"545.000,00 €",171 m²
Uelserweg 38,Tubbergen,"356.000,00 €",551 m²
Lijsterbeslaan 6,Bunde,"648.000,00 €",565 m²
Annie Romeinsingel 52,Leiden,"500.000,00 €",151 m²
T.S. Eliotlaan 8,Den Haag,"825.000,00 €",245 m²
Boswei 8,Stavenisse,"239.500,00 €",125 m²
Adelaartlaan 136,Geldrop,"369.000,00 €",152 m²
Herman Kuijkstraat 16,Geldermalsen,"355.000,00 €",177 m²
Schoutstraat 19,IJsselmuiden,"345.000,00 €",226 m²
Hellasstraat 3,Purmerend,"285.000,00 €",102 m²
Julianalaan 18,Nieuwer Ter Aa,"1.245.000,00 €",1.090 m²
Jan Hoenlaan 6,Montfoort,"375.000,00 €",108 m²
Beekdal 41,Vianen (NB),"298.000,00 €",232 m²
Noorderberg 3,Egmond aan Zee,"349.000,00 €",59 m²
Pastoriepad 21,Hapert,"289.000,00 €",115 m²
van Swietenstraat 8,Helmond,"450.000,00 €",267 m²
Vosmaerstraat 12,Arnhem,"525.000,00 €",115 m²
Jagersberg 22,Roosendaal,"599.500,00 €",562 m²
Schoolstraat 70,Geerdijk,"325.000,00 €",620 m²
Brugakker 6001,Zeist,"549.000,00 €",211 m²
Leenderweg 65,Valkenswaard,"400.000,00 €",273 m²
Veldweg 37,Nunspeet,"439.000,00 €",263 m²
Lepelaar 61,Meppel,"330.000,00 €",171 m²
Begoniastraat 23,Zwolle,"375.000,00 €",132 m²
Goudplevierstraat 97,Zwolle,"449.000,00 €",131 m²
Elzenhage 6,Meppel,"395.000,00 €",235 m²
Venusstraat 12,Leiden,"650.000,00 €",158 m²
Stationspark 26,Veendam,"398.000,00 €",312 m²
Rostockstraat 144,Lelystad,"350.000,00 €",118 m²
Ste Bernaertsstraat 30,Oudenbosch,"450.000,00 €",327 m²
Markeboek 26,Ommen,"325.000,00 €",163 m²
Van Hogelandestraat 2,Den Haag,"475.000,00 €",69 m²
Roemer Visscherstraat 29,Alblasserdam,"350.000,00 €",151 m²
Krulmos 18,Nieuwerkerk aan den IJssel,"390.000,00 €",124 m²
Marterweide 54,Nieuwegein,"425.000,00 €",184 m²
Oostzijde 37,Zaandam,"475.000,00 €",50 m²
Hoofdweg 6,Echten (FR),"599.000,00 €",1.624 m²
Hagenaarpark 48,Maasbracht,"300.000,00 €",323 m²
Hoofdstraat 1,Borger,"525.000,00 €",496 m²
Henriette Polaklaan 80,Zutphen,"485.000,00 €",279 m²
President Steijnstraat 43,Tilburg,"275.000,00 €",128 m²
Stoombootweg 62,Amsterdam,"925.000,00 €",267 m²
Kastanjelaan 14,Lochem,"285.000,00 €",209 m²
Halvenne 40,Leende,"437.500,00 €",232 m²
Glauconiet 9,Deest,"325.000,00 €",142 m²
Grote Drift 30,Beilen,"289.000,00 €",266 m²
Adriaan Loosjesstraat 71,Haarlem,"475.000,00 €",98 m²
Dorpsstraat 62,Dirkshorn,"300.000,00 €",139 m²
Patrimoniumlaan 87,Veenendaal,"525.000,00 €",229 m²
Sportlaan 59,Wissenkerke,"319.000,00 €",278 m²
Lindenlaan 2,Bergen (LI),"499.000,00 €",1.137 m²
Lindenlaan 27,Terneuzen,"365.000,00 €",450 m²
Van Polanenpark 22,Wassenaar,"650.000,00 €",112 m²
Jaagpad 51,Etten-Leur,"579.000,00 €",180 m²
Kamerlingh Onnesstraat 67,Apeldoorn,"375.000,00 €",285 m²
Lage Engweg 31,Putten,"499.000,00 €",268 m²
Grashoen 114,Eindhoven,"489.000,00 €",149 m²
Buitenroede 23,Smilde,"335.000,00 €",278 m²
Jan van Eyckstraat 21,Almere,"465.000,00 €",182 m²
Calagneweg 2,Ovezande,"649.000,00 €",3.030 m²
De Eiken 20,Steenderen,"625.000,00 €",615 m²
Silvoldseweg 105,Terborg,"269.000,00 €",618 m²
Leimuiderdijk 356,Leimuiderbrug,"1.950.000,00 €",840 m²
Saturnusstraat 26,Purmerend,"360.000,00 €",144 m²
Primulastraat 16,Woerden,"315.000,00 €",116 m²
Marisstraat 55,Duiven,"300.000,00 €",185 m²
Monnikenstraat 13,IJsselmuiden,"325.000,00 €",151 m²
Irene Vorrinkland 12,Heerhugowaard,"485.000,00 €",222 m²
Rozenstraat 73 a,Didam,"350.000,00 €",212 m²
Sportlaan 38,Udenhout,"765.000,00 €",1.045 m²
Vondersestraat 39,Horst,"359.000,00 €",245 m²
Roode Kruisstraat 9,Benthuizen,"300.000,00 €",139 m²
Westkreek 15,Apeldoorn,"349.000,00 €",158 m²
Jan Frederik Helmersstraat 18,Haarlem,"395.000,00 €",99 m²
Greppelland 22,Nijkerk,"385.000,00 €",155 m²
Gestelsestraat 18,Eindhoven,"690.000,00 €",187 m²
Wolferinghaar 5,Emmen,"635.000,00 €",462 m²
Irislaan 14,De Kwakel,"524.000,00 €",169 m²
Jipsingboertangerweg 37,Sellingen,"529.000,00 €",1.505 m²
Burgemeester Vrieslaan 17,Goudswaard,"300.000,00 €",226 m²
Ypesteinerlaan 48,Heiloo,"385.000,00 €",156 m²
Nassaulaan 18,Haarlem,"1.195.000,00 €",145 m²
Wagnerstraat 8,Dongen,"295.000,00 €",160 m²
Doude van Troostwijkstraat 6,Nieuwer Ter Aa,"435.000,00 €",256 m²
Rotterdamsingel 56,Arnhem,"275.000,00 €",162 m²
Wijnsel 12,Geldrop,"350.000,00 €",165 m²
Walraven van Hallstraat 16,Zaandam,"375.000,00 €",115 m²
Kleinmansbeek 16,Barneveld,"425.000,00 €",182 m²
Stuwmeer 52,Houten,"695.000,00 €",220 m²
Biatlon 25,Assendelft,"375.000,00 €",110 m²
Gebr. Aartspad 4,Hilvarenbeek,"700.000,00 €",532 m²
Schipleisingel 50,Druten,"495.000,00 €",380 m²
Montgolfierstraat 2 C,Helmond,"340.000,00 €",120 m²
Bruinhorst 26,Leusden,"499.000,00 €",193 m²
Rubensstraat 37,Breda,"450.000,00 €",110 m²
Zijpseloop 6,Heesch,"350.000,00 €",146 m²
Anjerstraat 46,Steenbergen (NB),"275.000,00 €",174 m²
Schumannlaan 15,Enschede,"375.000,00 €",181 m²
Mendelssohnstraat 17,Capelle aan den IJssel,"525.000,00 €",191 m²
Kamerlingh Onnesweg 1,Hilversum,"435.000,00 €",126 m²
Heideweg 1,Soest,"965.000,00 €",285 m²
Vogelklos 11,Zeeland,"695.000,00 €",471 m²
Simon Johannesstraat 27,IJsselmuiden,"270.000,00 €",178 m²
Goudplevier 38,IJsselmuiden,"289.000,00 €",134 m²
Eglantierhof 27,Roermond,"865.000,00 €",793 m²
Capella 6,Veldhoven,"339.000,00 €",151 m²
Woelse Donk 36,Gorinchem,"649.000,00 €",375 m²
St. Annakapelstraat 21,Culemborg,"319.000,00 €",249 m²
Krommenhorst 22,Breedenbroek,"490.000,00 €",406 m²
Albert van Dalsumstraat 14,Hengelo (OV),"279.000,00 €",141 m²
Dotterbloem 39,Boekel,"725.000,00 €",531 m²
Heuvelweg 24,Soest,"925.000,00 €",394 m²
P.C. Hooftlaan 24,Uithoorn,"425.000,00 €",157 m²
Cornelis van Vugtstraat 6 *,Zaandam,"500.000,00 €",91 m²
Aristotelesstraat 10,Honselersdijk,"435.000,00 €",183 m²
Sint Josephstraat 140 a,Dongen,"345.000,00 €",190 m²
Willem-Alexanderpark 10,Best,"550.000,00 €",414 m²
Elzehoutstraat 5,Helmond,"399.000,00 €",244 m²
Italielaan 19,IJsselstein,"325.000,00 €",151 m²
Kiwistraat 15,Almere,"725.000,00 €",588 m²
Haverdijk 68,Prinsenbeek,"509.000,00 €",247 m²
Eesveen 10,Zaandam,"425.000,00 €",119 m²
Topaas 56,Hoorn (NH),"450.000,00 €",297 m²
Petrusstraat 20,Breda,"375.000,00 €",175 m²
Heulenslag 56,Bleskensgraaf ca,Prijs op aanvraag,700 m²
Sweelinckstraat 3,Veghel,"500.000,00 €",636 m²
Perzikgaard 8,Spijkenisse,"275.000,00 €",144 m²
Maarten Lutherweg 146,Amstelveen,"975.000,00 €",156 m²
De Weergang 19,Arnhem,"310.000,00 €",145 m²
Hettenheuvellaan 11,Eindhoven,"495.000,00 €",263 m²
Concorde 13,Buren (GE),"875.000,00 €",591 m²
Ferlemanstraat 8,Terneuzen,"245.000,00 €",131 m²
Verveenstraat 20,Berkel en Rodenrijs,"359.500,00 €",125 m²
Van Brerostraat 85,Apeldoorn,"400.000,00 €",136 m²
Leuvert 11,Beers,"698.000,00 €",12.628 m²
Reggestraat 61,Dongen,"360.000,00 €",126 m²
Varikse zwarte 4,Elst (GE),"995.000,00 €",920 m²
Zuideinde 40,Nieuwkoop,"899.000,00 €",1.195 m²
Westerdorpsstraat 47,Hoevelaken,"465.000,00 €",326 m²
Ad van der Steurzoom 60,Bergschenhoek,"475.000,00 €",123 m²
Van Nijenrodelaan 16,De Meern,"415.000,00 €",140 m²
Hugo de Vriesstraat 24,Leiden,"600.000,00 €",105 m²
Saendelverlaan 154,Assendelft,"400.000,00 €",123 m²
Joseph Bechstraat 17,Zevenaar,"375.000,00 €",278 m²
De Stroekeld 118,Rijssen,"315.000,00 €",226 m²
Maandenweg 59,Almere,"935.000,00 €",663 m²
Klompstraat 25,Apeldoorn,"319.000,00 €",335 m²
IJweg 1646,Nieuw-Vennep,"3.475.000,00 €",4.225 m²
Beursweg 4,Huizen,"1.050.000,00 €",522 m²
Kerklaan 11,Loenen aan de Vecht,"445.000,00 €",288 m²
Immenweg 18,Lunteren,"1.650.000,00 €",9.412 m²
Nieuwekampen 5 A,Vinkel (Gem. Den Bosch),"700.000,00 €",3.436 m²
Cornelis Kraanstraat 32,Rotterdam,"375.000,00 €",130 m²
Edelhertlaan 5,Helmond,"345.000,00 €",239 m²
Clingendaellaan 175,Almere,"385.000,00 €",141 m²
Fellinilaan 145,Almere,"425.000,00 €",268 m²
Middelveld 5,Cothen,"425.000,00 €",155 m²
Erasmusstraat 24,Rotterdam,"695.000,00 €",179 m²
Paulusstraat 3,Sint Anthonis,"355.000,00 €",336 m²
Dr Holwerdastraat 8,Wijk bij Duurstede,"395.000,00 €",204 m²
Sambrestraat 29,Assen,"295.000,00 €",260 m²
Het Veldje 121,Horst,"275.000,00 €",154 m²
Breestraat 8,Heusden (Gem. Heusden),"489.000,00 €",115 m²
Burg. Lemmensstraat 251,Geleen,"200.000,00 €",318 m²
Burg. Lemmensstraat 249,Geleen,"235.000,00 €",316 m²
Jurgensstraat 45,Elsloo (LI),"289.000,00 €",203 m²
Wonge 30,Warmenhuizen,"395.000,00 €",156 m²
Castertstraat 5,Ell,"635.000,00 €",2.956 m²
Hendrik Werkmanhof 14,Veendam,"475.000,00 €",489 m²
Merel 3,Bedum,"275.000,00 €",284 m²
Blauwe Slenk 8,Harlingen,"675.000,00 €",551 m²
Grevelingenhout 37,Bruinisse,"800.000,00 €",952 m²
Raadhuisplein 17,Rijen,"325.000,00 €",322 m²
Jean Monnetstraat 232,Heemskerk,"425.000,00 €",219 m²
Rogstraat 37,Herpen,"375.000,00 €",640 m²
Deurningerstraat 86,Enschede,"429.000,00 €",61 m²
Noordbargerstraat 36,Emmen,"425.000,00 €",621 m²
Esdoornlaan 15,Castricum,"530.000,00 €",257 m²
Bergstraat 4,Neede,"345.000,00 €",352 m²
Spindermolen 9,Hardinxveld-Giessendam,"350.000,00 €",190 m²
Aggelenstraat 9,De Rijp,"350.000,00 €",180 m²
Lipperkerkstraat 116,Enschede,"285.000,00 €",147 m²
Touwslagersbaan 99,Gendringen,"209.000,00 €",145 m²
Madeliefstraat 8,Doetinchem,"379.000,00 €",240 m²
Janbaas 35,Nieuwendijk,"525.000,00 €",224 m²
De Steenzager 45,Veldhoven,"350.000,00 €",167 m²
Mesdaghof 1,Nijkerk,"494.000,00 €",286 m²
Veentien 7,Meppel,"290.000,00 €",159 m²
Zalmstraat 8,Heerewaarden,"292.500,00 €",234 m²
Botterlaan 32,Zaandam,"450.000,00 €",156 m²
Gastakker 69,Breda,"450.000,00 €",251 m²
Park Oosterspaarn 27,Haarlem,"775.000,00 €",259 m²
Lisztgaarde 300,Oss,"725.000,00 €",975 m²
Lemmenslaan 65,Eindhoven,"315.000,00 €",144 m²
Ien Dalessingel 104,Zutphen,"575.000,00 €",395 m²
Brochestraat 3,Almere,"450.000,00 €",210 m²
Leefdaelhof 3,Waalwijk,"315.000,00 €",108 m²
Oranjestraat 71,Ridderkerk,"425.000,00 €",244 m²
Zeemansstraat 11,Zaandam,"475.000,00 €",113 m²
Kruburg 4,Eindhoven,"375.000,00 €",143 m²
Merkendal 8,Arnhem,"595.000,00 €",593 m²
18 novemberring 130,Panningen,"475.000,00 €",508 m²
De Driestal 28,Heiloo,"450.000,00 €",185 m²
Javastraat 5,Roermond,"249.000,00 €",158 m²
Haagakker 16,Rijsbergen,"342.000,00 €",208 m²
Gebroeders Daelstraat 25,Venlo,"315.000,00 €",110 m²
Bouwheerstraat 45,Barneveld,"599.000,00 €",320 m²
Korte Wijden 19,Elburg,"350.000,00 €",239 m²
Tholenstraat 13,Kampen,"279.500,00 €",112 m²
Burgemeester v Raaijstr 18,Beers,"359.000,00 €",366 m²
Bisschop Zwijsenplein 27,Vught,"469.500,00 €",154 m²
Prinsenweg 13,Elst (UT),"675.000,00 €",605 m²
Marijkelaan 15,Bergen (NH),"1.190.000,00 €",703 m²
Baai 71,Lelystad,"289.500,00 €",168 m²
De Koolmees 50,Vriezenveen,"270.000,00 €",217 m²
Middenstraat 70,Woudenberg,"475.000,00 €",276 m²
Willem van Gulikstraat 4,Arnhem,"810.000,00 €",295 m²
Emmaweg 54,Maarssen,"649.000,00 €",197 m²
Zwarteweg 9 a,Oosterwolde (GE),"550.000,00 €",699 m²
Tasmanstraat 19,IJmuiden,"389.000,00 €",110 m²
Boven Wijde 11,Almere,"275.000,00 €",125 m²
Lage Wei 16,Harderwijk,"335.000,00 €",133 m²
Koningskinderen 23,Eindhoven,"350.000,00 €",140 m²
Piershilstraat 12,Zoetermeer,"475.000,00 €",137 m²
Slimtocht 24,Berkhout,"895.000,00 €",435 m²
Groot Heiligland 38,Haarlem,"1.250.000,00 €",93 m²
Spaarnestraat 110,Amersfoort,"525.000,00 €",179 m²
Linge 5,Deurne,"395.000,00 €",265 m²
Turfsingel 70,Gouda,"585.000,00 €",116 m²
Schopenhauerstraat 145,Apeldoorn,"339.500,00 €",173 m²
Vlonderkamp 4,Noordwijkerhout,"425.000,00 €",127 m²
Haydnstraat 43,Vlaardingen,"325.000,00 €",122 m²
Klein Paradijs 4,Beekbergen,"1.395.000,00 €",9.770 m²
Larixstraat 24,Utrecht,"475.000,00 €",84 m²
Zetveld 28,Peize,"375.000,00 €",284 m²
Damastberg 178,Roosendaal,"275.000,00 €",136 m²
Bootstraat 38,Etten-Leur,"250.000,00 €",181 m²
Granaat 4,Zoetermeer,"390.000,00 €",119 m²
Mgr. van de Weteringstraat 5,Utrecht,"990.000,00 €",112 m²
Anton Mauvestraat 19,Leeuwarden,"190.000,00 €",158 m²
Helmgras 4,Monster,"495.000,00 €",123 m²
Bogardeind 88,Geldrop,"375.000,00 €",250 m²
Vervoornstraat 120,Putten,"485.000,00 €",240 m²
Rubrum 11,Akersloot,"450.000,00 €",129 m²
Schokker 22,Zeewolde,"350.000,00 €",184 m²
De Wieken 3,Beek en Donk,"300.000,00 €",132 m²
Minister Loudonlaan 68,Enschede,"250.000,00 €",141 m²
Kastanjelaan 31,Driebruggen,"330.000,00 €",120 m²
Mariëndaal 69,Enschede,"369.000,00 €",282 m²
Prins Bernhardlaan 1,Zutphen,"325.000,00 €",106 m²
Dr. Schaepmanlaan 5,Veghel,"400.000,00 €",409 m²
Vestdijkgaarde 15,Deventer,"340.000,00 €",127 m²
Martinus Nijhofflaan 20,Kloetinge (Gem. Goes),"495.000,00 €",407 m²
Hessenweg 371,Achterveld (UT),"875.000,00 €",890 m²
Het Schip 125,Apeldoorn,"575.000,00 €",312 m²
Pijperstraat 5,Assen,"225.000,00 €",172 m²
Hoogstraat 104,Oosteind,"750.000,00 €",7.535 m²
Vier Wieken 28,Valburg,"350.000,00 €",210 m²
Vliewint 51,Petten,"695.000,00 €",670 m²
Reisvennestraat 72,Valkenswaard,"695.000,00 €",460 m²
Rozemarijntuin 16,Assen,"275.000,00 €",137 m²
Turfmarkt 126,Gouda,"925.000,00 €",211 m²
Hercules 97,Katwijk (ZH),"439.000,00 €",123 m²
Irisstraat 6,Amersfoort,"375.000,00 €",194 m²
Van Doesburg-erf 77,Dordrecht,"450.000,00 €",205 m²
Anton Coolenstraat 1,Gorinchem,"359.000,00 €",146 m²
Kleine Wiel 27,Gorinchem,"525.000,00 €",340 m²
Amen 57,Amen,"825.000,00 €",3.120 m²
Rengersweg 32,Oentsjerk,"295.000,00 €",758 m²
Anfieldroad 97,Amsterdam,"875.000,00 €",164 m²
Singelweg 5,Middelburg,"515.000,00 €",680 m²
Assendelverstraat 61,Haarlem,"369.000,00 €",89 m²
Cornelis Trooststraat 28,Helmond,"245.000,00 €",114 m²
Radenlaan 39,Zwolle,"389.500,00 €",255 m²
Jan Lievensstraat 24,Leeuwarden,"189.500,00 €",120 m²
Tesstraat 6,Boven-Leeuwen,"875.000,00 €",5.295 m²
Schaepmanlaan 3,Vlijmen,"365.000,00 €",744 m²
Oliestraat 16,Grave,"625.000,00 €",105 m²
's-Gravendamseweg 29,Noordwijkerhout,"299.000,00 €",96 m²
Elzeneiland 10,Rijswijk (ZH),"785.000,00 €",244 m²
Wikkestraat 13,Alphen aan den Rijn,"375.000,00 €",143 m²
Evenboersweg 21,Punthorst,"525.000,00 €",1.770 m²
Hoge Boekelerweg 77,Enschede,"325.000,00 €",151 m²
Michelangelohage 3,Emmeloord,"495.000,00 €",403 m²
Roemer Visscherstraat 29,Leiden,"435.000,00 €",106 m²
Jan van der Heijdenstraat 48,Gorinchem,"397.500,00 €",147 m²
Deestraat 29,Poortvliet,"244.500,00 €",153 m²
Kievitlaan 16,Sliedrecht,"249.000,00 €",217 m²
Saksen-Anhalt 20,Arnhem,"675.000,00 €",143 m²
Sir Winston Churchillln 12,Rijswijk (ZH),"569.000,00 €",212 m²
Paul Butterfieldstraat 5,Middelburg,"340.000,00 €",146 m²
Hangerad 36,Rijssen,"259.000,00 €",142 m²
Maagdenpalm 27,Arnhem,"450.000,00 €",304 m²
Molenkamp 19,Bennekom,"450.000,00 €",235 m²
Dubloen 60,Mijdrecht,"525.000,00 €",152 m²
Irisstraat 7,Enschede,"339.000,00 €",221 m²
Zandstraat 58,Doetinchem,"269.500,00 €",218 m²
Wachtmeester 21,Gorinchem,"460.000,00 €",116 m²
De Leek 2,Beilen,"475.000,00 €",499 m²
Jan Braskersteeg 3,Edam,"850.000,00 €",274 m²
Alsteedseweg 54 a,Haaksbergen,"1.100.000,00 €",8.860 m²
Wedderstraat 48,Vlagtwedde,"325.000,00 €",901 m²
Ellestraat 14,Heikant,"525.000,00 €",840 m²
Oudlandsestraat 61,Steenbergen (NB),"265.000,00 €",135 m²
Hof van Edinburgh 21,Doetinchem,"432.000,00 €",218 m²
Gerstdreef 95,Doetinchem,"239.000,00 €",205 m²
Borculoseweg 41,Neede,"695.000,00 €",615 m²
Lindenlaan 27,Meeden,"575.000,00 €",730 m²
Tuinderij 21,Ursem (Gem. Koggenland),"595.000,00 €",506 m²
Amerikaweg 6,Beekbergen,"875.000,00 €",2.285 m²
Hudsonring 69,Drunen,"382.000,00 €",128 m²
Amstelstraat 53,Oost-Souburg,"285.000,00 €",118 m²
Voorweg 50,Nieuwe Wetering,"1.250.000,00 €",1.835 m²
Palmgracht 46,Amsterdam,"2.250.000,00 €",58 m²
Wilgenoord 42,Bodegraven,"375.000,00 €",125 m²
Goudhoeksland 69,Nuenen,"450.000,00 €",273 m²
Hoofdgracht 13,Naarden,"1.795.000,00 €",668 m²
Cambuurstraat 16,Leeuwarden,"168.000,00 €",121 m²
Galgenberg 12,Rhenen,"645.000,00 €",485 m²
Ambachtsstraat 36,'s-Gravenpolder,"225.000,00 €",263 m²
Reigerskamp 154,Maarssen,"389.000,00 €",128 m²
Kaarder 17,Hoorn (NH),"285.000,00 €",122 m²
Briljant 16,Eindhoven,"875.000,00 €",667 m²
Jean Gilbertlaan 18,Utrecht,"835.000,00 €",320 m²
Doude van Troostwijkstraat 15,Nieuwer Ter Aa,"399.000,00 €",154 m²
Esmoreitplein 2,Amersfoort,"400.000,00 €",150 m²
Lavendelhof 46,Nieuwegein,"375.000,00 €",254 m²
Generaal Boreelpad 27,Eindhoven,"450.000,00 €",311 m²
Abt van Grevenbroekstraat 5,Herpt,"350.000,00 €",162 m²
Utrechtseweg 226,Arnhem,"1.285.000,00 €",397 m²
Bottelroosstraat 29,Bakel,"439.500,00 €",340 m²
Gerichtenweg 33,Doornspijk,"598.000,00 €",815 m²
Azalealaan 28,Heerhugowaard,"339.000,00 €",143 m²
Raadhuisstraat 9,Diemen,"650.000,00 €",119 m²
Hof van Versailles 46,Amsterdam,"675.000,00 €",111 m²
Cyclamenstraat 41,Eindhoven,"435.000,00 €",142 m²
Le Corbusierstraat 10,Dongen,"639.000,00 €",460 m²
Jan Bijhouwerstraat 85,Purmerend,"500.000,00 €",261 m²
Jacob van Ruysdaellaan 23,Lochem,"245.000,00 €",142 m²
Beethovenstraat 17,Leeuwarden,"250.000,00 €",100 m²
Borredreef 68,Vlijmen,"349.000,00 €",244 m²
Oosterduinplein 15,IJmuiden,"435.000,00 €",135 m²
Jeneverbes 14,Amersfoort,"669.000,00 €",294 m²
d'Hondecoeterstraat 69,Leeuwarden,"230.000,00 €",120 m²
Rijnbandijk 221,Rijswijk (GE),"750.000,00 €",2.475 m²
Beekdal 11,Assendelft,"395.000,00 €",117 m²
Dr. W. Dreesstraat 149,Katwijk (ZH),"459.000,00 €",140 m²
Dommelstraat 4,Geldrop,"375.000,00 €",227 m²
Zwanenstraat 68,Nijmegen,"475.000,00 €",231 m²
Zadel 5,Leusden,"415.000,00 €",144 m²
Zilverschoon 4,Bodegraven,"450.000,00 €",102 m²
Tempellaan 21,Eindhoven,"375.000,00 €",164 m²
Buitenhof 71,Etten-Leur,"615.000,00 €",330 m²
Eventer 7,Berghem,"435.000,00 €",191 m²
Graaf 93,Echt,"275.000,00 €",195 m²
Sportparklaan 3,Horn,"650.000,00 €",3.310 m²
Klapwijkse Zoom 309,Berkel en Rodenrijs,"675.000,00 €",229 m²
Meeuwenweg 15,Zuidwolde (DR),"759.000,00 €",11.950 m²
Neerijnen 62,Barneveld,"374.500,00 €",160 m²
Scheperstraat 26,Sevenum,"269.000,00 €",274 m²
Grintweg 121,Winschoten,"269.000,00 €",644 m²
De Meridiaan 6,Dronten,"565.000,00 €",737 m²
Goudsmidsstraat 45,Hoorn (NH),"275.000,00 €",194 m²
Gravenborch 54,Houten,"739.000,00 €",257 m²
den Dam 27,Breedenbroek,"550.000,00 €",10.400 m²
Koudhoornseweg 4,Garderen,"599.000,00 €",340 m²
Droogmakerij 9,Middenbeemster,"775.000,00 €",342 m²
Breegraven 11,Warnsveld,"289.000,00 €",202 m²
Ouderkerkerlaan 52,Amstelveen,"675.000,00 €",207 m²
Marie van Zeggelenstraat 43 .,Spijkenisse,"350.000,00 €",123 m²
Waterput 11,Cuijk,"465.000,00 €",114 m²
Cederstraat 5,IJmuiden,"385.000,00 €",96 m²
Achterom 61,Hoorn (NH),"315.000,00 €",85 m²
Prof ten Doesschatestraat 137,Heemskerk,"400.000,00 €",374 m²
Kennemerland 18,Den Bosch,"339.000,00 €",147 m²
Lisztstraat 22,Alkmaar,"550.000,00 €",175 m²
Indusstraat 94,Spijkenisse,"290.000,00 €",116 m²
Foswerterstrjitte 40,Ferwert,"269.000,00 €",638 m²
Hofrichterstraat 1,Eibergen,"675.000,00 €",656 m²
Sinte Catharinadal 3,Willemstad,"349.500,00 €",402 m²
Malta 64,Zoetermeer,"450.000,00 €",144 m²
Koningsvaren 48,Bergschenhoek,"700.000,00 €",260 m²
Alkmaarseweg 172,Beverwijk,"305.000,00 €",134 m²
De Waarden 14,Zutphen,"275.000,00 €",113 m²
Laanstraat 19,Soest,"620.000,00 €",457 m²
Haringvlietstraat 28,Lewedorp,"215.000,00 €",116 m²
Bevershoeve 16,Berlicum,"675.000,00 €",717 m²
Waterspoor 39,Wierden,"389.500,00 €",220 m²
Duinweg 19,Wassenaar,"1.745.000,00 €",740 m²
Lavendelhof 46,Nieuwegein,"375.000,00 €",254 m²
Generaal Boreelpad 27,Eindhoven,"450.000,00 €",311 m²
Abt van Grevenbroekstraat 5,Herpt,"350.000,00 €",162 m²
Utrechtseweg 226,Arnhem,"1.285.000,00 €",397 m²
Bottelroosstraat 29,Bakel,"439.500,00 €",340 m²
Gerichtenweg 33,Doornspijk,"598.000,00 €",815 m²
Azalealaan 28,Heerhugowaard,"339.000,00 €",143 m²
Raadhuisstraat 9,Diemen,"650.000,00 €",119 m²
Hof van Versailles 46,Amsterdam,"675.000,00 €",111 m²
Cyclamenstraat 41,Eindhoven,"435.000,00 €",142 m²
Le Corbusierstraat 10,Dongen,"639.000,00 €",460 m²
Jan Bijhouwerstraat 85,Purmerend,"500.000,00 €",261 m²
Jacob van Ruysdaellaan 23,Lochem,"245.000,00 €",142 m²
Beethovenstraat 17,Leeuwarden,"250.000,00 €",100 m²
Borredreef 68,Vlijmen,"349.000,00 €",244 m²
Oosterduinplein 15,IJmuiden,"435.000,00 €",135 m²
Jeneverbes 14,Amersfoort,"669.000,00 €",294 m²
d'Hondecoeterstraat 69,Leeuwarden,"230.000,00 €",120 m²
Rijnbandijk 221,Rijswijk (GE),"750.000,00 €",2.475 m²
Beekdal 11,Assendelft,"395.000,00 €",117 m²
Dr. W. Dreesstraat 149,Katwijk (ZH),"459.000,00 €",140 m²
Dommelstraat 4,Geldrop,"375.000,00 €",227 m²
Zwanenstraat 68,Nijmegen,"475.000,00 €",231 m²
Zadel 5,Leusden,"415.000,00 €",144 m²
Zilverschoon 4,Bodegraven,"450.000,00 €",102 m²
Tempellaan 21,Eindhoven,"375.000,00 €",164 m²
Buitenhof 71,Etten-Leur,"615.000,00 €",330 m²
Eventer 7,Berghem,"435.000,00 €",191 m²
Graaf 93,Echt,"275.000,00 €",195 m²
Sportparklaan 3,Horn,"650.000,00 €",3.310 m²
Klapwijkse Zoom 309,Berkel en Rodenrijs,"675.000,00 €",229 m²
Meeuwenweg 15,Zuidwolde (DR),"759.000,00 €",11.950 m²
Neerijnen 62,Barneveld,"374.500,00 €",160 m²
Scheperstraat 26,Sevenum,"269.000,00 €",274 m²
Grintweg 121,Winschoten,"269.000,00 €",644 m²
De Meridiaan 6,Dronten,"565.000,00 €",737 m²
Goudsmidsstraat 45,Hoorn (NH),"275.000,00 €",194 m²
Gravenborch 54,Houten,"739.000,00 €",257 m²
den Dam 27,Breedenbroek,"550.000,00 €",10.400 m²
Koudhoornseweg 4,Garderen,"599.000,00 €",340 m²
Droogmakerij 9,Middenbeemster,"775.000,00 €",342 m²
Breegraven 11,Warnsveld,"289.000,00 €",202 m²
Ouderkerkerlaan 52,Amstelveen,"675.000,00 €",207 m²
Marie van Zeggelenstraat 43 .,Spijkenisse,"350.000,00 €",123 m²
Waterput 11,Cuijk,"465.000,00 €",114 m²
Cederstraat 5,IJmuiden,"385.000,00 €",96 m²
Achterom 61,Hoorn (NH),"315.000,00 €",85 m²
Prof ten Doesschatestraat 137,Heemskerk,"400.000,00 €",374 m²
Kennemerland 18,Den Bosch,"339.000,00 €",147 m²
Lisztstraat 22,Alkmaar,"550.000,00 €",175 m²
Indusstraat 94,Spijkenisse,"290.000,00 €",116 m²
Foswerterstrjitte 40,Ferwert,"269.000,00 €",638 m²
Hofrichterstraat 1,Eibergen,"675.000,00 €",656 m²
Sinte Catharinadal 3,Willemstad,"349.500,00 €",402 m²
Malta 64,Zoetermeer,"450.000,00 €",144 m²
Alkmaarseweg 172,Beverwijk,"305.000,00 €",134 m²
De Waarden 14,Zutphen,"275.000,00 €",113 m²
Laanstraat 19,Soest,"620.000,00 €",457 m²
Haringvlietstraat 28,Lewedorp,"215.000,00 €",116 m²
Waterspoor 39,Wierden,"389.500,00 €",220 m²
Duinweg 19,Wassenaar,"1.745.000,00 €",740 m²
Bizetstraat 19,Heemskerk,"435.000,00 €",138 m²
Patrijslaan 6,Boekel,"365.000,00 €",240 m²
Johan Huizingastraat 30,Alkmaar,"650.000,00 €",272 m²
Dorpstraat 32,Dreumel,"750.000,00 €",1.800 m²
De Krom 34,Katwijk (ZH),"449.000,00 €",128 m²
Rosendaal 75,Heiloo,"499.000,00 €",156 m²
Haarstraat 104,Rijssen,"429.000,00 €",323 m²
Hakselseweg 22,Ede,"360.000,00 €",203 m²
Kaninefatendreef 6,Alphen aan den Rijn,"600.000,00 €",180 m²
Rijnlaan 232,Utrecht,"549.000,00 €",105 m²
Badhuislaan 62,Bussum,"750.000,00 €",200 m²
Rostockstraat 140,Lelystad,"389.500,00 €",130 m²
Molenhof 4,Kampen,"297.500,00 €",89 m²
Meester Jochemsstraat 20,Meijel,"298.000,00 €",282 m²
Tepestraat 5,IJsselstein,"395.000,00 €",131 m²
Steenweg 40,Moerdijk,"350.000,00 €",215 m²
Schuttershof 4,Arnemuiden,"199.000,00 €",152 m²
Jonkerveld 413,Uden,"325.000,00 €",145 m²
Annie van Hattemtuin 23,Heerhugowaard,"650.000,00 €",327 m²
Speeldries 1,Eersel,"500.000,00 €",320 m²
Kuyckshof 7,Meteren,"385.000,00 €",130 m²
Dr. J.R. Thorbeckelaan 130,Heemstede,"395.000,00 €",158 m²
Bisschop Rythoviusdreef 1 a,Riethoven,"1.795.000,00 €",50.780 m²
Esdoornlaan 3,Wormerveer,"295.000,00 €",143 m²
Hertogstraat 2 a,Sprundel,"525.000,00 €",372 m²
Giek 22,Huizen,"405.000,00 €",158 m²
Woenselsestraat 337 339,Eindhoven,"995.000,00 €",465 m²
Tadamastraat 21,Zutphen,"425.000,00 €",116 m²
Padweg 21,Oost-Souburg,"249.500,00 €",223 m²
Motet 10,Kampen,"475.000,00 €",269 m²
Maaskade 89 A + B,Rotterdam,"1.050.000,00 €",114 m²
Kennemerstraatweg 257,Alkmaar,"495.000,00 €",216 m²
Torenstraat 6,Meliskerke,"419.000,00 €",671 m²
Mr. Synco Reyndersplein 11,Appingedam,"265.000,00 €",228 m²
Ladderbeekstraat 112,Velsen-Noord,"375.000,00 €",132 m²
Platolaan 23,Assen,"525.000,00 €",844 m²
Kerkpadsblok 16,Wijhe,"525.000,00 €",847 m²
Breitnerstraat 90,Arnhem,"650.000,00 €",262 m²
Emondsstraat 8,Waspik,"475.000,00 €",369 m²
Papiermolen 43,Hoorn (NH),"275.000,00 €",119 m²
Groene Wetering 24,Gouderak,"340.000,00 €",116 m²
Moreelsestraat 69,Ede,"325.000,00 €",120 m²
Schaepmanlaan 4,Vlijmen,"350.000,00 €",551 m²
Dubbelspoor 23,Capelle aan den IJssel,"365.000,00 €",137 m²
Jan van Nassaustraat 25,Sneek,"199.500,00 €",110 m²
Binnenlandse Baan 12,Barendrecht,"587.500,00 €",325 m²
Scherpenbergsebaan 6,Schijf,"1.750.000,00 €",8.795 m²
Fuutstraat 20,Sliedrecht,"385.000,00 €",203 m²
Minister Aalbersestraat 23,Maastricht,"249.000,00 €",176 m²
Fang 6,Rottum (FR),"349.000,00 €",330 m²
Eindstraat 24,Veldhoven,"639.000,00 €",249 m²
Prinses Beatrixstraat 55,Bodegraven,"295.000,00 €",115 m²
Le Tourmalet 11,Amsterdam,"485.000,00 €",123 m²
Irenestraat 8,Erp,"345.000,00 €",151 m²
Esdoornhout 7,Assen,"499.500,00 €",295 m²
Koggestraat 46,Wervershoof,"319.000,00 €",147 m²
Zwanensingel 265,Wijchen,"280.000,00 €",165 m²
Hoogheidseweg 6,Venray,"695.000,00 €",546 m²
Nansenstate 30,Ede,"325.000,00 €",157 m²
Kievitstraat 27,Alkmaar,"315.000,00 €",107 m²
Bernhardstraat 30,Rijen,"290.000,00 €",302 m²
Refeling 49,Nuenen,"550.000,00 €",275 m²
Anna van Burenstraat 26,Alkmaar,"450.000,00 €",130 m²
Lengelseweg 24,'s-Heerenberg,"298.500,00 €",225 m²
Willem Walravenhove 39,Nieuwegein,"375.000,00 €",94 m²
Balsa 209,Dordrecht,"469.500,00 €",185 m²
Bosstraat 16,Silvolde,"325.000,00 €",242 m²
Wingerd 34,Vroomshoop,"449.000,00 €",1.078 m²
Ferdinand Bolstraat 62,Leeuwarden,"299.500,00 €",131 m²
Hoefslag 80,Nijkerk,"389.000,00 €",165 m²
Tasveld 13,Rheden,"560.000,00 €",288 m²
van Limburg Stirumlaan 55,Naarden,"425.000,00 €",159 m²
de Vosplantsoen 5,Hulst,"339.500,00 €",292 m²
Waardenborchstraat 35,Holten,"345.000,00 €",320 m²
Waterkerslaan 16,Oosterhout (NB),"410.000,00 €",227 m²
Kennemerbeekweg 23,Bennebroek,"465.000,00 €",177 m²
Legmeerdijk 220 a,Amstelveen,"2.695.000,00 €",1.005 m²
Zijlroede 21,Leeuwarden,"285.000,00 €",194 m²
Floraronde 7,Uitgeest,"950.000,00 €",421 m²
Elandenburg 137,Barendrecht,"450.000,00 €",128 m²
De Rank 17,Harskamp,"375.000,00 €",110 m²
De Eng 13,'t Goy,"359.000,00 €",175 m²
Meester Kooningsplaats 16,Eindhoven,"475.000,00 €",131 m²
Bovensingel 90,Kampen,"325.000,00 €",120 m²
Grotestraat 92,Borne,"280.000,00 €",373 m²
Hietweideweg 64,Twello,"500.000,00 €",313 m²
Langsakker 1,Laren (NH),"1.495.000,00 €",1.845 m²
Ubachsberg 29,De Meern,"395.000,00 €",118 m²
van Rechterenlaan 3,Grave,"389.000,00 €",282 m²
Bellefleurstraat 9,Aalsmeer,"780.000,00 €",237 m²
Bremstraat 1,Drunen,"300.000,00 €",206 m²
Nieuwe Land 8,Kampen,"575.000,00 €",384 m²
Schotlandstraat 52,Almere,"500.000,00 €",117 m²
Orlofflaan 66,Barneveld,"395.000,00 €",136 m²
Biltseveste 32,Nieuwegein,"360.000,00 €",145 m²
Vleutloop 18,Heesch,"425.000,00 €",196 m²
Oude Haagweg 709 A,Den Haag,"595.000,00 €",194 m²
Ommelanderwijk 134,Veendam,"269.500,00 €",910 m²
Breeveen 43,Ede,"725.000,00 €",314 m²
Buinerweg 1,Exloo,"500.000,00 €",2.700 m²
Emmastraat 46,Angeren,"420.000,00 €",353 m²
Anna Clasina op 't Landtplantsoen 52,Heerhugowaard,"445.000,00 €",164 m²
Het Kasteel 24,Apeldoorn,"350.000,00 €",110 m²
Jaagpad 27,Etten-Leur,"585.000,00 €",180 m²
Groenplaats 14,Veenendaal,"485.000,00 €",157 m²
Bijsselseweg 11 42,Biddinghuizen,"199.500,00 €",195 m²
Sweelinckplantsoen 96,Zwijndrecht,"335.000,00 €",105 m²
Regenboog 175,Elst (GE),"589.000,00 €",335 m²
Wouwermanstraat 73,Haarlem,"695.000,00 €",139 m²
Krekelplantsoen 1,Almere,"625.000,00 €",318 m²
Wilgenlaan 7,Arnhem,"250.000,00 €",131 m²
Marijkelaan 19,Vlijmen,"325.000,00 €",194 m²
Spant 94,Hoorn (NH),"265.000,00 €",134 m²
Albert Neuhuysstraat 15,Arnhem,"525.000,00 €",181 m²
Schuytstraat 94,Pernis Rotterdam,"375.000,00 €",237 m²
Waalstraat 30,Nijmegen,"390.000,00 €",154 m²
Exportstraat 5,Boxmeer,"225.000,00 €",232 m²
van Heemskercklaan 49,Doorn,"499.000,00 €",231 m²
De Buiskap 5,Dronten,"225.000,00 €",116 m²
Dorpsstraat 170,Enter,"365.000,00 €",320 m²
Gerard Doggerlaan 51,Den Haag,"650.000,00 €",243 m²
Buitenbaan 26,Gorinchem,"350.000,00 €",125 m²
Kersenplukkerserf 1,Arnhem,"399.000,00 €",174 m²
De Kievit 8,Groenlo,"350.000,00 €",255 m²
Bekerpad 6,Oss,"785.000,00 €",420 m²
Malibongwestraat 69,Purmerend,"425.000,00 €",147 m²
Hapseweg 9,Oeffelt,"719.000,00 €",3.718 m²
Wepel 58,Annen,"300.000,00 €",526 m²
Hendrik van Cuyklaan 10,Waalre,"2.175.000,00 €",2.323 m²
De Kavelen 10,Waalre,"499.000,00 €",234 m²
Frederik van Eedenstraat 17,Papendrecht,"345.000,00 €",117 m²
Nachtegaalstraat 53,Middenbeemster,"395.000,00 €",162 m²
Maaseikerweg 188,Weert,"935.000,00 €",7.785 m²
Zuideinde 6,Abbekerk,"875.000,00 €",1.819 m²
Eikenhorstlaan 3,Wassenaar,"1.435.000,00 €",1.305 m²
Statenlaan 20,Helmond,"419.000,00 €",128 m²
Houtduif 29,Etten-Leur,"325.000,00 €",137 m²
Bamendaweg 12,Dordrecht,"645.000,00 €",735 m²
Molenweg 12,Liessel,"598.000,00 €",1.200 m²
Vlierboomstraat 9,Alphen aan den Rijn,"399.000,00 €",145 m²
Kruisakker 18,Sint-Oedenrode,"539.000,00 €",312 m²
Ruychrocklaan 115,Den Haag,"1.195.000,00 €",139 m²
Graafschap 26,Lelystad,"425.000,00 €",325 m²
Elperstraat 6,Schoonloo,"750.000,00 €",29.350 m²
Gedempte Haven 16,Grou,"365.000,00 €",240 m²
Nieuwstraat 78,Leidschendam,"474.000,00 €",229 m²
Evert van 't Landstraat 37,Apeldoorn,"479.500,00 €",120 m²
Zuilenstraat 37 A,Breda,"475.000,00 €",304 m²
Paul Henri Spaakstraat 5,Herten,"350.000,00 €",181 m²
Monnetstraat 10,Zevenaar,"350.000,00 €",228 m²
Ruischerwaard 63,Groningen,"475.000,00 €",282 m²
Weegbree 34,Lelystad,"389.000,00 €",124 m²
Plataanstraat 14,Tilburg,"400.000,00 €",106 m²
Molenvaart 281,Anna Paulowna,"400.000,00 €",1.012 m²
Friezengaarde 2,Alphen aan den Rijn,"600.000,00 €",234 m²
Willem van Velsenstraat 51,Heemskerk,"410.000,00 €",222 m²
Horst 36 24,Lelystad,"325.000,00 €",204 m²
Nijkerkerschans 28,Nieuwegein,"399.000,00 €",214 m²
Wijnkers 33,Elst (GE),"695.000,00 €",372 m²
Vuurvlinder 11,Enschede,"625.000,00 €",359 m²
Wethouder Nijhuisstraat 105,Enschede,"315.000,00 €",235 m²
Keldercroftlaan 33,Heiloo,"450.000,00 €",162 m²
Pagendijk 24,Borculo,"296.000,00 €",265 m²
De Brink 44,Heiloo,"400.000,00 €",143 m²
Rijsdammerweg 2 B,Sellingen,"875.000,00 €",7.381 m²
van Driestenstraat 9,Rijnsburg,"1.049.000,00 €",636 m²
Ranonkel 26,Berkel-Enschot,"569.000,00 €",261 m²
Brandenborchstraat 27,Almere,"450.000,00 €",176 m²
Krommehoekstraat 19,Beuningen (GE),"559.000,00 €",418 m²
Dokkumerdiep 10,Zaandam,"389.000,00 €",136 m²
Rijksstraatweg 203,Haarlem,"775.000,00 €",237 m²
Willink van Collenstraat 62,Breukelen,"395.000,00 €",123 m²
Zonneroosstraat 3,Eindhoven,"385.000,00 €",107 m²
Veldhofstraat 6,Gorssel,"1.395.000,00 €",2.100 m²
Goudastraat 12,Wormerveer,"325.000,00 €",367 m²
Condorstraat 16,Gennep,"325.000,00 €",154 m²
Staringstraat 73,Oss,"315.000,00 €",163 m²
Westerzicht 241,Vlissingen,"269.500,00 €",170 m²
St.-Elisabethstraat 78,Vught,"550.000,00 €",384 m²
Stalmeesterslaan 21,Malden,"525.000,00 €",227 m²
Wezelhof 46,Silvolde,"250.000,00 €",180 m²
Merellaan 113,Capelle aan den IJssel,"385.000,00 €",157 m²
Hobbemalaan 54,Alkmaar,"350.000,00 €",152 m²
Kapitein Nemostraat 65,Tilburg,"295.000,00 €",136 m²
Doktersbleek 6,Eibergen,"295.000,00 €",343 m²
Zandhoen 31,Eindhoven,"550.000,00 €",47 m²
Grebbestraat 40,Amersfoort,"439.000,00 €",113 m²
Meyerweg 72,De Knipe,"585.000,00 €",865 m²
Ter Boort 8,Beek en Donk,"350.000,00 €",138 m²
Zwanenbloem 45,Elst (GE),"450.000,00 €",181 m²
Hamerstraat 15,Bussum,"435.000,00 €",170 m²
Henry Fordstraat 42,Zwartewaal,"695.000,00 €",1.473 m²
Heerenweg 96,Heiloo,"550.000,00 €",268 m²
Engelmanstraat 2,Hoofddorp,"615.000,00 €",186 m²
Arnoudstraat 29,Arnhem,"365.000,00 €",132 m²
Kennedylaan 6,Goirle,"599.000,00 €",458 m²
Erve Joost 35,Holten,"385.000,00 €",239 m²
Slimstraat 20,Udenhout,"849.000,00 €",846 m²
Zilverbergweg 5,Overasselt,"415.000,00 €",500 m²
Stadhouderslaan 1 a,Schiedam,"569.000,00 €",175 m²
Ambachtsherensingel 26,Mijdrecht,"616.000,00 €",250 m²
Cunegondisstraat 23,Thorn,"349.000,00 €",405 m²
Zwaluwstraat 17,Oosthuizen,"435.000,00 €",116 m²
Nieuwe Es 26,Wijster,"625.000,00 €",1.370 m²
Laan van de Marel 422,Emmen,"200.000,00 €",141 m²
Varsseveldsestraatweg 124 a,Aalten,"499.000,00 €",2.848 m²
Klokjeslaan 60,Maarssen,"475.000,00 €",209 m²
Da Costastraat 51,Oss,"315.000,00 €",151 m²
Burgemeester van Loonstraat 39,Steenbergen (NB),"369.000,00 €",300 m²
Molenweg 27,Voorthuizen,"497.500,00 €",398 m²
Abraham Bloemaertstraat 9,Waalwijk,"889.000,00 €",515 m²
Calville 39,Boskoop,"425.000,00 €",122 m²
Fluwijnberg 31,Roosendaal,"650.000,00 €",475 m²
Hofstukken 134,Assen,"239.000,00 €",138 m²
Botter 15,Nijkerk,"369.000,00 €",152 m²
Solislaan 57,Capelle aan den IJssel,"990.000,00 €",365 m²
Hondsdraf 12,Eemnes,"499.000,00 €",254 m²
Wassenaarsestraat 178,Den Haag,"600.000,00 €",75 m²
Belle van Zuylenlaan 45,Amstelveen,"675.000,00 €",165 m²
Sportlaan 15,Hoogersmilde (Gem. Midden-Drenthe),"399.500,00 €",599 m²
Brielse Meer 5,Zaandam,"425.000,00 €",105 m²
Krekelmeent 9,Hilversum,"600.000,00 €",182 m²
Schorpioen 65,Schijndel,"415.000,00 €",114 m²
Rosmolenstraat 13,Leusden,"427.500,00 €",145 m²
Zwaluwstraat 4,Anna Paulowna,"235.000,00 €",176 m²
Lynnerkamp 16,Zwolle,"349.000,00 €",177 m²
Blekenweg 127,Haren (GR),"325.000,00 €",300 m²
Van der Valk Boumanlaan 34,Woerden,"650.000,00 €",270 m²
De Weem 12,Westervoort,"415.000,00 €",400 m²
Monnetstraat 14,Zevenaar,"375.000,00 €",240 m²
Den Ilp 58 +loods,Den Ilp,"2.000.000,00 €",3.267 m²
Inktzwamsingel 11,Vleuten,"680.000,00 €",175 m²
Hoefijzer 11,Hasselt,"475.000,00 €",545 m²
Sporkehout 6,Geldrop,"995.000,00 €",1.171 m²
Het Woltmansland 2,Hasselt,"275.000,00 €",207 m²
Tulpstraat 5,Arnhem,"400.000,00 €",126 m²
Dag Hammarskjöldstraat 11,Hoensbroek,"629.000,00 €",552 m²
Asserstraat 95,Katwijk (ZH),"585.000,00 €",135 m²
Wierdensestraat 86,Rijssen,"449.000,00 €",194 m²
Wethouder H.H. Korteboslaan 55,Rijssen,"549.000,00 €",440 m²
Zwenkgras 9,Leiden,"485.000,00 €",123 m²
Paardebloemweide 53,Woerden,"375.000,00 €",125 m²
Beatrixlaan 17,Nieuwkoop,"359.000,00 €",129 m²
Lupinestraat 7,Beuningen (GE),"395.000,00 €",305 m²
Stremselstraat 39,Purmerend,"365.000,00 €",174 m²
Beethovenstraat 25,Haarlem,"700.000,00 €",140 m²
Dahliastraat 123,Enschede,"250.000,00 €",163 m²
De Pol 14,Doesburg,"274.500,00 €",163 m²
Purmer 55,Lelystad,"250.000,00 €",145 m²
W. Warnaarlaan 70 .,Sassenheim,"700.000,00 €",560 m²
Meenscharsweg 2,Hindeloopen,"324.500,00 €",190 m²
Militaireweg 69,Krommenie,"375.000,00 €",162 m²
Pastoor Hoekx-singel 13,Rosmalen,"325.000,00 €",92 m²
Waalstraat 76,Almere,"400.000,00 €",113 m²
Newtonstraat 7,Schoonhoven,"395.000,00 €",260 m²
Domtorenstraat 22,Tilburg,"325.000,00 €",154 m²
Brittenburg 45,Dordrecht,"350.000,00 €",159 m²
Van den Elsenstraat 25,Diessen,"430.000,00 €",203 m²
Meidoornlaan 14,Sassenheim,"375.000,00 €",96 m²
Corrie Vonkplantsoen 39,Spijkenisse,"485.000,00 €",281 m²
Fonteinkruid 40,Oudkarspel (Gem. Dijk en Waard),"675.000,00 €",393 m²
Klipper 73,Barendrecht,"675.000,00 €",369 m²
Turfsteker 7,Odiliapeel,"550.000,00 €",260 m²
Hoornwerk 35,Zutphen,"565.000,00 €",154 m²
Bronkhorstermaat 7,Giesbeek,"525.000,00 €",490 m²
Kethelweg 61,Vlaardingen,"445.000,00 €",154 m²
Reigerlaan 46,Hoevelaken,"369.500,00 €",134 m²
Molenhoek 6,Pesse (Gem. Hoogeveen),"895.000,00 €",8.240 m²
Klaterbos 110,Hoofddorp,"495.000,00 €",222 m²
Lattropperstraat 85,Denekamp,"935.000,00 €",9.020 m²
Dr. Nassaulaan 20,Assen,"1.250.000,00 €",1.757 m²
Pastorielaan 28,Veldhoven,"750.000,00 €",554 m²
Veeringzoom 36,Koog aan de Zaan,"450.000,00 €",138 m²
Carmelietenstraat-west 56,Boxmeer,"275.000,00 €",292 m²
Irenestraat 11,Druten,"279.000,00 €",148 m²
Boerderijweg 66,Oud-Beijerland,"595.000,00 €",400 m²
Buitenkwartier 30,Zwartsluis,"285.000,00 €",332 m²
Eerbeekseweg 10,Loenen,"685.000,00 €",762 m²
Burchtenlaan 7,Den Bosch,"400.000,00 €",193 m²
Abel Tasmanstraat 7,Terneuzen,"239.500,00 €",181 m²
Ezelvense Akkers 45,Tilburg,"450.000,00 €",231 m²
Kerkstraat 13 A,Driel,"345.000,00 €",158 m²
Julianastraat 126,Hoogezand,"249.000,00 €",549 m²
Tournooistraat 2,Helmond,"325.000,00 €",113 m²
Bizetstraat 12,Axel,"235.000,00 €",207 m²
De Reusel 4,Goirle,"950.000,00 €",1.145 m²
Narcisstraat 4,Giesbeek,"240.000,00 €",135 m²
Landweerstraat-Noord 12,Oss,"292.500,00 €",212 m²
Afrikalaan 77,Alphen aan den Rijn,"450.000,00 €",223 m²
Stille Omgang 2,Lepelstraat,"849.000,00 €",549 m²
Horstlindelaan 44,Enschede,"350.000,00 €",347 m²
Parkweg 86,Vlaardingen,"596.800,00 €",220 m²
de Hoek 13,Eethen,"285.000,00 €",190 m²
Hoogeindsestraat 110,Helmond,"295.000,00 €",210 m²
Heggerank 10,Cuijk,"397.500,00 €",299 m²
Ouderkerkerlaan 30,Amstelveen,"950.000,00 €",225 m²
van Gheselhof 10,Zeist,"725.000,00 €",318 m²
Brilbeer 28,Heerhugowaard,"495.000,00 €",340 m²
Dr Holwerdastraat 29,Wijk bij Duurstede,"475.000,00 €",181 m²
Tiggeltsebergstraat 62,Rijsbergen,"850.000,00 €",10.000 m²
D. Koddelaan 12,Zoutelande,"749.000,00 €",634 m²
Frankenlaan 20,Tilburg,"525.000,00 €",264 m²
Driewegenweg 3 a/b,Putten,"695.000,00 €",415 m²
Kennedystraat 40,Heel,"359.000,00 €",297 m²
Peppengouw 101,Almere,"320.000,00 €",144 m²
Edelhertweg 41,Almere,"425.000,00 €",141 m²
Rozelaar 3,Geffen,"750.000,00 €",474 m²
M.A. de Ruijterstraat 142,Spijkenisse,"339.900,00 €",135 m²
Spinetstraat 24,Etten-Leur,"325.000,00 €",151 m²
Sint Janstraat 135,Sprundel,"589.000,00 €",1.023 m²
Hertog van Gelrestraat 21,Rozendaal,"545.000,00 €",337 m²
Zandpad 13,Breukelen,"1.890.000,00 €",620 m²
Koolhof 7,Gilze,"349.000,00 €",166 m²
Bosstraat 73,Swalmen,"335.000,00 €",360 m²
Trageldijk 3,Coevorden,"175.000,00 €",482 m²
Oostereind 20,Wachtum,"469.000,00 €",850 m²
IJzerwerf 4,Nieuwegein,"580.000,00 €",112 m²
Kettingpol 43,Herwen,"389.000,00 €",267 m²
Frederik van Eedenhove 15,Nieuwegein,"425.000,00 €",139 m²
de Wilde Zee 6,Wateringen,"375.000,00 €",144 m²
Beemdstraat 28,Heesch,"600.000,00 €",267 m²
Oranjefontein 45,Purmerend,"415.000,00 €",119 m²
Nijverdalsestraat 71,Wierden,"235.000,00 €",135 m²
De Lutteresweg 13 *,Lutten,"625.000,00 €",28.830 m²
De Lutteresweg 13,Lutten,"475.000,00 €",6.000 m²
Kostverloren 26,Nijkerk,"350.000,00 €",144 m²
Tollenhof 26,Kesteren,"315.000,00 €",154 m²
Ossecamp 10,Castricum,"440.000,00 €",88 m²
van Rijckevorselstraat 8,Loon op Zand,"595.000,00 €",430 m²
Meerkoet 9,Etten-Leur,"275.000,00 €",161 m²
Vinkenbaan 11,Heiloo,"465.000,00 €",251 m²
de Ruijterstraat 11,Son en Breugel,"325.000,00 €",232 m²
Beukestraat 25,Krommenie,"375.000,00 €",121 m²
Johannes Vermeerstraat 33,Spijkenisse,"289.500,00 €",146 m²
Kamillestraat 5,Apeldoorn,"297.500,00 €",143 m²
Schubertlaan 16,Hoogezand,"300.000,00 €",521 m²
van Beethovenlaan 68,Hazerswoude-Rijndijk,"425.000,00 €",188 m²
Klipgriend 73,Almere,"365.000,00 €",195 m²
Singel 136,Bussum,"1.045.000,00 €",241 m²
Retranchement 38,Gorinchem,"355.000,00 €",150 m²
Groen van Prinstererstraat 39,Arnhem,"469.000,00 €",149 m²
Coudorp 17,Nieuwdorp,"329.000,00 €",590 m²
Wislaan 100,Uden,"395.000,00 €",367 m²
Jan Dorrekenskade-Oost 67,Waddinxveen,"350.000,00 €",73 m²
't Höltje 42,Helden,"800.000,00 €",1.097 m²
De Loet 290,Castricum,"500.000,00 €",95 m²
Burgemeester van der Venstraat 36,Vlijmen,"525.000,00 €",263 m²
Amelterhout 63,Assen,"369.500,00 €",464 m²
Emmerikseweg 64,Zutphen,"250.000,00 €",245 m²
Voorstevliet 17,Werkendam,"415.000,00 €",323 m²
Nijvelaar 7,Den Dungen,"550.000,00 €",535 m²
Bruggemanlanden 73,Enschede,"279.000,00 €",139 m²
Wagenaarstraat 301,Oss,"325.000,00 €",261 m²
Melkwegsingel 1,Zwijndrecht,"570.000,00 €",494 m²
Geel-groenlaan 23,Zoetermeer,"400.000,00 €",126 m²
Swammerdamstraat 20,Amersfoort,"395.000,00 €",130 m²
Blok 1 C,Krommenie,"495.000,00 €",163 m²
Schoolkade 153,Musselkanaal,"259.500,00 €",740 m²
Poolsterstraat 20,Apeldoorn,"325.000,00 €",189 m²
Aetsveld 67,Vinkeveen,"390.000,00 €",185 m²
Loostraat 49 D,Huissen,"325.000,00 €",231 m²
Rialen 14,Assendelft,"450.000,00 €",156 m²
Thaliastraat 133,Arnhem,"420.000,00 €",155 m²
Juckemastate 12,Leeuwarden,"225.000,00 €",162 m²
Ypendael 17,Baarn,"875.000,00 €",310 m²
Kennemerstraatweg 217,Heiloo,"575.000,00 €",360 m²
Brugstraat 5,Limmen,"525.000,00 €",250 m²
Grasdreef 36,Eindhoven,"400.000,00 €",111 m²
Pampagras 7,Houten,"519.000,00 €",134 m²
Ringiastins 15,Leeuwarden,"406.000,00 €",241 m²
Herenweg 46,Vinkeveen,"885.000,00 €",955 m²
Dorpsstraat 104,Neerkant,"599.000,00 €",4.005 m²
Karel Doormanlaan 109,Zoetermeer,"375.000,00 €",159 m²
Molenstraat 76,Bunschoten-Spakenburg,"550.000,00 €",195 m²
J.R. Thorbeckesingel 24,Papendrecht,"300.000,00 €",128 m²
Boekweithof 9,Putten,"1.250.000,00 €",1.035 m²
Maalacker 30,Vledder,"375.000,00 €",360 m²
Hoofdstraat 5,Sassenheim,"975.000,00 €",431 m²
Havikveld 1,Zoetermeer,"450.000,00 €",294 m²
West 100,Avenhorn,"450.000,00 €",291 m²
Gemondseweg 47,Schijndel,"1.250.000,00 €",9.680 m²
Breedewaij 58,Hardinxveld-Giessendam,"545.000,00 €",275 m²
Molengracht 34,Den Helder,"225.000,00 €",118 m²
Veenland 5,Assendelft,"650.000,00 €",255 m²
Paramaribostraat 106,Utrecht,"500.000,00 €",63 m²
Willem Hedastraat 15,Alkmaar,"490.000,00 €",87 m²
van der Capellenlaan 38,Zutphen,"525.000,00 €",225 m²
Dahliastraat 7,Koog aan de Zaan,"375.000,00 €",107 m²
Wegedoorn 13,Geldrop,"1.190.000,00 €",2.326 m²
Simone de Beauvoirstraat 11,Nijmegen,"565.000,00 €",179 m²
De Weverij 15,Steenbergen (NB),"495.000,00 €",235 m²
Van Doesburgstraat 3,Amersfoort,"419.000,00 €",111 m²
Steinstraat 29,Vaassen,"215.000,00 €",181 m²
Noordweg 15,Oostvoorne,"1.150.000,00 €",1.562 m²
K.J.Blokstraat 19,Wilhelminaoord,"375.000,00 €",571 m²
Tulpstraat 34,Koog aan de Zaan,"280.000,00 €",127 m²
Begoniastraat 18,Zwolle,"450.000,00 €",105 m²
Merbau 157,Dordrecht,"425.000,00 €",205 m²
St. Isidorusstraat 23,Leunen,"298.000,00 €",115 m²
Frans Halsstraat 22,Meppel,"275.000,00 €",135 m²
Braamkamp 308,Zutphen,"275.000,00 €",146 m²
Zuiderlingedijk 5,Heukelum,"625.000,00 €",815 m²
Loolaan 96,Driebergen-Rijsenburg,"575.000,00 €",205 m²
Heemraadsweg 4,Ouderkerk aan den IJssel,"975.000,00 €",720 m²
Kruisbergseweg 56,Doetinchem,"639.000,00 €",574 m²
Tongelresestraat 13,Eindhoven,"1.795.000,00 €",1.080 m²
Athenesingel 230,Den Haag,"425.000,00 €",124 m²
Leo Gestelstraat 27,Almere,"375.000,00 €",153 m²
Imkersdreef 305,Apeldoorn,"325.000,00 €",198 m²
Stationsstraat 27 a-29,Twello,"750.000,00 €",985 m²
Bongerd 32,Borne,"550.000,00 €",289 m²
Coldenhovenseweg 52,Eerbeek,"299.000,00 €",213 m²
Dovenetelweg 71,Zaandam,"400.000,00 €",150 m²
Hobbemalaan 102,Alkmaar,"359.000,00 €",152 m²
Rembrandtstraat 15,Vlijmen,"350.000,00 €",309 m²
Zernikelaan 57,Schoonhoven,"379.000,00 €",132 m²
Groen van Prinstererstr 8,Hoogezand,"189.500,00 €",201 m²
Zr Persoonsstraat 5,Mariahout,"385.000,00 €",272 m²
Touwslagerstraat 4,Beverwijk,"395.000,00 €",100 m²
Zalkerbos 12,Hoofddorp,"695.000,00 €",258 m²
Engweg 4,Lunteren,"799.000,00 €",615 m²
Berkelstraat 18,Amersfoort,"400.000,00 €",101 m²
Oosterweg M 34,Purmer (Gem. Waterland),"550.000,00 €",704 m²
Van Leeuwenhoeklaan 65,Vlijmen,"525.000,00 €",396 m²
Bruntingerbrink 140,Emmen,"199.500,00 €",153 m²
M.H. Trompstraat 9,Spijkenisse,"245.000,00 €",133 m²
Voirt 19,Nuenen,"500.000,00 €",386 m²
Marnelaan 9,Son en Breugel,"425.000,00 €",254 m²
Christinalaan 3,Vorden,"795.000,00 €",1.146 m²
Kastanjedal 24,Maassluis,"550.000,00 €",199 m²
De Genestetstraat 24,Etten-Leur,"265.000,00 €",165 m²
Millweg 30,Arnhem,"269.500,00 €",123 m²
Appelaarseweg 20,Fijnaart,"500.000,00 €",560 m²
Betsy Westendorpstraat 21,Apeldoorn,"450.000,00 €",167 m²
Juttestraat 5,Schoonoord,"300.000,00 €",436 m²
Fahrenheitstraat 10,IJmuiden,"269.000,00 €",141 m²
Jaspisdreef 5,Emmen,"450.000,00 €",418 m²
Parnassiasingel 20,Helmond,"469.000,00 €",294 m²
Portoricodreef 12,Utrecht,"400.000,00 €",175 m²
Gruttersdreef 103,Apeldoorn,"325.000,00 €",152 m²
Bovenbuurtweg 58,Ede,"325.000,00 €",134 m²
Prins Bernhardstraat 8,Rijssen,"285.000,00 €",205 m²
Caspar van Baerlehof 11,Beverwijk,"625.000,00 €",347 m²
De Haarstraat 17,Nijkerk,"425.000,00 €",214 m²
Spastraat 14,Hengelo (OV),"299.500,00 €",199 m²
Voorlandseweg 32,Apeldoorn,"425.000,00 €",381 m²
Heiveldstraat 72 A,Kerkrade,"175.000,00 €",132 m²
Ruizendaallaan 10,Eemnes,"679.000,00 €",127 m²
Laarwoud 7,Ede,"550.000,00 €",285 m²
Gangeslaan 118,Purmerend,"510.000,00 €",144 m²
Trechterbeker 65,Borger,"550.000,00 €",615 m²
Verenwei 46,Arnhem,"319.500,00 €",170 m²
Cornetkade 20,Leiden,"637.000,00 €",98 m²
Javastraat 19,Den Bosch,"478.000,00 €",141 m²
Eratolaan 11,Eindhoven,"425.000,00 €",210 m²
Texelstroom 2,Emmeloord,"210.000,00 €",171 m²
Pasteurweg 32,Leeuwarden,"300.000,00 €",97 m²
Floralaan 147,Hardenberg,"350.000,00 €",268 m²
Gouwestraat 3,Terneuzen,"250.000,00 €",151 m²
Drontermeer 205,Purmerend,"425.000,00 €",179 m²
Bisonstraat 43,Purmerend,"450.000,00 €",136 m²
Marconistraat 28,Enschede,"225.000,00 €",104 m²
Maarten Lutherweg 132,Amstelveen,"600.000,00 €",156 m²
Lange Bedde 50,Breda,"425.000,00 €",126 m²
Fagotstraat 4,Duiven,"400.000,00 €",255 m²
P.C. Hooftstraat 20,Zoetermeer,"350.000,00 €",139 m²
Boommarterstraat 39,Heijen,"425.000,00 €",200 m²
Achter de Molen 28,Etten-Leur,"435.000,00 €",896 m²
Zeelsterstraat 194,Eindhoven,"425.000,00 €",189 m²
Roerdomp 7,Breda,"459.000,00 €",235 m²
Dominee Bleekerhof 27,Abcoude,"1.200.000,00 €",562 m²
Kruisweg 33,Bergen (NH),"1.050.000,00 €",572 m²
Deutzhof 59,Assendelft,"450.000,00 €",236 m²
Fluitenbergseweg 72 a,Fluitenberg,"475.000,00 €",1.029 m²
Kalmoesberg 34,Roosendaal,"278.000,00 €",121 m²
Bellefleur 9,Uden,"369.000,00 €",204 m²
Veldstraat 9,Putten,"399.000,00 €",230 m²
Bisschopsmolenstraat 227,Etten-Leur,"545.000,00 €",247 m²
Zwanenveld 3015,Nijmegen,"275.000,00 €",150 m²
Pastorieweg 11,Krewerd,"295.000,00 €",426 m²
Azuriet 33,Leusden,"440.000,00 €",184 m²
Reyersakker 6,Hedel,"435.000,00 €",219 m²
Willem Lodewijkhof 2,Alkmaar,"675.000,00 €",96 m²
's Heerenwei 51,Zevenbergen,"565.000,00 €",918 m²
Voorlandseweg 37,Apeldoorn,"279.000,00 €",115 m²
Weverskamp 38,Harderwijk,"439.000,00 €",266 m²
John F. Kennedysingel 11,Melick,"595.000,00 €",1.400 m²
Henegouwerhof 41,Bodegraven,"340.000,00 €",161 m²
Julianalaan 24,Nieuwer Ter Aa,"1.075.000,00 €",808 m²
Admiraal de Ruyterlaan 18,Uithoorn,"669.000,00 €",419 m²
Huiskenshof 1,Roermond,"422.500,00 €",217 m²
Dennenweg 1,Neede,"610.000,00 €",13.500 m²
Fluitenbergseweg 72,Fluitenberg,"595.000,00 €",1.707 m²
Het Boschloo 106,Warnsveld,"525.000,00 €",497 m²
Pollux 43,Berkel en Rodenrijs,"340.000,00 €",97 m²
Van Aremberglaan 6,Wateringen,"489.000,00 €",154 m²
Springfontein 2,Purmerend,"550.000,00 €",163 m²
Aan de Kromme Sloot 133,Uitgeest,"535.000,00 €",154 m²
Amnestylaan 68,Middelburg,"475.000,00 €",285 m²
Buorren 80,Houtigehage,"450.000,00 €",4.544 m²
Van Polanenpark 91,Wassenaar,"525.000,00 €",154 m²
Baambrugse Zuwe 117 A,Vinkeveen,"1.175.000,00 €",1.408 m²
Kanaalstraat 40,Aalsmeer,"500.000,00 €",137 m²
Liesbergerhout 8,Harderwijk,"775.000,00 €",341 m²
Rodingsveen 160,'s-Heerenberg,"549.000,00 €",764 m²
Irenestraat 1,Nederweert,"880.000,00 €",1.585 m²
Mariastraat 19,Mariahout,"450.000,00 €",685 m²
Clara's pad 12,Heinkenszand,"595.000,00 €",1.020 m²
B. Vethstraat 63,Bergschenhoek,"575.000,00 €",131 m²
Siriusstraat 26,Borne,"250.000,00 €",137 m²
Alewijnlaan 4,Loosdrecht,"475.000,00 €",148 m²
De Verwondering 9,Amersfoort,"375.000,00 €",100 m²
Operadreef 28,Harderwijk,"525.000,00 €",261 m²
Borgercompagnie 237,Borgercompagnie (Gem. Veendam),"385.000,00 €",1.475 m²
Buitenwaarden 24,Grafhorst,"699.500,00 €",382 m²
Sniedersweide 2,Aalten,"549.000,00 €",483 m²
Bruggeschans 13,Leusden,"450.000,00 €",148 m²
Bieskamp 58,Druten,"279.500,00 €",250 m²
Andellaan 27,Noordwijkerhout,"748.000,00 €",215 m²
Malvert 5129,Nijmegen,"250.000,00 €",240 m²
St Theresiastraat 36,Eindhoven,"450.000,00 €",196 m²
Veerpolderstraat 134 -b,Arnhem,"269.000,00 €",107 m²
Aletta Jacobsstraat 61,Assendelft,"400.000,00 €",134 m²
Markeweg 7,Wedde,"475.000,00 €",1.307 m²
Delfland 34,Purmerend,"400.000,00 €",208 m²
Columbusstraat 117,Hoek van Holland,"340.000,00 €",146 m²
De Snieder 96,Groenlo,"295.000,00 €",152 m²
Blauwkapelseweg 9,Utrecht,"625.000,00 €",96 m²
Mgr Zwijsenstraat 17,Eindhoven,"550.000,00 €",172 m²
Ahrdal 15,Capelle aan den IJssel,"410.000,00 €",261 m²
Westerscheldestraat 135,Oost-Souburg,"249.500,00 €",161 m²
De Lint 101,Zevenbergen,"419.000,00 €",195 m²
Postweg 10,Leersum,"398.000,00 €",167 m²
Hogerwoerdstraat 24 +Garage,Haarlem,"500.000,00 €",123 m²
Henri Eversstraat 11,Bergschenhoek,"675.000,00 €",234 m²
Pricksteenweg 58,Kerkrade,"300.000,00 €",260 m²
Heer Arnoldstraat 41,IJsselstein,"325.000,00 €",95 m²
Stiendollen 18,Oudemirdum,"539.000,00 €",850 m²
De Bazelstraat 52,Rotterdam,"450.000,00 €",165 m²
Koewei 107,Arnhem,"319.000,00 €",148 m²
Bossestraat 126 b,Vogelwaarde,"595.000,00 €",1.400 m²
Zuideinde 168,Oostzaan,"625.000,00 €",328 m²
Genderensedijk 2 a,Genderen,"425.000,00 €",629 m²
Heinsbergerweg 126,Roermond,"275.000,00 €",255 m²
Marga Klompélaan 297,Arnhem,"350.000,00 €",131 m²
Ahuislanden 76,Enschede,"200.000,00 €",100 m²
Fortlaan 23,Numansdorp,Prijs op aanvraag,568 m²
Cattepoelseweg 338,Arnhem,"450.000,00 €",161 m²
Zuidlaan 69,Prinsenbeek,"489.000,00 €",241 m²
Pastoor van Beurdenstraat 73,Tilburg,"375.000,00 €",187 m²
Zuivelstraat 38,Oldenzaal,"345.000,00 €",217 m²
Stedewaarts 15,Assen,"540.000,00 €",342 m²
Nieuwe Veldjes 19,Twello,"330.000,00 €",250 m²
Perengaarde 36,Houten,"400.000,00 €",134 m²
Het Horseler 58,Warnsveld,"575.000,00 €",428 m²
Wilgenlaan 15,Driebruggen,"469.000,00 €",257 m²
Rhenendael 167,Rhenen,"550.000,00 €",200 m²
Rietven 46,Enschede,"259.000,00 €",141 m²
Kamperfoelie 4,Nieuwegein,"365.000,00 €",141 m²
Ringvaartpark 37,Capelle aan den IJssel,"1.050.000,00 €",527 m²
Zadelmakerstraat 58,Duiven,"259.500,00 €",139 m²
Dr. Schaepmanlaan 69,Heemstede,"425.000,00 €",175 m²
Berkenstraat 31 a,Boven-Leeuwen,"400.000,00 €",394 m²
van Ostadestraat 11,Zaandam,"487.500,00 €",181 m²
Nijlstraat 11,Spijkenisse,"475.000,00 €",200 m²
Vaartdijk 3 s,Wormerveer,"750.000,00 €",600 m²
Elzenhof 20,'s-Gravenzande,"415.000,00 €",142 m²
Wederik 12,Reeuwijk,"550.000,00 €",248 m²
de Hazelaar 10,Boxmeer,"620.000,00 €",500 m²
Reggedal 20,Capelle aan den IJssel,"350.000,00 €",148 m²
Nieuwe Sluisstraat 4 A,Schiedam,"300.000,00 €",30 m²
Couwenhoven 6134,Zeist,"575.000,00 €",171 m²
Korte Loostraat 37,Huissen,"525.000,00 €",351 m²
Saturnusstraat 22,Haarlem,"725.000,00 €",115 m²
Roerstraat 10,Emmeloord,"375.000,00 €",249 m²
Stroodorpe 11 a,Sluiskil,"215.000,00 €",262 m²
Gerbrandystraat 27,Vlissingen,"375.000,00 €",242 m²
Aubade 63,Zaandam,"875.000,00 €",205 m²
Kamelenspoor 448,Maarssen,"325.000,00 €",145 m²
Prins Willem-Alexanderstraat 12,Pannerden,"495.000,00 €",529 m²
Rijksstraatweg 36,Amerongen,"1.098.000,00 €",1.096 m²
Spiering 6,Hellevoetsluis,"285.000,00 €",235 m²
De Stelling 10 46,Lelystad,"235.000,00 €",117 m²
Frans Halsstraat 3,Goes,"275.000,00 €",180 m²
Lentemorgen 24,Uden,"775.000,00 €",473 m²
Rogge-oord 1,Houten,"1.250.000,00 €",754 m²
Hoofdstraat 45,Voorthuizen,"265.000,00 €",295 m²
Vaartdijk 3 F,Wormerveer,"825.000,00 €",725 m²
Parkwerf 84,Almere,"330.000,00 €",104 m²
Binnenhof 15,Veldhoven,"685.000,00 €",326 m²
Achter de Hoven 17,Sprang-Capelle,"595.000,00 €",1.065 m²
Frederikstraat 2,Hardinxveld-Giessendam,"425.000,00 €",176 m²
Wagenmaker 74,Wijchen,"385.000,00 €",151 m²
Van de Bleekstraat 54,Terschuur,"439.000,00 €",285 m²
Eelinkstraat 45,Winterswijk,"489.000,00 €",401 m²
Ekersdijk 79,Enschede,"250.000,00 €",210 m²
Fluessenlaan 16,Amsterdam,"599.000,00 €",117 m²
Lage Esweg 71,Nijverdal,"1.175.000,00 €",9.200 m²
Waghenaerdreef 6,Bergschenhoek,"725.000,00 €",228 m²
Van Middachtenmarke 55,Zwolle,"450.000,00 €",184 m²
Johan Stratiuslaan 12,Wolfheze,"598.000,00 €",762 m²
Giekwerf 19,Zoetermeer,"700.000,00 €",253 m²
Slochterstraat 88,Sappemeer,"239.500,00 €",339 m²
Hazeleger 8,Zeewolde,"425.000,00 €",260 m²
Noordereinde 259,'s-Graveland,"450.000,00 €",126 m²
Prinsessenhof 36,Heemstede,"595.000,00 €",196 m²
Parkweg 14,Rosmalen,"659.000,00 €",441 m²
Poterne 5,Veldhoven,"500.000,00 €",245 m²
Waterput 8,Cuijk,"409.000,00 €",111 m²
het Swennink 15,Losser,"425.000,00 €",311 m²
Johan van Galenplantsoen 16,Rijssen,"698.000,00 €",779 m²
Spinbolmolen 33,Papendrecht,"345.000,00 €",150 m²
Waalstraat 48,Almere,"375.000,00 €",115 m²
Klaas Benninkstraat 33,Genemuiden,"179.500,00 €",81 m²
Saffierdrift 6,Nieuwegein,"335.000,00 €",114 m²
Ludingakerke 4,Drachten,"229.500,00 €",201 m²
Kon.Wilhelminalaan 6,Nieuwleusen,"400.000,00 €",397 m²
Vuurlibel 18,Son en Breugel,"550.000,00 €",195 m²
Akkerwindestraat 38,Wijchen,"369.000,00 €",242 m²
Rijperkerkpark 77,Tilburg,"525.000,00 €",191 m²
Rustenburgerlaan 67,Haarlem,"1.250.000,00 €",653 m²
Mariëndaal 95,Enschede,"450.000,00 €",295 m²
Bleyenhoevelaan 1,Velsen-Noord,"425.000,00 €",271 m²
Heereweg 59,Lisse,"1.550.000,00 €",705 m²
Hoofdkade 48,Ter Apel,"485.000,00 €",993 m²
Brouwerskamp 7,Nunspeet,"550.000,00 €",260 m²
Kerkeland 38,Oosterbeek,"725.000,00 €",157 m²
Wevershof 50,Prinsenbeek,"479.000,00 €",140 m²
Van Zuijlen van Nieveltlaan 14,Barneveld,"498.000,00 €",440 m²
Rapen-oord 7,Houten,"569.000,00 €",218 m²
Drostlaan 59,Emmeloord,"274.000,00 €",265 m²
Duinvlietstraat 15,Velsen-Noord,"375.000,00 €",167 m²
Hullerweg 71,Nunspeet,"475.000,00 €",680 m²
Rembrandtlaan 33,Terneuzen,"239.000,00 €",147 m²
L. Zocherplantsoen 53,Velserbroek,"445.000,00 €",117 m²
Kievietsprenk 3,Vlissingen,"249.000,00 €",127 m²
Zacharias Jansenstraat 10,Middelburg,"179.000,00 €",75 m²
Naardenstraat 15,Almere,"320.000,00 €",141 m²
Pinksterbloemweide 12,Woerden,"375.000,00 €",125 m²
Dahliastraat 8,Sint-Michielsgestel,"320.000,00 €",218 m²
Potvisstraat 69,Amsterdam,"400.000,00 €",102 m²
Achterweg 16,Wassenaar,"795.000,00 €",245 m²
Atalantalaan 3,Aalsmeer,"699.000,00 €",181 m²
Grutto 14,Hardinxveld-Giessendam,"535.000,00 €",325 m²
Wagekamp 17,Valkenburg (ZH),"575.000,00 €",143 m²
De Savornin Lohmanlaan 5,Hillegom,"595.000,00 €",270 m²
Maarten Tromplaan 77,Twello,"575.000,00 €",411 m²
Laan oud-Indiëgangers 114,Rijssen,"439.000,00 €",272 m²
Zutphensestraat 151 A,Apeldoorn,"499.500,00 €",307 m²
Oude Azaleastraat 12,Nijmegen,"450.000,00 €",149 m²
Noorderdiep 410,Nieuw-Buinen,"525.000,00 €",912 m²
Eifel 9,Helmond,"325.000,00 €",173 m²
Bloemstede 315,Maarssen,"379.000,00 €",169 m²
Marshallstraat 3,Oss,"495.000,00 €",321 m²
Hoefijzer 11,Warnsveld,"398.000,00 €",290 m²
Raadsherenveld 104,Apeldoorn,"250.000,00 €",189 m²
Notenlaan 98,Sleeuwijk,"435.000,00 €",351 m²
Speenkruid 19,Leeuwarden,"315.000,00 €",181 m²
Lariestraat 35 a,Gemonde,"775.000,00 €",565 m²
Brunellaan 17,Leerdam,"675.000,00 €",413 m²
Bachstraat 10,Groesbeek,"450.000,00 €",404 m²
Middenweg 49,Limmen,"650.000,00 €",405 m²
Maarten Harpertsz. Trompstraat 23,Zutphen,"180.000,00 €",143 m²
Bantswei 9,Anjum,"695.000,00 €",8.177 m²
Whemelaan 5,Nunspeet,"550.000,00 €",405 m²
Waverstraat 19,Eindhoven,"520.000,00 €",210 m²
Vleutenseweg 458,Utrecht,"474.500,00 €",80 m²
Wilhelminastraat 31,Huissen,"535.000,00 €",240 m²
Geesterse Binnenweg 4 a,Borculo,"475.000,00 €",368 m²
Hoflaan 42,Ede,"350.000,00 €",161 m²
Karperstraat 81,Aalsmeer,"750.000,00 €",265 m²
Isidorusplein 9,Beek en Donk,"325.000,00 €",102 m²
Aalscholverlaan 23,Den Bosch,"489.000,00 €",225 m²
1e Wormenseweg 204,Apeldoorn,"449.000,00 €",625 m²
Sima 24,Beuningen (GE),"300.000,00 €",165 m²
Boeg 94,Wijk bij Duurstede,"422.500,00 €",177 m²
Schoenerstraat 22,Nieuw-Lekkerland,"298.000,00 €",157 m²
Carolinenstraat 11,Stramproy,"297.000,00 €",278 m²
Lavendelhof 23,Oosterhout (NB),"349.000,00 €",170 m²
Dorpsstraat 11,IJzendoorn,"399.000,00 €",305 m²
Groenstraat 52,Roosendaal,"305.000,00 €",163 m²
Kinselmeer 24,Zaandam,"375.000,00 €",101 m²
Leeghwaterstraat 10,Uitgeest,"445.000,00 €",169 m²
de Olieslager 6,Heeze,"435.000,00 €",182 m²
Staverdense beek 4,Biddinghuizen,"575.000,00 €",541 m²
Boslaan 75,Dronten,"965.000,00 €",1.596 m²
Noordstraat 60,Bodegraven,"825.000,00 €",458 m²
Oldenzaalsestraat 139,Enschede,"500.000,00 €",169 m²
Kasteel Daelenbroeckstraat 20,Roermond,"265.000,00 €",302 m²
van Galenstraat 2,Borne,"335.000,00 €",549 m²
Kwartelstraat 23,Leeuwarden,"235.000,00 €",118 m²
Vrijburgstraat 40,Vlissingen,"589.000,00 €",940 m²
Groninger Meeuwlaan 81,Barneveld,"399.000,00 €",129 m²
Duinrugstraat 43,Almere,"825.000,00 €",199 m²
Karekietstraat 28,Velp (GE),"598.000,00 €",430 m²
Rijksweg 94,Limmen,"450.000,00 €",243 m²
Strausslaan 3,Oss,"699.000,00 €",532 m²
Eendjespoortstraat 14,Haarlem,"425.000,00 €",67 m²
Torenbergerhout 8,Harderwijk,"495.000,00 €",232 m²
Munnikenweg 125,Beverwijk,"300.000,00 €",127 m²
Echtenstraat 102,Assen,"235.000,00 €",178 m²
Maarschalkstraat 8,Mijdrecht,"475.000,00 €",243 m²
Kraaijenbergstraat 32,Hattem,"320.000,00 €",237 m²
Raanhuisstraat 14,Oosterbeek,"695.000,00 €",222 m²
Drontermeer 17,Purmerend,"385.000,00 €",129 m²
Egelpad 2,Zeewolde,"425.000,00 €",251 m²
Terrastraat 26,Oudorp,"495.000,00 €",180 m²
Graszode 20,Eindhoven,"489.000,00 €",134 m²
Blijdestein 8,Ede,"339.500,00 €",155 m²
Baanstraat 16,Beverwijk,"379.000,00 €",95 m²
Sloetstraat 20,Zutphen,"339.000,00 €",159 m²
Eikelenbergstraat 53,Alkmaar,"400.000,00 €",115 m²
Dille 24,Nijverdal,"375.000,00 €",253 m²
Harpdreef 36,Etten-Leur,"349.000,00 €",165 m²
Beethovengaarde 90,Oss,"400.000,00 €",243 m²
Plantsoenstraat 5,Malden,"375.000,00 €",298 m²
Verfmolen 7,Heerhugowaard,"575.000,00 €",220 m²
Bredeweg 316,Roermond,"289.500,00 €",179 m²
Volgerweg 78,Zuidoostbeemster,"2.250.000,00 €",13.220 m²
Klaproosstraat 1,Sint-Oedenrode,"525.000,00 €",416 m²
Piacenzastraat 18,Vught,"697.500,00 €",397 m²
Vaartweg 2,Smilde,"395.000,00 €",985 m²
Pieter Verweijweg 20,Hoek van Holland,"325.000,00 €",144 m²
Diependalstraat 2,Arnhem,"700.000,00 €",690 m²
Tarwestraat 1,Putten,"499.000,00 €",195 m²
Hoofdstraat 25 B,Hooghalen,"650.000,00 €",1.836 m²
Volgerweg 78,Zuidoostbeemster,"2.250.000,00 €",13.220 m²
Otto van Asperenstraat 4,Hoef en Haag,"469.000,00 €",134 m²
Rotstuinlaan 19,Vleuten,"500.000,00 €",104 m²
Spaarnrijkstraat 21,Haarlem,"750.000,00 €",134 m²
Ottersveen 105,Spijkenisse,"310.000,00 €",158 m²
De Wiersse 41,Almelo,"199.000,00 €",135 m²
Turfhoofd 21,Oudenbosch,"335.000,00 €",98 m²
Debussystraat 32,Zevenaar,"275.000,00 €",165 m²
Donkeregaarde 55,Nieuwegein,"450.000,00 €",145 m²
Molenberg 25,Reusel,"569.000,00 €",335 m²
Trompstraat 48,Haarlem,"549.500,00 €",140 m²
Mariënhagen 28,Rotterdam,"600.000,00 €",198 m²
Johannes Vermeerstraat 11,Raamsdonksveer,"498.000,00 €",183 m²
Roekenbos 19,Hoofddorp,"375.000,00 €",128 m²
Geerteveld 32,Koog aan de Zaan,"375.000,00 €",152 m²
Lindelaan 2,Krommenie,"350.000,00 €",165 m²
Ovidiusstraat 12,Sittard,"500.000,00 €",364 m²
Uranusstraat 20,Haarlem,"550.000,00 €",134 m²
Zwanenveld 3752,Nijmegen,"375.000,00 €",172 m²
Prunuslaan 63,Amstelveen,"550.000,00 €",150 m²
Rijenpad 17,Almere,"310.000,00 €",150 m²
Ligusterweg 5,Wijchen,"565.000,00 €",260 m²
Essenerweg 39,Kootwijkerbroek,"839.000,00 €",873 m²
Zwanenzijde 4,Leiden,"500.000,00 €",153 m²
Goudsberg 6,Amersfoort,"445.000,00 €",133 m²
Vlierbes 12,Borne,"515.000,00 €",232 m²
Nassaupark 28,Baarle-Nassau,"435.000,00 €",145 m²
1e Lunarelaan 37,Capelle aan den IJssel,"500.000,00 €",125 m²
Korhoenlaan 70,Heemstede,"425.000,00 €",156 m²
Brinklaan 16 B,Bussum,"520.000,00 €",120 m²
Hittekamp 15,Leersum,"450.000,00 €",219 m²
Nereusburg 33,Nieuwegein,"375.000,00 €",143 m²
Stoofkade 7,Gouda,"1.195.000,00 €",1.880 m²
Aztekenstraat 52,Purmerend,"545.000,00 €",177 m²
Peel 8 b,Dronten,"300.000,00 €",333 m²
Nagelhoutstraat 8,Holten,"237.000,00 €",200 m²
Corversbos 170,Hoofddorp,"425.000,00 €",140 m²
Getijdelant 70,Volendam,"425.000,00 €",218 m²
Fagotdreef 17,Harderwijk,"450.000,00 €",214 m²
Rijksweg 30,Herten,"300.000,00 €",850 m²
Ahornhout 27,Assen,"525.000,00 €",296 m²
Willem de Zwijgerstraat 102,Veen,"347.500,00 €",218 m²
Ligusterstraat 26,Vaassen,"395.000,00 €",144 m²
Graafschappad 8,Son en Breugel,"475.000,00 €",292 m²
Bernard de la Faillebocht 36,Rotterdam,"475.000,00 €",128 m²
Overtonstraat 8,Haarlem,"925.000,00 €",439 m²
Lijsterbeslaan 35,Hillegom,"395.000,00 €",110 m²
Krabbestraat 17,Eindhoven,"375.000,00 €",162 m²
De Taling 54,Almelo,"489.000,00 €",476 m²
Emmastraat 32,Goirle,"425.000,00 €",180 m²
Koningin Julianastraat 78,Smilde,"350.000,00 €",369 m²
Warmoesstraat 122,Wormerveer,"369.000,00 €",125 m²
Sloelaan 17,Terneuzen,"229.000,00 €",136 m²
Govert Bidloostraat 32 34,Den Haag,"540.000,00 €",105 m²
Viaductstraat 72,Wamel,"825.000,00 €",1.705 m²
Blokwetering 52,Culemborg,"950.000,00 €",452 m²
Dr. Alphons Ariënsstraat 6,Amstelveen,"500.000,00 €",156 m²
Hogesteeg 42,Amersfoort,"800.000,00 €",200 m²
Stuurboord 10,Wijk bij Duurstede,"379.000,00 €",131 m²
Haverschmidtstraat 97,Den Haag,"375.000,00 €",99 m²
Meeuwenkant 54,Emmeloord,"450.000,00 €",267 m²
Seminarielaan 2,Hoeven,"650.000,00 €",505 m²
Tempelhof 31,Dalfsen,"550.000,00 €",431 m²
Landgraaf 44,Eindhoven,"419.000,00 €",148 m²
Enkhuizenstraat 1,Emmeloord,"280.000,00 €",168 m²
A.J. Duymaer van Twiststraat 22,Deventer,"475.000,00 €",130 m²
Romerswaalestraat 4 a,Zuiddorpe,"250.000,00 €",202 m²
Armweide 13,Ruinen (Gem. De Wolden),"850.000,00 €",4.639 m²
Strandwal 60,Vlissingen,"359.500,00 €",197 m²
Meindert Hobbemastraat 63,Almere,"425.000,00 €",204 m²
Zuiderwouder Dorpsstraat 28,Zuiderwoude,"1.500.000,00 €",610 m²
Moleneinde 24,Diever,"550.000,00 €",972 m²
Drossard de la Courtstraat 44,Gemert,"500.000,00 €",400 m²
Groenendael 114,IJsselmuiden,"349.000,00 €",251 m²
Eerste Hieronymus van Alphenstraat 96,Gouda,"350.000,00 €",93 m²
Rietgors 19,Leusden,"459.000,00 €",173 m²
De Vissert 5,Well (LI),"1.000.000,00 €",25.445 m²
Benedenberg 17,Bergambacht,"975.000,00 €",4.770 m²
Leliestraat 40,Deventer,"567.500,00 €",613 m²
Heiblomsedijk 15,Berlicum,"800.000,00 €",1.177 m²
Mr. van Zuylen van Nyeveltstraat 2,Waalwijk,"350.000,00 €",145 m²
Ladderbeekstraat 106,Velsen-Noord,"325.000,00 €",129 m²
Keizerstraat 9,Wormer,"289.000,00 €",126 m²
Siciliëstraat 24,Almere,"335.000,00 €",177 m²
Heeskesacker 1124,Nijmegen,"309.500,00 €",210 m²
Baron van Nagellstraat 35,Voorthuizen,"500.000,00 €",390 m²
Verheullaan 60,Bergschenhoek,"435.000,00 €",116 m²
Bennebroekerweg 79,Rijsenhout,"695.000,00 €",738 m²
Rozendael 157,Borger,"300.000,00 €",320 m²
Gitaar 18,Ewijk,"425.000,00 €",283 m²
Ligtenbergerdijk 18,Rijssen,"625.000,00 €",425 m²
Dr. Schaepmanstraat 153,Assen,"375.000,00 €",117 m²
Blaarthemseweg 18,Eindhoven,"500.000,00 €",272 m²
Kamperfoeliestraat 9,Sint-Michielsgestel,"369.000,00 €",182 m²
Gomarusstraat 33,Wagenberg,"349.000,00 €",186 m²
Krekelzanger 89,Boxmeer,"625.000,00 €",512 m²
Dijlehof 18,Amsterdam,"425.000,00 €",90 m²
Slagenland 7,'s Gravenmoer,"499.000,00 €",230 m²
Sint Jozefhof 11,Made,"395.000,00 €",100 m²
Singel 10,Nieuwerkerk aan den IJssel,"395.000,00 €",182 m²
Seisstraat 16,Middelburg,"749.000,00 €",164 m²
Sambeekerf 10,Tilburg,"465.000,00 €",298 m²
Limbahout 6,Zoetermeer,"995.000,00 €",484 m²
Kruidenlaan 117,Nijverdal,"370.000,00 €",249 m²
Vogelakker 30,Almere,"725.000,00 €",932 m²
Luitstraat 22,Almere,"399.000,00 €",129 m²
Duikerlaan 8,Wageningen,"389.000,00 €",116 m²
Beneluxlaan 38,Geleen,"250.000,00 €",199 m²
Insulindestraat 1,Doetinchem,"475.000,00 €",365 m²
Batjanstraat 7,Enschede,"198.000,00 €",142 m²
J.J. Allanstraat 357 A,Westzaan,"885.000,00 €",272 m²
T.W.S. Mansholtstraat 49,Groningen,"895.000,00 €",599 m²
Rijkevoortsedijk 14,Rijkevoort,"475.000,00 €",2.165 m²
Ledeackerstraat 6,Tilburg,"325.000,00 €",143 m²
Heulweg 3 a,Barendrecht,"1.375.000,00 €",432 m²
De Tol 5,Woudenberg,"650.000,00 €",242 m²
Torenberglaan 44,Eindhoven,"560.000,00 €",286 m²
Rhijnauwensingel 469,Rotterdam,"318.800,00 €",103 m²
Nijhofflaan 5,Blaricum,"1.080.000,00 €",262 m²
Het Steen 5,Grootegast,"315.000,00 €",495 m²
Schuttevaer 37 a,Hoogeveen,"259.000,00 €",142 m²
Dorpsweg Ransdorp 91,Amsterdam,"575.000,00 €",215 m²
Broersven 4,Heemskerk,"550.000,00 €",224 m²
Tuinkersstraat 3,Voorhout,"645.000,00 €",217 m²
Zevenhuizen 34,Hattem,"330.000,00 €",207 m²
IJsselmondselaan 170,Rotterdam,"245.000,00 €",199 m²
van Borselelaan 15,Veere,"289.000,00 €",150 m²
Benthuizenstraat 15,Zoetermeer,"1.650.000,00 €",690 m²
Roeklaan 3,Eindhoven,"849.000,00 €",331 m²
Repelsestraat 5,Neerijnen,"850.000,00 €",5.872 m²
Dorpsstraat 40,Bergen (NH),"1.175.000,00 €",880 m²
Stroomrug 19,Cuijk,"1.050.000,00 €",578 m²
Claude Debussystraat 59,Zaandijk,"659.000,00 €",187 m²
Horstlaan 2 a,Almelo,"285.000,00 €",273 m²
Meindert Hobbemastraat 71,Almere,"450.000,00 €",204 m²
Buitenbos 5,Meteren,"685.000,00 €",377 m²
Arkumerhemstraat 5,Sneek,"275.000,00 €",158 m²
Berberislaan 143,Winterswijk,"225.000,00 €",205 m²
Helmpad 2,De Zilk,"429.000,00 €",147 m²
Europa-ring 203,Wierden,"389.000,00 €",335 m²
Raaigras 3,De Goorn,"560.000,00 €",286 m²
Johan van der Poortenlaan 65,Spijkenisse,"500.000,00 €",221 m²
Westersingel 11 a,Burgum,"539.000,00 €",900 m²
In de Mehre 32,Susteren,"499.000,00 €",258 m²
Noordveen 2,Beilen,"499.000,00 €",527 m²
Nettelhorst 65,Ede,"290.000,00 €",112 m²
Veerstraat 1 a,Druten,"695.000,00 €",506 m²
Valkenburgerweg 80,Rijnsburg,"934.000,00 €",505 m²
Ruitjensakker 15,Lieshout,"400.000,00 €",355 m²
Bakemastraat 69,Utrecht,"550.000,00 €",123 m²
Watermolenstraat 8,Westzaan,"400.000,00 €",171 m²
Kruislaan 1 B,Oostvoorne,"1.450.000,00 €",2.290 m²
Kotterstraat 20,Alkmaar,"340.000,00 €",209 m²
Frederik Hendrikstraat 4,Vroomshoop,"719.000,00 €",700 m²
Pasteurlaan 20,Vlijmen,"375.000,00 €",170 m²
Boomgaard 8 a,Koudekerke,"365.000,00 €",243 m²
Zuideinde 188,Westzaan,"850.000,00 €",720 m²
Pachtersveld 113,Apeldoorn,"375.000,00 €",307 m²
Pa Pinkelmanstraat 24,Almere,"943.000,00 €",498 m²
Pijperlaan 60,Zwijndrecht,"395.060,00 €",133 m²
Yukonstraat 2,Spijkenisse,"285.000,00 €",197 m²
Kennemerstraatweg 654,Heiloo,"575.000,00 €",403 m²
Tweede Schoolstraat 5,Gouda,"425.000,00 €",109 m²
Stationsstraat 81,Elsloo (LI),"349.000,00 €",1.150 m²
Robijndijk 153 B,Roosendaal,"1.025.000,00 €",987 m²
Brigantijn 39,Brielle,"350.000,00 €",139 m²
Warande 196,Schiedam,"725.000,00 €",170 m²
Oostmaasstraat 18,Rotterdam,"500.000,00 €",77 m²
Frederik van Eedenplein 31,Heemstede,"1.250.000,00 €",252 m²
Watermunt 13,Meppel,"625.000,00 €",523 m²
Dudokplantsoen 5,Bergschenhoek,"725.000,00 €",210 m²
Da Costastraat 92,Putten,"445.000,00 €",283 m²
Grensvaart 15,Breda,"300.000,00 €",160 m²
Dominicushof 51,Vianen (UT),"425.000,00 €",206 m²
Oosterwijk WZ 71,Nieuw-Dordrecht,"675.000,00 €",1.965 m²
Nieuwstraat 2,Helmond,"259.000,00 €",90 m²
Azuurblauw 73,Zoetermeer,"395.000,00 €",119 m²
Oostercluft 474,Steenwijk,"249.000,00 €",148 m²
Santgors 40,Zuid-Beijerland,"666.666,00 €",510 m²
Zwarteweg 10 a,Noordwijk (ZH),"998.000,00 €",1.195 m²
Burg. Gaarlandtstraat 4,Gorinchem,"330.000,00 €",182 m²
Cornelis Mertenssstraat 28,Utrecht,"465.000,00 €",96 m²
Peperstraat 45,Gouda,"815.000,00 €",451 m²
Gouvernestraat 31,Tiel,"315.000,00 €",139 m²
Prozastraat 25,Gorinchem,"525.000,00 €",295 m²
Van Leuffenpad 15,IJsselstein,"485.000,00 €",137 m²
Van Boshuizenstraat 233,Amsterdam,"850.000,00 €",127 m²
Nieuwe Wei 12,Gapinge,€ 292.125 v.o.n.,142 m²
Maasnielderweg 9,Roermond,"375.000,00 €",618 m²
Prinses Beatrixstraat 20,Arkel,"299.500,00 €",152 m²
Korte Hezeweg 1,Apeldoorn,"475.000,00 €",308 m²
Marterweide 49,Nieuwegein,"550.000,00 €",289 m²
Wilgenbeemd 28,Assen,"269.000,00 €",165 m²
Bachplein 14,Maarssen,"675.000,00 €",333 m²
Dr. Colijnstraat 3,Veenendaal,"485.000,00 €",280 m²
Voorburgstraat 1,Loenersloot,"450.000,00 €",222 m²
Roodkapje 2,Eindhoven,"425.000,00 €",203 m²
Papenstraat 15,Deventer,"825.000,00 €",166 m²
De Vlashoven 18,Noordwijkerhout,"798.000,00 €",624 m²
Murraystraat 21,Pernis Rotterdam,"270.000,00 €",157 m²
Overtonweg 18,Haarlem,"750.000,00 €",133 m²
Chopinstraat 9,Groenlo,"435.000,00 €",431 m²
Bourgondischelaan 23,Amstelveen,"985.000,00 €",145 m²
Duval Slothouwerstraat 50,Doetinchem,"275.000,00 €",158 m²
Dokter Hiemstralaan 108,Gorinchem,"350.000,00 €",217 m²
de Bergkamp 6,Overloon,"550.000,00 €",593 m²
Dijkstraat 43,Brielle,"479.000,00 €",103 m²
Langestraat 10,Braamt,"465.000,00 €",648 m²
Baak van Terneuzen 35,Amersfoort,"619.000,00 €",116 m²
Duivenvoorde 38,Amstelveen,"695.000,00 €",135 m²
Kruizemuntstraat 53,Apeldoorn,"300.000,00 €",167 m²
Kayersdijk 88,Apeldoorn,"315.000,00 €",249 m²
Ilpendamstraat 12,Zaandam,"470.000,00 €",128 m²
Laan van Broekpolder 126,Beverwijk,"400.000,00 €",93 m²
Valklaan 12,Eindhoven,"799.000,00 €",332 m²
Vliervlinder 2,Diemen,"650.000,00 €",131 m²
Joke Smitlaan 116,Voorschoten,"450.000,00 €",120 m²
Haagdoornstraat 48,Arnhem,"275.000,00 €",118 m²
Laan van Mariëndael 4,Sint-Oedenrode,"489.000,00 €",219 m²
Regimentslaan 32,Zuidlaren,"395.000,00 €",235 m²
Vlaanderenlaan 47,Nunspeet,"499.000,00 €",272 m²
Laan van Koot 1,Wassenaar,"1.145.000,00 €",422 m²
Finsterwoldepad 76,Arnhem,"290.000,00 €",165 m²
Kolibrievlinder 13,Utrecht,"550.000,00 €",135 m²
Purmerland 81 A,Purmerland,"985.000,00 €",935 m²
Hofhooistraat 14,Dreumel,"367.500,00 €",220 m²
Hagenweg 4,Beekbergen,"700.000,00 €",594 m²
Regenwulpstraat 4,Zierikzee,"625.000,00 €",566 m²
Stationsstraat 83,Elsloo (LI),"149.000,00 €",40 m²
Burgemeester Nieuwenhuijsenstraat 54,Limmen,"550.000,00 €",423 m²
Kalmoes 11,Berlicum,"595.000,00 €",250 m²
Smidstraat 16,Ederveen,"650.000,00 €",340 m²
Hegdambroek 1509,Nijmegen,"298.000,00 €",148 m²
Thorbeckelaan 6,Etten-Leur,"459.000,00 €",250 m²
Saltshof 2034,Wijchen,"375.000,00 €",235 m²
Ambachtstraat 62,Hillegom,"419.000,00 €",151 m²
De Lipizzaner 26,Dronten,"389.500,00 €",299 m²
Marconihof 15,Beverwijk,"495.000,00 €",224 m²
Mandenmakerstraat 1,Purmerend,"325.000,00 €",159 m²
Anjelierstraat 19,Leeuwarden,"217.500,00 €",142 m²
Kandelaarweg 91,Rotterdam,"400.000,00 €",51 m²
Dr. J.J.P. Oudsingel 60,Rotterdam,"399.000,00 €",140 m²
Gladiolenlaan 7,Bennebroek,"500.000,00 €",127 m²
Boshuysenstraat 26,Katwijk (ZH),"385.000,00 €",105 m²
Schoolstraat 6,Vrouwenpolder,"999.000,00 €",666 m²
Schoollaan 5,Limmen,"1.200.000,00 €",1.754 m²
Banakkerstraat 48,Etten-Leur,"285.000,00 €",205 m²
Vinkenlaan 37,Noordwijk (ZH),"849.000,00 €",225 m²
Bruggertstraat 263,Enschede,"250.000,00 €",235 m²
Engelsbergenstraat 79,Eindhoven,"1.050.000,00 €",467 m²
Douzastraat 24,Noordwijk (ZH),"425.000,00 €",76 m²
Borgersstraat 2,Duiven,"695.000,00 €",573 m²
Kennemerstraatweg 328,Heiloo,"895.000,00 €",545 m²
Tulastraat 11,Rotterdam,"675.000,00 €",111 m²
Boekweitstrjitte 68,Harkema,"250.000,00 €",262 m²
Grensstraat 31,Beverwijk,"250.000,00 €",50 m²
Bilderdijkstraat 12,Zwolle,"375.000,00 €",122 m²
Korte Bergweg 37,Huis ter Heide (UT),"895.000,00 €",391 m²
Dr Berlagelaan 15 m,Eindhoven,"375.000,00 €",137 m²
Vivaldihof 26,Aalsmeer,"360.000,00 €",101 m²
Laan van Zuidbroek 89,Apeldoorn,"950.000,00 €",541 m²
Florastraat 34,Boven-Leeuwen,"675.000,00 €",800 m²
Vrachelsestraat 36,Den Hout,"925.000,00 €",2.225 m²
Blauwe Hoek 60 c,Doornenburg,"650.000,00 €",1.280 m²
Baarsveen 215,Spijkenisse,"289.900,00 €",116 m²
Stoofdijk 9,Dinteloord,"325.000,00 €",385 m²
Beerze 72,Wijk bij Duurstede,"389.000,00 €",232 m²
Cauwelaerseweg 23,Ulvenhout (Gem. Alphen-Chaam),"1.200.000,00 €",3.477 m²
Schippersdonk 8,Breda,"300.000,00 €",184 m²
Straussstraat 16,Lichtenvoorde,"269.000,00 €",223 m²
Eeuwig Licht 95,Eindhoven,"599.000,00 €",527 m²
Vogelkersgaarde 2,Gouda,"779.000,00 €",420 m²
Lindenlaan 31,Lisse,"450.000,00 €",158 m²
Nijverheidslaan 6,Musselkanaal,"345.000,00 €",536 m²
Onder de Linden 42,Zevenaar,"279.000,00 €",160 m²
Sittardstraat 35,Arnhem,"275.000,00 €",161 m²
Kluinweideweg 1,Vaassen,"1.000.000,00 €",19.812 m²
Sportlaan 40,Werkendam,"490.000,00 €",596 m²
Schapendrift 3 a,Norg,"1.095.000,00 €",975 m²
Gestelsestraat 129,Eindhoven,"550.000,00 €",176 m²
Willem de Rijkelaan 41,Vught,"600.000,00 €",124 m²
Lijsterbeslaan 25,Hillegom,"395.000,00 €",110 m²
De Koolmees 17,Vriezenveen,"375.000,00 €",309 m²
Flamingostraat 15,Wijchen,"307.500,00 €",149 m²
Saturnusstraat 41,Sint Nicolaasga,"239.000,00 €",162 m²
Klipperstraat 39,Zaandam,"449.000,00 €",117 m²
Julianaweg 5,Wassenaar,"2.475.000,00 €",1.590 m²
Rundezoom 21,Ter Apel,"677.000,00 €",852 m²
Hofmuur 13,Houten,"475.000,00 €",141 m²
Marterstraat 10,Bergen (LI),"239.000,00 €",230 m²
Salamanderweide 22,Pijnacker,"535.000,00 €",127 m²
Teugelaan 21,Schoorl,"1.995.000,00 €",1.173 m²
Middenhoek 24,Loenen aan de Vecht,"489.000,00 €",307 m²
Smaragd 11,Anna Paulowna,"300.000,00 €",144 m²
Izaäk Evertslaan 4,Arnhem,"985.000,00 €",553 m²
Floraplein 6,Eindhoven,"700.000,00 €",199 m²
Kruislandstraat 7,Haaksbergen,"385.000,00 €",558 m²
Badhuisstraat 30,Bergambacht,"419.000,00 €",303 m²
Van der Maasstraat 1,Zoetermeer,"450.000,00 €",127 m²
Frits Diepenlaan 14,Den Haag,"625.000,00 €",263 m²
Loeffstraat 54,Waalwijk,"715.000,00 €",491 m²
Christinalaan 3,Soest,"450.000,00 €",181 m²
Emmastraat 3,Weesp,"469.000,00 €",67 m²
Kromme Nieuwstraat 16,Oost-Souburg,"234.000,00 €",180 m²
Wethouder Verrietstraat 80,Ooij,"315.000,00 €",145 m²
Hof van Brussel 5,Doetinchem,"269.000,00 €",132 m²
Elsweg 48,Apeldoorn,"367.500,00 €",179 m²
Burg Kerssemakersstraat 38,Raalte,"595.000,00 €",535 m²
Verlengde Bonedijkestraat 342,Vlissingen,"325.000,00 €",321 m²
Boomstede 85,Maarssen,"415.000,00 €",148 m²
Rozenstraat 28,Giesbeek,"245.000,00 €",137 m²
Stetse 11,Grootebroek,"295.000,00 €",152 m²
Glashorst 41,Scherpenzeel (GE),"535.000,00 €",447 m²
Zweosplein 10,Herkingen,"385.000,00 €",335 m²
Lage Witsiebaan 88,Tilburg,"290.000,00 €",162 m²
Stadhouderserf 4,Hoevelaken,"389.000,00 €",168 m²
Nijbrecht 6,Vledder,"385.000,00 €",300 m²
Zuiderhaven 43,Harlingen,"697.500,00 €",140 m²
Pastoor Kannelaan 23,Wilnis,"450.000,00 €",164 m²
Annette Versluys-Poelmanstraat 14,Spijkenisse,"450.000,00 €",209 m²
Jan Porcellisstraat 12,Boxmeer,"325.000,00 €",420 m²
Griekenlandstraat 35,Bergen op Zoom,"255.000,00 €",122 m²
Korensingel 9,'s-Heerenberg,"695.000,00 €",740 m²
Genoenhuizerweg 3,Geldrop,"1.089.000,00 €",968 m²
Lange Hofstraat 8,Zutphen,"695.000,00 €",140 m²
Lammertsweg 45,Enschede,"575.000,00 €",885 m²
Rondedans 2,Zuilichem,"675.000,00 €",728 m²
Molenlaan 82 B,Honselersdijk,"1.050.000,00 €",1.380 m²
Schoener 116,Amstelveen,"650.000,00 €",146 m²
Hessenweg 253,Achterveld (UT),"1.000.000,00 €",1.775 m²
Wolvenring 16,Breda,"300.000,00 €",144 m²
Deurningerstraat 22,Hengelo (OV),"270.000,00 €",173 m²
Lange Dreef 22,Veenendaal,"385.000,00 €",145 m²
Heintje Davidspad 57,Zaandam,"400.000,00 €",127 m²
den Bruijl 9,Velp (GE),"895.000,00 €",890 m²
Herikebrink 50,Enschede,"250.000,00 €",172 m²
Karel Doormanstraat 13,Den Bosch,"480.000,00 €",423 m²
Koelgoorn 44,Diever,"350.000,00 €",240 m²
Spoorlaan 28,Veenendaal,"485.000,00 €",197 m²
Neptunus 59,Wijk bij Duurstede,"498.000,00 €",150 m²
Roosje Vosstraat 71,Heemskerk,"325.000,00 €",133 m²
Kampweg 9,Cothen,"700.000,00 €",367 m²
Lithse Dijk 112,Lith,"550.000,00 €",3.796 m²
Dr. Albert Schweitzerlaan 20,Benthuizen,"430.000,00 €",151 m²
Sloetsweg 127,Hengelo (OV),"295.000,00 €",209 m²
Geelvinckstraat 34,Castricum,"600.000,00 €",350 m²
Oostzijde 200 D,Zaandam,"480.000,00 €",112 m²
Schoolstraat 20,Oisterwijk,"698.000,00 €",262 m²
Veldbloemenweg 137,Zaandam,"375.000,00 €",182 m²
Bisschop Schrijnenplein 1,Roermond,"775.000,00 €",673 m²
Vondellaan 23,Eindhoven,"1.078.000,00 €",361 m²
Oostvierdeparten 1,Noordwolde (FR),"495.000,00 €",8.170 m²
Westrikse Binnenweg 49,Prinsenbeek,"525.000,00 €",152 m²
Mauritssingel 144,Leiderdorp,"500.000,00 €",269 m²
Waag 44,Wijk bij Duurstede,"575.000,00 €",265 m²
Tuinstraat 59,Zaandam,"450.000,00 €",141 m²
Bertus Rimaweg 6,Den Haag,"1.069.000,00 €",641 m²
Straatweg 153,Breukelen,"950.000,00 €",414 m²
Rivierdijk 590,Hardinxveld-Giessendam,"285.000,00 €",200 m²
Langestraat 77,Zaandam,"350.000,00 €",129 m²
Vijverlaan 37,Arnhem,"425.000,00 €",127 m²
Gerard Honthorststraat 12,Boxmeer,"295.000,00 €",168 m²
Bisschopshof 3,Zevenbergen,"489.000,00 €",450 m²
Zeedijk 13 a,Oudenhoorn,"1.075.000,00 €",1.604 m²
Eikenlaan 13,Udenhout,"350.000,00 €",325 m²
Bourgondischelaan 17,Amstelveen,"875.000,00 €",161 m²
Pastoor Siebenstraat 6,Sint Odiliënberg,"350.000,00 €",340 m²
Dragsholm 13,Hoofddorp,"675.000,00 €",298 m²
Groen van Prinstererstraat 75,Vlaardingen,"265.000,00 €",70 m²
Oud-Bodegraafseweg 51,Bodegraven,"250.000,00 €",121 m²
Voorstraat 127,Stellendam,"575.000,00 €",410 m²
Schietbaanweg 29,Enschede,"234.000,00 €",208 m²
Harsseveldhoek 31,Enschede,"250.000,00 €",126 m²
Populierenweg 14,Oudorp,"425.000,00 €",164 m²
St. Crispijnstraat 128,Waalwijk,"265.000,00 €",107 m²
Grutterijstraat 85,'s Gravenmoer,"289.000,00 €",141 m²
Reigerstraat 31,Zaandam,"225.000,00 €",113 m²
Laakse Oever 41,Zutphen,"428.000,00 €",272 m²
Burgemeester Meijboomstraat 21,Rijnsburg,"750.000,00 €",315 m²
Sneeuwroem 15,Twello,"1.100.000,00 €",677 m²
Schotse Hooglandersstraat 61,Waspik,"475.000,00 €",430 m²
Monnickskamp 23,Huizen,"455.000,00 €",196 m²
Molenstraat 12,Berkel-Enschot,"645.000,00 €",465 m²
Hoeveweg 9,Neede,"275.000,00 €",330 m²
Balistraat 29,Enschede,"389.000,00 €",208 m²
Norgerveste 3,Nieuwegein,"595.000,00 €",290 m²
De Moesmate 251,Zutphen,"300.000,00 €",269 m²
Heemsteedse Dreef 156,Heemstede,"2.250.000,00 €",795 m²
Voorstraat 36,Woudenberg,"485.000,00 €",163 m²
van Bergen IJzendoornpark 29,Gouda,"1.650.000,00 €",1.575 m²
Roemer Visscherstraat 12,Almere,"475.000,00 €",177 m²
Rondo 314,Sliedrecht,"625.000,00 €",208 m²
Karel de Grotestraat 15,Wijk bij Duurstede,"350.000,00 €",150 m²
Mauvestraat 9,Zaandam,"365.000,00 €",119 m²
Kruilier 13,Oosterhout (NB),"585.000,00 €",342 m²
Lekstraat 31,Spijkenisse,"300.000,00 €",174 m²
Zutphenseweg 108,Eefde,"475.000,00 €",672 m²
Weerhaan 22,Middelburg,"365.000,00 €",238 m²
Collierstraat 51,Almere,"525.000,00 €",223 m²
Stationsstraat 23,Elst (GE),"1.050.000,00 €",616 m²
Altbroek 20,Zevenaar,"325.000,00 €",258 m²
Perzikgaarde 21,Nieuwegein,"415.000,00 €",129 m²
Carel Fabritiuslaan 4,Oegstgeest,"565.000,00 €",163 m²
Kerkstraat 8,'s-Heerenberg,"400.000,00 €",149 m²
Hudson 46,Den Haag,"335.000,00 €",52 m²
Creutzberglaan 39,Beverwijk,"575.000,00 €",313 m²
Dorpsstraat 9,Peins,"235.000,00 €",713 m²
Lijsterbesstraat 38,Zuid-Beijerland,"375.000,00 €",145 m²
Zigt 2,Warmenhuizen,"525.000,00 €",289 m²
Orchideelaan 31,De Kwakel,"375.000,00 €",164 m²
Rijnsburgerweg 72 A &B,Oegstgeest,"950.000,00 €",720 m²
't Stort 14,Sliedrecht,"349.000,00 €",128 m²
Penninghove 18,Zoetermeer,"485.000,00 €",133 m²
Triangelstraat 37,Eindhoven,"595.000,00 €",241 m²
Ramen 21,Alkmaar,"350.000,00 €",87 m²
Graaf Floris 2 a,Huizen,"442.500,00 €",159 m²
Zoete Brederodepad 5,Hoef en Haag,"525.000,00 €",138 m²
Torenakker 57,Ruinen (Gem. De Wolden),"425.000,00 €",522 m²
Sodawater 40,Houten,"615.000,00 €",116 m²
Dotterbloem 6,Breda,"995.000,00 €",818 m²
Laan van de Highlanders 39,Zutphen,"775.000,00 €",502 m²
Luxemburglaan 53,Eindhoven,"425.000,00 €",259 m²
Valkenweg 146,Apeldoorn,"375.000,00 €",250 m²
Vreebergen 10,Assen,"625.000,00 €",897 m²
Madeliefweide 74,Woerden,"369.500,00 €",149 m²
Merwede 7,Heerhugowaard,"265.000,00 €",153 m²
De Ontvangst 44,Apeldoorn,"385.000,00 €",115 m²
Prins Hendriklaan 11,Brunssum,"285.000,00 €",246 m²
B.G. Ruitenbeekerf 103,Nijkerkerveen,"650.000,00 €",280 m²
Scheidingsweg 46,Roermond,"298.000,00 €",318 m²
Enschedepad 31,Almere,"385.000,00 €",110 m²
Groeningsestraat 25,Groeningen,"475.000,00 €",531 m²
Sterkenburg 29,IJsselstein,"375.000,00 €",127 m²
Purmerenderweg 198,Zuidoostbeemster,"650.000,00 €",478 m²
Stentorstraat 37,Amsterdam,"575.000,00 €",144 m²
Zwanenveld 2311,Nijmegen,"225.000,00 €",252 m²
Eikelkamp 37,Epe,"275.000,00 €",151 m²
Margrietlaan 33,Voorthuizen,"1.100.000,00 €",1.298 m²
Wilgenlaan 12,Harderwijk,"500.000,00 €",278 m²
Oude Bergerweg 52,Bergen (NH),"849.000,00 €",313 m²
Hollandshof 24,Bodegraven,"275.000,00 €",137 m²
Mauvekant 61,Nunspeet,"317.500,00 €",115 m²
Nootdorpse Landingslaan 354,Den Haag,"600.000,00 €",161 m²
Gerard Doustraat 4,Twello,"625.000,00 €",210 m²
Vuurlijn 42,De Kwakel,"1.695.000,00 €",1.164 m²
Julianastraat 8,Huissen,"449.000,00 €",495 m²
Stricklaan 1,Heesch,"500.000,00 €",443 m²
Veursestraatweg 48,Leidschendam,"1.295.000,00 €",840 m²
Raaphorstlaan 71,Den Haag,"515.000,00 €",120 m²
Grevenmacherhof 4,Eindhoven,"425.000,00 €",131 m²
Marsstraat 32,Culemborg,"625.000,00 €",328 m²
Oude Groenestraat 6 30,Oosterhout (GE),"329.000,00 €",338 m²
Poelweg 24,Warmond,"2.895.000,00 €",1.039 m²
Appelhof 20,Molenhoek,"300.000,00 €",240 m²
Clara Wichmannstraat 76,Ridderkerk,"425.000,00 €",134 m²
de Kroeskarper 38,Bergschenhoek,"950.000,00 €",420 m²
Tolhûswei 40,Leeuwarden,"469.500,00 €",280 m²
Cornelis Doetsstraat 5,Edam,"525.000,00 €",189 m²
Groeneweg 5 A,Weesp,"650.000,00 €",125 m²
Capelleweer 3,Hardinxveld-Giessendam,"315.000,00 €",144 m²
Goodeslaan 14,Heiloo,"400.000,00 €",163 m²
van Limburg Styrumstraat 25,Borculo,"320.000,00 €",360 m²
Francisca Hoeve 41,Gouda,"350.000,00 €",132 m²
Oostwal 27 a,Ootmarsum,"285.000,00 €",212 m²
Arenberglaan 198,Breda,"375.000,00 €",158 m²
Braamlanden 102,Enschede,"230.000,00 €",140 m²
Spoorlaan 1,Heiloo,"725.000,00 €",549 m²
Cingelwal 34,Wehl,"340.000,00 €",528 m²
Adriaan Roggestraat 11,Zaandam,"250.000,00 €",113 m²
Fuga 10,Oss,"350.000,00 €",86 m²
Singel 246,Vlissingen,"270.000,00 €",89 m²
Goudslagersgaarde 15,Den Haag,"425.500,00 €",45 m²
De Veste 17,Heemskerk,"775.000,00 €",385 m²
Swaalingestraat 59,Zoutelande,"439.000,00 €",241 m²
Sint Barbarastraat 19,Vlijmen,"425.000,00 €",288 m²
Kleibroek 10,Castricum,"650.000,00 €",298 m²
Karel Doormanplein 12,Roermond,"357.500,00 €",410 m²
Burgemeester H.J. Wichersstraat 1,Winschoten,"699.500,00 €",570 m²
Harderwijkerweg 37,Harskamp,Prijs op aanvraag,120.615 m²
De Linie 12,Gorinchem,"425.000,00 €",119 m²
Moerdijkse Postbaan 23,Breda,"450.000,00 €",750 m²
Eikklop 9,Oldemarkt,"459.500,00 €",357 m²
Da Palestrinastraat 69,Purmerend,"400.000,00 €",146 m²
Lorentzweg 109,Hilversum,"525.000,00 €",132 m²
Buurtscheuterlaan 103,Ede,"395.000,00 €",230 m²
Van Swindenstraat 61,Schiedam,"425.000,00 €",75 m²
Baanakker 9,De Rijp,"795.000,00 €",384 m²
Vuurvlindersingel 90,Utrecht,"695.000,00 €",127 m²
Beethovensingel 188,Alkmaar,"495.000,00 €",209 m²
Kerkstraat 233,Oostzaan,"489.011,00 €",167 m²
Vlaardingenweg 847,Arnhem,"400.000,00 €",212 m²
Caliskamp 18,Laren (NH),"900.000,00 €",367 m²
Maandenweg 5,Almere,"875.000,00 €",796 m²
Van Goorstraat 24,Tilburg,"295.000,00 €",125 m²
Aan de Heerstraat 30,Westerhoven,"429.000,00 €",219 m²
Voor-Oventje 30,Zeeland,"669.000,00 €",950 m²
De Wolfshop 50,Heerhugowaard,"625.000,00 €",367 m²
Bredalaan 113,Eindhoven,"475.000,00 €",147 m²
Nieuwenhoornstraat 113,Rotterdam,"489.000,00 €",119 m²
Cuyleborg 244,Maastricht,"299.000,00 €",132 m²
Sint Anthonisdijk 3,Rijkevoort,"375.000,00 €",604 m²
Adelaarstraat 52,Nispen,"450.000,00 €",371 m²
Veldweg 41,Westzaan,"389.500,00 €",289 m²
Merlijnshof 27,Prinsenbeek,"375.000,00 €",141 m²
Dr Johan Picardtlaan 26,Rolde,"375.000,00 €",423 m²
Jasmijnstraat 2,Nuenen,"375.000,00 €",181 m²
Ringbaan-West 141,Tilburg,"450.000,00 €",184 m²
Biezenveld 3,Meppel,"400.000,00 €",235 m²
Koolweg 32,Elsloo (LI),"310.000,00 €",585 m²
Voorende 31,Gorssel,"525.000,00 €",303 m²
Incastraat 61,Purmerend,"495.000,00 €",168 m²
Zebraspoor 424,Maarssen,"325.000,00 €",197 m²
Rozenbos 2,Rheden,"1.375.000,00 €",1.550 m²
Van Speyklaan 25,Harderwijk,"450.000,00 €",271 m²
De Brink 44,Hardenberg,"469.000,00 €",330 m²
Litslaan 37,Santpoort-Zuid,"750.000,00 €",219 m²
Steigerdijk 127,Heerhugowaard,"350.000,00 €",100 m²
Beethovenstraat 23,Haarlem,"695.000,00 €",140 m²
Jachtlaan 285,Apeldoorn,"375.000,00 €",285 m²
Liekendonk 7,Heeswijk-Dinther,"1.225.000,00 €",1.089 m²
Elementen 77,Zeewolde,"525.000,00 €",254 m²
Haarstraat 17,Weerselo,"789.000,00 €",1.350 m²
Fransebaan 528,Eindhoven,"425.000,00 €",192 m²
Augustuslaan 55,Beuningen (GE),"439.500,00 €",241 m²
Langbroekerdijk B 27,Langbroek,"1.250.000,00 €",4.790 m²
Ootmarsumsestraat 495,Almelo,"395.000,00 €",386 m²
Nikestraat 3,Almere,"875.000,00 €",222 m²
Kuunskop 49,Huissen,"665.000,00 €",702 m²
Aalscholver 35,Papendrecht,"470.000,00 €",194 m²
De Maasvallei 50,Oss,"399.500,00 €",95 m²
Vervoornstraat 38,Putten,"425.000,00 €",244 m²
Nassauhof 81,Terborg,"259.000,00 €",130 m²
Margrietlaan 3,Zwartewaal,"285.000,00 €",158 m²
de Marsjes 2,Hellendoorn,"559.000,00 €",486 m²
Korteweide 174,Zuid-Scharwoude,"350.000,00 €",148 m²
Baak van Ouddorp 16,Amersfoort,"525.000,00 €",132 m²
Dordognestraat 6,Heemskerk,"350.000,00 €",137 m²
Marconihof 1,Beverwijk,"350.000,00 €",162 m²
Zoetemanring 2,Zuidland,"460.000,00 €",201 m²
Geuldal 11,Capelle aan den IJssel,"415.000,00 €",161 m²
Schout van Haestrechtsingel 104,Den Bosch,"575.000,00 €",247 m²
Lobeliastraat 28,Arnhem,"339.000,00 €",74 m²
Amiant 6,Leusden,"391.000,00 €",180 m²
Texellaan 29,Son en Breugel,"525.000,00 €",290 m²
Andes 6,Assendelft,"649.500,00 €",225 m²
Tjalk 13 47,Lelystad,"325.000,00 €",158 m²
Bremhoeven 10,Rosmalen,"719.000,00 €",501 m²
Van Rootselaarstraat 5 d,Nijkerkerveen,"450.000,00 €",134 m²
Gebr. Conijnstraat 6,Purmerend,"425.000,00 €",352 m²
De Oude Munt 111,Amersfoort,"425.000,00 €",115 m²
Appelternhof 10,Malden,"375.000,00 €",227 m²
Parallelweg 19,Apeldoorn,"298.500,00 €",168 m²
Raadhuisstraat 58 c,Nijkerk,"510.000,00 €",221 m²
Harpdreef 59,Etten-Leur,"319.000,00 €",137 m²
Zambezilaan 258,Purmerend,"525.000,00 €",160 m²
Keienberg 21,Amersfoort,"485.000,00 €",187 m²
Constantijn Huygensstraat 8,Gouda,"265.000,00 €",67 m²
Dag Hammarskjöldlaan 9,Castricum,"497.500,00 €",196 m²
Trommelstraat 61,Almere,"350.000,00 €",155 m²
Rustenburgsweg 68,Oldebroek,"619.000,00 €",671 m²
Waalstraat 68,Apeldoorn,"499.500,00 €",266 m²
Harlingerweg 59,Franeker,"325.000,00 €",330 m²
Tjalk 30 73,Lelystad,"389.500,00 €",290 m²
Blauwedijk 11,Middelburg,"410.000,00 €",248 m²
Bankraspad 14,Amstelveen,"540.000,00 €",98 m²
Kooienswater 37,Zoetermeer,"350.000,00 €",110 m²
Oude Haarlemmerweg 42,Castricum,"450.000,00 €",166 m²
Schoutsweer 12,Sliedrecht,"325.000,00 €",124 m²
Amersfoortseweg 28 A,Maarn,"775.000,00 €",360 m²
Papaverstraat 23,Purmerend,"300.000,00 €",165 m²
Pauwenlaan 34,Den Haag,"1.100.000,00 €",230 m²
Amsteldijk Zuid 182,Amstelveen,"2.250.000,00 €",1.970 m²
Rijnsburgerweg 4 514,Voorhout,"525.000,00 €",267 m²
Tjalk 6,Capelle aan den IJssel,"699.000,00 €",149 m²
de Doelderstraat 11,Terneuzen,"239.000,00 €",136 m²
Hakselseweg 75,Ede,"559.000,00 €",408 m²
Binnenvaart 21,Arnhem,"395.000,00 €",69 m²
Jelgersmastraat 13,Haarlem,"895.000,00 €",117 m²
Graaf Floris 58,Huizen,"580.000,00 €",288 m²
Weteringweg 13,Nijmegen,"325.000,00 €",162 m²
Parklaan 79,Hoofddorp,"749.000,00 €",295 m²
Koeweide 41,Westervoort,"269.500,00 €",154 m²
Meloenstraat 8,Nijmegen,"447.500,00 €",238 m²
Van Leeuwenstraat 18,IJmuiden,"300.000,00 €",73 m²
Lavendelstraat 38,Almelo,"299.000,00 €",226 m²
Louise de Colignystraat 29,Castricum,"415.000,00 €",141 m²
Taurusstraat 16,Spijkenisse,"275.000,00 €",154 m²
Kerklaan 59,Wateringen,"539.000,00 €",286 m²
Willem-Alexanderlaan 2,Haastrecht,"389.000,00 €",189 m²
Uilevlucht 10,Heerenveen,"700.000,00 €",918 m²
Meerkoetstraat 1,Beneden-Leeuwen,"400.000,00 €",195 m²
Copepad 16,Alphen aan den Rijn,"465.000,00 €",157 m²
Oudekerkpad 3,Broek op Langedijk,"695.000,00 €",726 m²
Vechtstraat 1,Assen,"400.000,00 €",453 m²
Goudenregenstraat 32,Tilburg,"325.000,00 €",240 m²
Paulinapolder 58,Amersfoort,"670.000,00 €",175 m²
Sterrebos 16,Hooglanderveen,"795.000,00 €",314 m²
Hertenlaan 58,Lunteren,"725.000,00 €",267 m²
Tulpstraat 19,Goes,"350.000,00 €",229 m²
Jan Steenstraat 8,Sliedrecht,"275.000,00 €",128 m²
Kievitsweer 1,Groot-Ammers,"399.000,00 €",339 m²
Ericalaan 4,Leiderdorp,"595.000,00 €",160 m²
De Ruyterstraat 24,Rotterdam,"875.000,00 €",86 m²
Javastraat 62,Haarlem,"445.000,00 €",83 m²
Kamperzeedijk 75,Genemuiden,"487.500,00 €",361 m²
Winterkoninkje 75,Hoorn (NH),"300.000,00 €",133 m²
Vossendijk 106,Nijmegen,"395.000,00 €",245 m²
Bernard Zweerslaan 1,Voorschoten,"675.000,00 €",322 m²
Landbuurt 40,Leeuwarden,"237.500,00 €",154 m²
Jan van Mierlolaan 10,Amstelveen,"595.000,00 €",139 m²
Wittebollestraat 57,Tilburg,"325.000,00 €",99 m²
Irenestraat 3,Veendam,"225.000,00 €",234 m²
Singel 34,Wijk bij Duurstede,"375.000,00 €",84 m²
IJssel 23,Zaandam,"825.000,00 €",528 m²
Hellendoornseweg 7,Mariënheem,"450.000,00 €",405 m²
Prins Hendrikweg 28,Barneveld,"595.000,00 €",548 m²
Claudiuslaan 42,De Meern,"750.000,00 €",209 m²
Groeneweg 4,Mijnsheerenland,"1.085.000,00 €",1.040 m²
Oranjelaan 4,Etten-Leur,"550.000,00 €",257 m²
Julianaweg 79,Utrecht,"500.000,00 €",127 m²
Crabethstraat 45,Gouda,"1.150.000,00 €",257 m²
Wakerdijk 10,Purmerend,"389.500,00 €",139 m²
Vloedlijn 11,Hoogvliet Rotterdam,"295.000,00 €",120 m²
Lageveen 2,Zuidwolde (DR),"700.000,00 €",2.067 m²
Arturo Toscaninistraat 59,Almere,"540.000,00 €",185 m²
Valburgseweg 117,Elst (GE),"575.000,00 €",268 m²
In het Want 8,Enkhuizen,"375.000,00 €",151 m²
Korenbloemstraat 9,Alkmaar,"275.000,00 €",62 m²
Stormerdijkstraat 13,Nieuwegein,"310.000,00 €",162 m²
Karnweide 33,Nieuwegein,"390.000,00 €",137 m²
Koningsvarenstraat 23,Wormer,"350.000,00 €",156 m²
het Witte Zand 41,Overdinkel,"425.000,00 €",397 m²
Hazelaar 120,Liessel,"369.000,00 €",355 m²
De Trippen 16,Swifterbant,"379.500,00 €",333 m²
Heiligenbergerweg 11,Leusden,"1.150.000,00 €",8.300 m²
van Alcmaerlaan 3,Hoogmade,"400.000,00 €",116 m²
Koraal 38,Katwijk (ZH),"429.000,00 €",123 m²
Zevenbergenstraat 4,Eindhoven,"350.000,00 €",135 m²
Plantage 2,Leiden,"1.275.000,00 €",220 m²
Kievit 50,Rijssen,"449.000,00 €",223 m²
Prickwaert 168,Sliedrecht,"339.500,00 €",153 m²
Conradstraat 4,Hengelo (OV),"295.000,00 €",190 m²
Namenstraat 13,Haarlem,"375.000,00 €",146 m²
Sikkelstraat 4,Purmerend,"350.000,00 €",108 m²
Verlaat 22,Heerhugowaard,"575.000,00 €",758 m²
Voornhof 79,Voorhout,"575.000,00 €",163 m²
Zoelensestraat 35,Kapel Avezaath (Gem. Tiel),"1.495.000,00 €",3.370 m²
Cornelia Wilbrenninckstraat 22,Rotterdam,"485.000,00 €",115 m²
Bloemenstraat 66,Milsbeek,"450.000,00 €",720 m²
Sont 5,Zaandam,"600.000,00 €",80 m²
Roggeweg 39,Elspeet,"449.000,00 €",252 m²
van Duivenvoordestraat 30,Rijen,"350.000,00 €",218 m²
Nieuwe Vlissingseweg 438,Middelburg,"395.000,00 €",289 m²
Esdoornstraat 20,Steenbergen (NB),"385.000,00 €",265 m²
Rembrandtlaan 32,Sprang-Capelle,"320.000,00 €",205 m²
Bachlaan 12,Voorthuizen,"400.000,00 €",203 m²
Gerberalaan 40,De Kwakel,"489.000,00 €",246 m²
Meanderhof 109,Middelburg,"225.000,00 €",142 m²
Burgemeester Haspelslaan 188,Amstelveen,"925.000,00 €",146 m²
Schlatmaeckerstraat 26,Nijmegen,"535.000,00 €",314 m²
Bredestraat 41,Huissen,"275.000,00 €",183 m²
Aletta Jacobsstraat 64,Assendelft,"405.000,00 €",120 m²
Kanaalmuur 4,Houten,"579.000,00 €",143 m²
Chamonixlaan 208,Eindhoven,"390.000,00 €",172 m²
Junostraat 30,Alphen aan den Rijn,"350.000,00 €",130 m²
Australiëlaan 29,Alphen aan den Rijn,"450.000,00 €",1.083 m²
Rijksweg 53,Smilde,"1.295.000,00 €",20.000 m²
Postelkamp 3,Druten,"325.000,00 €",203 m²
Molièrelaan 31,Eindhoven,"419.000,00 €",148 m²
Kaspischestraat 6,Emmeloord,"315.000,00 €",320 m²
Beemsterstraat 569,Amsterdam,"795.000,00 €",381 m²
IJsvogelhof 20,Den Haag,"445.000,00 €",116 m²
Oostzeestraat 206,Lelystad,"285.000,00 €",136 m²
Rhienderinklaan 12,Warnsveld,"925.000,00 €",1.090 m²
Ardennenlaan 14,Oldenzaal,"319.000,00 €",140 m²
Schervenkreek 2,Spijkenisse,"325.000,00 €",129 m²
De Hoeven 33,Druten,"395.000,00 €",289 m²
Vinkenweg 52,Rijnsburg,"1.695.000,00 €",2.060 m²
Nieuwmoerseweg 34,Achtmaal,"1.365.000,00 €",28.470 m²
Pronkmos 15,Houten,"550.000,00 €",181 m²
Landlust 11,Hoofddorp,"799.000,00 €",180 m²
Hamersveldseweg 15,Leusden,"1.700.000,00 €",1.620 m²
Darthuizerberg 19,Amersfoort,"779.000,00 €",287 m²
De Markerichter 1,Borculo,"460.000,00 €",360 m²
Larikslaan 8,Rhenen,"379.000,00 €",144 m²
Prinsengracht 757,Amsterdam,"3.995.000,00 €",214 m²
Hoogewoud 76,Zwaag,"250.000,00 €",146 m²
Vogelenzangseweg 14 a,Hagestein,"800.000,00 €",580 m²
Ardèchelaan 14,Eindhoven,"511.000,00 €",311 m²
Bieslook 29,Uithoorn,"380.000,00 €",190 m²
Soesterberghof 48,Nootdorp,"450.000,00 €",117 m²
Hoeveveld 23,Molenhoek,"895.000,00 €",1.265 m²
Dorpstraat 63,Echt,"459.000,00 €",770 m²
Callenbachstraat 21,Nijkerk,"995.000,00 €",850 m²
Workumstraat 11,Emmeloord,"249.000,00 €",228 m²
Kinselmeer 2,Zaandam,"400.000,00 €",119 m²
Jan de Jongstraat 2,Den Helder,"570.000,00 €",801 m²
Kruiskamp 11,Swalmen,"625.000,00 €",6.830 m²
Zandweg 18,Burgh-Haamstede,"995.000,00 €",1.818 m²
de Gildekamp 5031,Nijmegen,"350.000,00 €",280 m²
Van der Grondenmarke 34,Zwolle,"325.000,00 €",127 m²
Kanaal O.Z. 9,Tiendeveen (Gem. Hoogeveen),"599.000,00 €",4.060 m²
Parallelweg Zuid 3,Oud Gastel,"469.000,00 €",820 m²
Wachtelstraat 25,Gouda,"395.000,00 €",75 m²
Op de set 126,Nijmegen,"675.000,00 €",230 m²
Venkel 31,Dronten,"339.500,00 €",280 m²
Koornmaat 21,Braamt,"1.195.000,00 €",690 m²
Donkerbos 24,Alphen (GE),"375.000,00 €",266 m²
Bekermos 20,Nieuwerkerk aan den IJssel,"335.000,00 €",130 m²
Zus Braunstraat 7,Amsterdam,"750.000,00 €",120 m²
Ir Sassenstraat 32 A,Ulft,"325.000,00 €",943 m²
Dianastraat 5,Almere,"965.000,00 €",415 m²
Pauwoog 31,Zeewolde,"397.500,00 €",200 m²
Van Goorswegje 13 a,Hierden,"775.000,00 €",1.227 m²
Ko Donckerlaan 25,Amstelveen,"1.075.000,00 €",302 m²
Vrijdomweg 46,Vlissingen,"469.000,00 €",145 m²
Hofstraat 9,Hoeven,"635.000,00 €",384 m²
Hof van Sion 6,Rijswijk (ZH),"849.500,00 €",150 m²
Dora Ebbenhof 15,Nuenen,"395.000,00 €",165 m²
Buerweg 7,Bergen (NH),"3.500.000,00 €",3.000 m²
Jan Rijksenstraat 42,Almere,"370.000,00 €",121 m²
Pekingsingel 81,IJsselstein,"340.000,00 €",110 m²
Lazuursteen 9,Houten,"495.000,00 €",157 m²
IJsvogelhof 18,Den Haag,"489.500,00 €",117 m²
Noorder Parallelweg 8,Velp (GE),"319.500,00 €",172 m²
Stroomrug 23,Cuijk,"1.975.000,00 €",899 m²
Geerdinkserf 3,Dalfsen,"865.000,00 €",694 m²
Straat van Corsica 152,Amersfoort,"450.000,00 €",157 m²
David Teniersstraat 2,Helmond,"325.000,00 €",288 m²
Jonagoldhof 22,Zoetermeer,"495.000,00 €",154 m²
Bas de Blokrede 22,Capelle aan den IJssel,"385.000,00 €",128 m²
Reuzenpandasingel 156,Heerhugowaard,"339.000,00 €",170 m²
Sneekermeer 32,Zoetermeer,"550.000,00 €",190 m²
Prinses Christinalaan 10,Bathmen,"399.000,00 €",360 m²
Oud-Loosdrechtsedijk 73,Loosdrecht,"950.000,00 €",743 m²
Brinkpoortstraat 5,Deventer,"950.000,00 €",270 m²
Wislaan 82,Uden,"485.000,00 €",215 m²
Bonifatiusstraat 16,Wijk bij Duurstede,"395.000,00 €",191 m²
Gooiergracht 189,Laren (NH),"595.000,00 €",285 m²
Langakkers 30,Druten,"375.000,00 €",253 m²
Briljant 14,Middelburg,"209.000,00 €",126 m²
De Brug 17,Apeldoorn,"525.000,00 €",252 m²
Steltacker 22,Hooge Mierde,"569.000,00 €",543 m²
Schapendrift 55,Blaricum,"1.895.000,00 €",2.070 m²
Julianastraat 9,Numansdorp,"400.000,00 €",131 m²
Klaprooslaan 42,Hoevelaken,"459.000,00 €",221 m²
Bergeonstraat 16,Heiloo,"975.000,00 €",461 m²
Lupinestraat 28,Capelle aan den IJssel,"360.000,00 €",126 m²
Lindenlaan 45,Zaandam,"300.000,00 €",60 m²
Watertuin 294,Barneveld,"399.000,00 €",138 m²
Stavorenerf 8,Tilburg,"500.000,00 €",279 m²
Jean Lotenpad 3,Middenbeemster,"495.000,00 €",147 m²
Lindenlaan 8,Warnsveld,"369.000,00 €",262 m²
Noorderbreedte 32,De Meern,"450.000,00 €",144 m²
Steenbokstraat 33,Hazerswoude-Rijndijk,"399.000,00 €",107 m²
Kornalijnstraat 31,Leiden,"675.000,00 €",127 m²
G.L.Rutgersweg 51,Neede,"389.000,00 €",885 m²
Sloe 14,Deurne,"285.000,00 €",180 m²
Kerkenmaaijerskamp 58,Velserbroek,"439.000,00 €",135 m²
Henry Fordstraat 6,Zwartewaal,"389.000,00 €",173 m²
Oude Rijksweg 396,Rouveen,"345.000,00 €",857 m²
Anthonie Duyckplein 18,Wassenaar,"895.000,00 €",193 m²
Leeuwesteijn 13,Heenvliet,"299.500,00 €",181 m²
Skâns 2,Winsum (FR),"375.000,00 €",588 m²
Tramstraat 7,Schoonoord,"275.000,00 €",329 m²
Ardealaan 30,Hillegom,"395.000,00 €",220 m²
Geerstraat 38,Bergeijk,"369.000,00 €",331 m²
Louis Zimmermannplein 104,Schiedam,"550.000,00 €",155 m²
Schoolstraat 45,Krimpen aan de Lek,"315.000,00 €",222 m²
Bezaan 19,Veenendaal,"450.000,00 €",167 m²
Wieger Bruinlaan 34,Hoofddorp,"495.000,00 €",155 m²
de Savornin Lohmanstraat 22,Nijmegen,"287.500,00 €",150 m²
Dr. M.L. Kingstraat 56,Landsmeer,"575.000,00 €",146 m²
Veghelsedijk 10 A,Erp,"615.000,00 €",1.250 m²
Schegcamp 34,Houten,"525.000,00 €",234 m²
Schoonzorgseweg 24,Sassenheim,"575.000,00 €",175 m²
Top Naefflaan 46,Amstelveen,"695.000,00 €",116 m²
Struikheide 27,Rotterdam,"375.000,00 €",156 m²
Hoge Wal 59,Goirle,"1.250.000,00 €",809 m²
Runenberghoek 33,Enschede,"425.000,00 €",215 m²
Bergsmastraat 19,Uithuizermeeden,"315.000,00 €",391 m²
Dokter Beumerstraat 1,Haulerwijk,"649.000,00 €",807 m²
De Velden 218,Schiedam,"400.000,00 €",128 m²
Brouwerijstraat 5,Koudekerke,"599.000,00 €",290 m²
Meidoornlaan 14,Brummen,"425.000,00 €",238 m²
Emminkhuizerberg 12,Amersfoort,"425.000,00 €",137 m²
Jan Vermeerstraat 4,Tiel,"350.000,00 €",157 m²
Hoofdstraat 28,Ossenzijl,"799.000,00 €",729 m²
Hugo de Vriesstraat 67,Leiden,"485.000,00 €",76 m²
Henry Dunantweg 174,Neede,"225.000,00 €",125 m²
Grevelingenhout 170,Bruinisse,"1.145.000,00 €",1.402 m²
Onder de Bos 103,Hulshorst,"1.200.000,00 €",6.535 m²
Tivoliweg 60,Hulst,"250.000,00 €",250 m²
Karnsberg 13,Etten-Leur,"399.000,00 €",190 m²
Prins Bernhardlaan 52,Best,"525.000,00 €",319 m²
Operetteweg 100,Almere,"635.000,00 €",633 m²
Zwaluwborch 29,Rosmalen,"495.000,00 €",273 m²
Irenelaan 3,Melick,"625.000,00 €",960 m²
Sint Agneslaan 45,Wognum,"795.000,00 €",460 m²
Bosstraat 47,Nieuw-Vennep,"600.000,00 €",465 m²
Pastoor te Rielestraat 24 a,Braamt,"395.000,00 €",420 m²
Zeelandlaan 13,Heemstede,"525.000,00 €",122 m²
Pr.Beatrixlaan 30,Nieuwleusen,"430.000,00 €",354 m²
Vuurvlinder 148,Apeldoorn,"425.000,00 €",139 m²
Koninginneweg 56,Oud-Beijerland,"479.000,00 €",178 m²
Floralaan 19,Rijnsburg,"509.000,00 €",221 m²
Musschenbroekstraat 5,Eindhoven,"450.000,00 €",155 m²
Pastorielaan 31,Veldhoven,"495.000,00 €",248 m²
Binnenhof 47,Etten-Leur,"789.000,00 €",745 m²
Bredaseweg 9,Chaam,"689.000,00 €",1.271 m²
Penningweg 5 a,Hoevelaken,"1.450.000,00 €",5.730 m²
Musicalstraat 48,Apeldoorn,"449.000,00 €",164 m²
Kea Boumanstraat 66,Arnhem,"495.000,00 €",108 m²
Maria Louiselaan 4,Oranjewoud,"689.000,00 €",734 m²
Nijeveenseweg 14,Meppel,"275.000,00 €",183 m²
Ringdijk 139,Rotterdam,"485.000,00 €",112 m²
Uitdamstraat 22,Amersfoort,"774.000,00 €",193 m²
Looveen 14 .,Wijster,"815.000,00 €",9.919 m²
De Orion 61,Drachten,"250.000,00 €",211 m²
Wilhelminaplein 7,Stein,"459.000,00 €",285 m²
de Fjord 54,Emmeloord,"259.500,00 €",153 m²
Herman de Manstraat 17,Harderwijk,"825.000,00 €",399 m²
Monethof 39,Hoorn (NH),"839.500,00 €",503 m²
Broek 3 B,Gieterveen,"475.000,00 €",1.198 m²
Kruidenstraat 24,Bemmel,"575.000,00 €",273 m²
Thijssestraat 59,Zaandam,"450.000,00 €",97 m²
Dorpsstraat 31,Enschede,"398.000,00 €",235 m²
De Waarden 179,Zutphen,"259.000,00 €",112 m²
De Twee Roeden 15,Westervoort,"650.000,00 €",770 m²
Jan Stoorvogelstraat 1,Maassluis,"575.000,00 €",263 m²
Renoirhof 13,Hoorn (NH),"500.000,00 €",233 m²
Merellaan 55,Anna Paulowna,"200.000,00 €",146 m²
Huisingehof 24,Assen,"415.000,00 €",475 m²
Johannushof 31,Nijmegen,"575.000,00 €",289 m²
Oranjelaan 1,Moordrecht,"339.000,00 €",156 m²
Poterne 4,Vijfhuizen,"475.000,00 €",95 m²
Margrietstraat 37,Arnhem,"275.000,00 €",163 m²
Acacia 40,Helmond,"695.000,00 €",502 m²
Touwbaan 64,Maassluis,"415.000,00 €",149 m²
Ereprijs 4,Meppel,"500.000,00 €",322 m²
Prinses Marijkestraat 13,Neede,"375.000,00 €",972 m²
Catsstraat 28,Goor,"290.000,00 €",316 m²
Hoekland 8,Enkhuizen,"325.000,00 €",195 m²
Emmastraat 27,Oosterbeek,"485.000,00 €",169 m²
Vossenbrinkweg 51,Delden,"389.000,00 €",600 m²
Burgemeester Van Heemstrakwartier 6,De Bilt,"795.000,00 €",177 m²
Madridsingel 34,Alphen aan den Rijn,"685.000,00 €",261 m²
Duivenvoordestraat 7,Alphen (NB),"443.000,00 €",300 m²
Goudplevierhof 18,Middelburg,"419.000,00 €",236 m²
Rijnlanderweg 1414,Nieuw-Vennep,"2.950.000,00 €",10.000 m²
Rembrandtlaan 28,Huis ter Heide (UT),"1.345.000,00 €",1.200 m²
Thorbeckelaan 52,Etten-Leur,"590.000,00 €",459 m²
Bernhardstraat 29,Huissen,"275.000,00 €",175 m²
Koningskers 18,Arnhem,"585.000,00 €",284 m²
Spoorstraat 34,Dorst,"825.000,00 €",775 m²
Papaver 11,Hoogvliet Rotterdam,"325.000,00 €",133 m²
Iman van den Boschpad 2,Hoogvliet Rotterdam,"365.000,00 €",220 m²
Dorpsweg 77,IJsselmuiden,"250.000,00 €",199 m²
Oudegracht 167,Alkmaar,"700.000,00 €",150 m²
Vaart NZ 109,Nieuw-Amsterdam,"499.000,00 €",1.732 m²
Marsstukken 30,Aalden,"515.000,00 €",617 m²
Laan van Zeeman 13,Heiloo,"1.450.000,00 €",789 m²
Weimersedreef 2 a,Prinsenbeek,"629.000,00 €",710 m²
Kerkstraat-zuid 3,Oeffelt,"300.000,00 €",345 m²
Berkenlaan 33,Oisterwijk,"685.000,00 €",354 m²
Laageinde 79 A,Waalwijk,"449.000,00 €",340 m²
Valkenierslaan 271,Breda,"675.000,00 €",265 m²
Wildenburgstraat 67,Leusden,"422.000,00 €",145 m²
Koolmees 4,IJsselmuiden,"395.000,00 €",292 m²
Goudenrijderstede 53,Cuijk,"250.000,00 €",326 m²
van Gendtlaan 45,Bennebroek,"475.000,00 €",151 m²
Vondellaan 23,Capelle aan den IJssel,"550.000,00 €",158 m²
Goudenregenstraat 66,Capelle aan den IJssel,"385.000,00 €",252 m²
Wolfertsplein 1,Wolphaartsdijk,"245.000,00 €",126 m²
Jolandeplantsoen 6,IJsselstein,"565.000,00 €",142 m²
Klaverstraat 25 A,Rotterdam,"375.000,00 €",116 m²
Ravelplein 12,Gouda,"365.000,00 €",127 m²
Parkelerweg 15,Twello,"425.000,00 €",370 m²
Jacob van Ruisdaelweg 6,Ouderkerk aan de Amstel,"749.000,00 €",166 m²
Elsstraat 44,Huissen,"515.000,00 €",293 m²
Clusiuslaan 20,Limmen,"636.000,00 €",315 m²
Hessenbergstraat 21,Zetten,"419.000,00 €",327 m²
Poelenburgh 7,Monster,"670.000,00 €",253 m²
Dr. Anthon van der Horstlaan 25,Naarden,"780.000,00 €",400 m²
Elzehoutstraat 24,Helmond,"275.000,00 €",157 m²
Want 1,Huizen,"695.000,00 €",304 m²
Aria 34,Zaandam,"785.000,00 €",202 m²
De Hove 18,Mook,"325.000,00 €",115 m²
Kempenland 8,Riel,"469.000,00 €",228 m²
Kromstraat 131,Oss,"375.000,00 €",259 m²
Stellingmolen 36,Mijdrecht,"498.000,00 €",202 m²
Conny Stuartlaan 78,Beverwijk,"399.000,00 €",107 m²
Rens Prinshof 16,Heerhugowaard,"537.500,00 €",231 m²
Hendrik Willem Mesdagstraat 10,Apeldoorn,"487.500,00 €",509 m²
2e Brandenburgerweg 40,Bilthoven,"695.000,00 €",266 m²
Homerusstraat 104,Apeldoorn,"599.500,00 €",413 m²
Burg van Sevenhovenstraat 34,Stadskanaal,"275.000,00 €",785 m²
Sandvisbaai 14,Purmerend,"1.389.011,00 €",402 m²
Paulus Potterplein 19,Maassluis,"439.000,00 €",125 m²
Postelein 10,Diessen,"345.000,00 €",124 m²
Dr. J. Presserstraat 295,Den Haag,"435.000,00 €",116 m²
Saarland 16,Purmerend,"535.000,00 €",125 m²
Tulpenlaan 55,Bennebroek,"500.000,00 €",170 m²
Gustaaf Gelderstraat 50,Almere,"450.000,00 €",199 m²
Laurierplein 40,Eindhoven,"565.000,00 €",140 m²
Componistensingel 18,Veenendaal,"375.000,00 €",140 m²
Bernhard Fabritiuslaan 53,Gasselte,"450.000,00 €",644 m²
Saturnussingel 218,Almere,"500.000,00 €",100 m²
Amerika 23,Een,"585.000,00 €",3.445 m²
Schildwacht 16,Gorinchem,"565.000,00 €",158 m²
Troelstralaan 5,Hillegom,"409.000,00 €",139 m²
Iepenstraat 18,Haarlem,"800.000,00 €",142 m²
van Kinsbergenstraat 4,Eindhoven,"535.000,00 €",450 m²
Dopheide 6,Leiden,"485.000,00 €",134 m²
Wilhelminapark 30,Valkenswaard,"400.000,00 €",247 m²
Prins Hendrikstraat 94,IJmuiden,"400.000,00 €",55 m²
Kromme Slagen 7,Breda,"565.000,00 €",249 m²
Schipsweg 3,Hattem,"535.000,00 €",1.075 m²
Visserstraat 28,Steenbergen (NB),"249.000,00 €",46 m²
Petrarcalaan 2,Utrecht,"785.000,00 €",130 m²
Molendijk 88,Nieuwe-Tonge,"475.000,00 €",922 m²
Waelstedelanden 30,Enschede,"569.000,00 €",390 m²
Bosboom Toussaintlaan 3,Heemstede,"995.000,00 €",263 m²
Avestein 34,Oss,"375.000,00 €",253 m²
Van Oosten de Bruijnstraat 53,Haarlem,"550.000,00 €",120 m²
Rubenslaan 74,Bergschenhoek,"425.000,00 €",116 m²
Bernhardplaats 38,Hellevoetsluis,"350.000,00 €",150 m²
Marga Klompéstraat 16,IJsselstein,"365.000,00 €",71 m²
Koningin Julianastraat 16,Bergeijk,"398.000,00 €",374 m²
Ligusterstraat 35 C,Amersfoort,"490.000,00 €",496 m²
Elzenstraat 8,Vianen (UT),"539.000,00 €",294 m²
Huygensdreef 19,Leiderdorp,"550.000,00 €",176 m²
Scheuningskamp 4,Beilen,"525.000,00 €",479 m²
Tiendmaatweg 25,'t Harde,"325.000,00 €",225 m²
Zonnedauw 10,Mierlo,"325.000,00 €",165 m²
Stationsweg 8,Oosterbeek,"1.795.000,00 €",1.476 m²
Brahmsstraat 31,Zevenaar,"399.000,00 €",447 m²
Van de Spiegelstraat 57,Vlissingen,"325.000,00 €",106 m²
Smaragd 35,Mijdrecht,"450.000,00 €",151 m²
Zwanenrecht 5,Assendelft,"625.000,00 €",200 m²
Prins Bernhardstraat 49,Everdingen,"645.000,00 €",470 m²
Zanderijweg 76,Apeldoorn,"469.000,00 €",410 m²
Geneesherenhof 35,Oss,"600.000,00 €",214 m²
Vissersdijk 45,Enkhuizen,"325.000,00 €",90 m²
Prins Bernhardlaan 161,Veenendaal,"350.000,00 €",136 m²
Rondweg 2 b,Schuinesloot,"900.000,00 €",8.370 m²
De Hennepe 381,Tiel,"350.000,00 €",193 m²
Kooilaan 17,Leiden,"615.000,00 €",97 m²
Snekermeer 19,Zaandam,"385.000,00 €",113 m²
Molenweg 51,Oostvoorne,"699.000,00 €",525 m²
Van Limburg Stirumstraat 3,Warmond,"625.000,00 €",112 m²
Bolero 125,Zwijndrecht,"375.000,00 €",194 m²
Oude-Hoofdvaartsweg 25,Assen,"625.000,00 €",1.605 m²
Ten Holtheweg 3 A,Steenwijkerwold,"535.000,00 €",792 m²
Weidestraat 4,Apeldoorn,"299.000,00 €",193 m²
Derpsestraat 21,Deurne,"599.000,00 €",651 m²
De Buiskap 14,Dronten,"269.500,00 €",116 m²
Jacob Roggebroodsteeg 15,Gorinchem,"320.000,00 €",33 m²
Postelse Hoeflaan 104,Tilburg,"300.000,00 €",154 m²
Potgieterstraat 19,Putten,"395.000,00 €",199 m²
Kardeel 7,Zeewolde,"625.000,00 €",197 m²
Weezenhof 6724,Nijmegen,"395.000,00 €",201 m²
Lonnekerspoorlaan 282,Enschede,"700.000,00 €",219 m²
Keizerstraat 6,Doetinchem,"980.000,00 €",1.090 m²
Herman Heijermansstraat 46,Vleuten,"465.000,00 €",133 m²
De Haal 100,Oostzaan,"1.795.000,00 €",3.120 m²
Magnoliahof 31,Den Bosch,"550.000,00 €",62 m²
Buinerdiep 16,Zaandam,"395.000,00 €",129 m²
Potgieterstraat 19,Putten,"395.000,00 €",199 m²
Zwolseweg 396,Wenum Wiesel,"650.000,00 €",2.125 m²
Beerze 43,Wijk bij Duurstede,"459.000,00 €",235 m²
Willem de Zwijgerlaan 143,Woudenberg,"525.000,00 €",265 m²
Oorgat 3 D,Edam,"1.295.000,00 €",430 m²
Speenkruid 26,Beilen,"335.000,00 €",275 m²
Ridder Vosstraat 12,Geleen,"445.000,00 €",426 m²
Atalantaberm 21,Houten,"450.000,00 €",120 m²
Berg en Dalseweg 106,Nijmegen,"950.000,00 €",254 m²
Mr. Harm Smeengestraat 12,Ruinen (Gem. De Wolden),"569.000,00 €",578 m²
Den Otterleede 28,Barendrecht,"450.000,00 €",150 m²
Bachstraat 30,Elst (GE),"425.000,00 €",243 m²
Keerenderkerkweg 30,Stein,€ 400.000 v.o.n.,242 m²
Hoefstraat 26,Heijen,"489.000,00 €",380 m²
Coeshoeck 9,Emmeloord,"257.500,00 €",152 m²
Stoeiing 1,Sterksel,"650.000,00 €",3.000 m²
Berlaarstraat 369,Amsterdam,"500.000,00 €",142 m²
Vedergraslaan 46,Vleuten,"519.000,00 €",119 m²
Van Uytrechtlaan 22,Castricum,"695.000,00 €",280 m²
Cliviastraat 9,Den Haag,"675.000,00 €",170 m²
Hof van Plettenburg 42,Nieuwegein,"589.000,00 €",114 m²
Zadelmakersdonk 534,Apeldoorn,"325.000,00 €",179 m²
Brouwershavenstraat 11,Berkel en Rodenrijs,"425.000,00 €",139 m²
Enterij 29,Boskoop,"525.000,00 €",205 m²
Fuik 43,Monnickendam,"400.000,00 €",173 m²
Klinkenkampweg 10,Norg,"315.000,00 €",266 m²
van Achteveltstraat 36,Zutphen,"245.000,00 €",188 m²
Doyennéperenlaan 27,Vleuten,"489.000,00 €",137 m²
Woestduinlaan 83,Doorn,"1.500.000,00 €",2.239 m²
Zandstraat 14,Culemborg,"400.000,00 €",132 m²
De IJzeren pot 37,Beusichem,"450.000,00 €",127 m²
Prickwaert 58,Sliedrecht,"350.000,00 €",152 m²
Hillsestraat 19 a,Babyloniënbroek,"780.000,00 €",2.879 m²
De Haer 4,Oosterwolde (FR),"425.000,00 €",637 m²
Witte Baan 16,Prinsenbeek,"375.000,00 €",180 m²
Rijksstraatweg 101,Olst,"735.000,00 €",5.790 m²
Delftlaan 227,Haarlem,"795.000,00 €",153 m²
Rooijsestraat 77,Dreumel,"275.000,00 €",163 m²
Waterwijzer 102,Lelystad,"325.000,00 €",111 m²
Koekoeklaan 8,Leidschendam,"1.575.000,00 €",776 m²
Laanderhof 13,Berghem,"439.000,00 €",230 m²
Professor Zeemanstraat 19,Zandvoort,"698.000,00 €",237 m²
Beciusstraat 13,Oost-Souburg,"265.000,00 €",275 m²
Decimastraat 30,Leiden,"700.000,00 €",119 m²
Westerstraat 92,Ruinen (Gem. De Wolden),"500.000,00 €",905 m²
Hongarenburg 121,Den Haag,"869.500,00 €",130 m²
Kerkstraat 17,Wouwse Plantage,"482.500,00 €",410 m²
Gropiuslijn 32,Zoetermeer,"470.000,00 €",174 m²
Stroomrug 9,Cuijk,"2.500.000,00 €",1.000 m²
Snaarmanslaan 6,Alkmaar,"395.000,00 €",208 m²
Dorpsstraat 73,Enschede,"325.000,00 €",255 m²
Westerkade 51,Gouda,"465.000,00 €",131 m²
Olieslagersstraat 19,Winschoten,"319.000,00 €",129 m²
Delfland 21,Purmerend,"350.000,00 €",151 m²
Fokkerstraat 16,Badhoevedorp,"779.000,00 €",299 m²
Narcissenstraat 34,Purmerend,"465.000,00 €",268 m²
Willem Verheidenstraat 2,Grave,"389.000,00 €",380 m²
Raatakkers 4,Fluitenberg,"695.000,00 €",1.222 m²
Sering 2,Cuijk,"400.000,00 €",255 m²
Binnenhof 52,Etten-Leur,"355.000,00 €",129 m²
Dorpsweg 3,Rockanje,"895.000,00 €",510 m²
Korte Bredestraat 6,Nijmegen,"500.000,00 €",276 m²
Herenkamer 7,Enkhuizen,"295.000,00 €",128 m²
Charlotte van Pallandtlaan 31,Heemstede,"575.000,00 €",141 m²
Vikinghof 1,Hoofddorp,"745.000,00 €",331 m²
Saenredamstraat 89,Haarlem,"575.000,00 €",105 m²
Molecatenstraat 23,Arnhem,"300.000,00 €",160 m²
Meiveld 29,Oost-Souburg,"435.000,00 €",199 m²
Het Avontuur 4,Amersfoort,"490.000,00 €",151 m²
Julianastraat 8,Weesp,"400.000,00 €",59 m²
Nieuw-Loosdrechtsedijk 196,Loosdrecht,"850.000,00 €",1.060 m²
Kolklaan 37,Maarsbergen,"575.000,00 €",211 m²
Prinses Marijkeweg 13,Houten,"475.000,00 €",237 m²
Sideriusstraat 12,Sleen,"375.000,00 €",277 m²
Koningslaan 3,Amstelveen,"875.000,00 €",150 m²
Duke Ellingtonlaan 2,Eindhoven,"750.000,00 €",563 m²
IJsselstraat 9,Middelburg,"295.000,00 €",258 m²
Hamersveldseweg 1,Leusden,"1.300.000,00 €",735 m²
Boeijerstraat 20,De Rijp,"375.000,00 €",140 m²
Meloenstraat 68,Den Haag,"895.000,00 €",121 m²
Wielsekade 25,Lopik,"500.000,00 €",460 m²
Hoofdstraat 191,Epe,"595.000,00 €",890 m²
Mosterdlaan 17,Barneveld,"359.500,00 €",150 m²
Iepweg 17,Hengelo (OV),"310.000,00 €",190 m²
Reinder Brolsmawei 27,Leeuwarden,"295.000,00 €",152 m²
Noordenbos 1,Geertruidenberg,"315.000,00 €",190 m²
Stalkruid 10,Heemskerk,"385.000,00 €",123 m²
Soldeniersveld 102,Apeldoorn,"319.000,00 €",223 m²
Brouwershof 2,Reek,"600.000,00 €",568 m²
Kerkeland 31,Hagestein,"745.000,00 €",425 m²
C.H. Moensstraat 36,Beverwijk,"375.000,00 €",135 m²
Titus Brandsmastraat 11,Oldenzaal,"550.000,00 €",346 m²
Kambalahout 3,Assen,"650.000,00 €",525 m²
Prins Hendrikstraat 87,Alphen aan den Rijn,"945.000,00 €",173 m²
Boslandweg 3,Rhenen,"895.000,00 €",1.090 m²
Pastoor Elsenstraat 49,Helmond,"625.000,00 €",831 m²
Lutulistate 55,Ede,"385.000,00 €",171 m²
Söderblomstraat 208,Hoofddorp,"600.000,00 €",268 m²
Vlaamse Gaai 27,Zeewolde,"375.000,00 €",162 m²
Daliënwaerd 5,Den Bosch,"409.000,00 €",77 m²
Meerlaan 157,Hillegom,"450.000,00 €",262 m²
Graanakker 25,Heesch,"550.000,00 €",344 m²
Utrechtsestraatweg 36 a,Nieuwegein,"750.000,00 €",331 m²
Pinksterbloem 53,Kampen,"285.000,00 €",144 m²
Hoofdweg 5,Peest,"750.000,00 €",21.780 m²
Ganzenvoet 21,Driel,"489.000,00 €",169 m²
Nic Beetsstraat 16,Putten,"375.000,00 €",242 m²
Leidsevaart 218,Haarlem,"750.000,00 €",102 m²
Vreewijk 28,Lisse,"315.000,00 €",83 m²
Krabbescheer 7,Kampen,"325.000,00 €",165 m²
Visseringstraat 20,IJmuiden,"450.000,00 €",107 m²
Bredeweg 14,Roermond,"595.000,00 €",732 m²
van Rijckevorselstraat 4,Driebergen-Rijsenburg,"750.000,00 €",365 m²
Debijelaan 5,Schoonhoven,"584.000,00 €",383 m²
Nobelstraat 93,Brielle,"475.000,00 €",146 m²
Esdoornstraat 1,IJmuiden,"300.000,00 €",89 m²
Het Ronsel 7,Hapert,"495.000,00 €",344 m²
Leidekkersgilde 31,Houten,"647.500,00 €",230 m²
Rockanjestraat 9,Almere,"365.000,00 €",180 m²
Beversweer 5,Sliedrecht,"300.000,00 €",105 m²
Faunalaan 53,Veenendaal,"400.000,00 €",140 m²
Boswachtersveld 302,Apeldoorn,"249.500,00 €",140 m²
De Ronge 58,Heiloo,"795.000,00 €",432 m²
Schadewijkpad 2 b,Twello,"825.000,00 €",1.000 m²
Pijlkruidmeen 27,Harderwijk,"325.000,00 €",143 m²
Leerlooierstraat 12,Oss,"350.000,00 €",201 m²
Damloperwerf 5,Leiden,"450.000,00 €",150 m²
Grachtweg 19,Zierikzee,"650.000,00 €",438 m²
Pimpernel 8,Dronten,"845.000,00 €",977 m²
Jasmijnweg 8,Nunspeet,"319.000,00 €",187 m²
Burgemeester Jansstraat 16 a,Kerkenveld,"975.000,00 €",5.420 m²
Julianaweg 341,Utrecht,"649.000,00 €",102 m²
Hoogravenseweg 108,Utrecht,"479.000,00 €",146 m²
Laureijnestraat 38,Philippine,"239.000,00 €",141 m²
Dwarslaan 8,Scheemda,"159.500,00 €",235 m²
Ticheldreef 11,Druten,"420.000,00 €",226 m²
Middendam 2,Alphen (GE),"550.000,00 €",713 m²
Plaswijcklaan 17,Rotterdam,"775.000,00 €",110 m²
Donaulaan 102,Purmerend,"689.000,00 €",254 m²
Groeneweg 63,Schijndel,"1.095.000,00 €",1.335 m²
Oosterenbanweg 44,Renesse,"799.000,00 €",688 m²
Den Binnen 2,Nuenen,"399.000,00 €",1.010 m²
Rozenpad 22,Berkel en Rodenrijs,"350.000,00 €",146 m²
Maarse & Kroon Hof 40,Aalsmeer,"795.000,00 €",189 m²
Carry van Bruggenstraat 1,Smilde,"269.000,00 €",296 m²
Orchideestraat 4,Ittervoort,"300.000,00 €",347 m²
Jan Lubbertsenlaan 15,Hoevelaken,"895.000,00 €",313 m²
Parallelweg 144,Koog aan de Zaan,"675.000,00 €",303 m²
Ruigenhoek 34,Gorinchem,"460.000,00 €",140 m²
Essenburgh 20,Zeewolde,"500.000,00 €",250 m²
Beiaardiershoeve 112,Apeldoorn,"369.000,00 €",293 m²
Pastoor van Beijnenstraat 11,Hilvarenbeek,"550.000,00 €",247 m²
Uitslagsweg 70,Hengelo (OV),"257.500,00 €",328 m²
Rijksweg Zuid 12,Swalmen,"197.500,00 €",178 m²
Sportlaan 8,Oldenzaal,"735.000,00 €",998 m²
Parklaan 1,Lochem,"885.000,00 €",649 m²
Korte Voren 19,Lochem,"559.000,00 €",448 m²
Inktzwamsingel 23,Vleuten,"575.000,00 €",140 m²
Esplanade 25,Hellevoetsluis,"1.300.000,00 €",1.043 m²
Vlierlaan 180,Oosterhout (NB),"525.000,00 €",200 m²
Valkenhoeve 31,Leusden,"415.000,00 €",144 m²
Enkweg 10,Dieren,"350.000,00 €",267 m²
Ringdijk 5,Vianen (UT),"295.000,00 €",155 m²
Alberdingk Thijmstraat 22,Etten-Leur,"419.500,00 €",153 m²
Zwingelstraat 8,Oss,"275.000,00 €",177 m²
Paul van Ostaijenlaan 28,Berkel en Rodenrijs,"850.000,00 €",256 m²
Hartmanstraat 18,Leiden,"525.000,00 €",79 m²
Ebbehout 5,Zoetermeer,"575.000,00 €",174 m²
Verdistraat 139,Bunschoten-Spakenburg,"400.000,00 €",188 m²
Van der Duyn van Maasdamlaan 95,Hillegom,"399.500,00 €",200 m²
Da Costastraat 67,Lekkerkerk,"300.000,00 €",117 m²
Noordvlietstraat 25,Leeuwarden,"209.500,00 €",153 m²
Buitenring 48,Middelharnis,"469.000,00 €",166 m²
Wilsondreef 15,Ede,"300.000,00 €",143 m²
Holtstek 14,Groningen,"425.000,00 €",140 m²
Stationsweg 71,Velsen-Zuid,"595.000,00 €",302 m²
Zwanendreef 4,Stolwijk,"375.000,00 €",149 m²
Beeklaan 506,Den Haag,"980.000,00 €",168 m²
Bosrank 79,Oude Wetering,"582.500,00 €",251 m²
Erasmusstate 15,Ede,"350.000,00 €",143 m²
Pastoor van Breugelstraat 156,Bosschenhoofd,"375.000,00 €",1.105 m²
Ad van der Steurzoom 36,Bergschenhoek,"500.000,00 €",123 m²
Kerkstraat 34 a,Kwintsheul,"600.000,00 €",452 m²
Vinkelsestraat 35,Heesch,"675.000,00 €",876 m²
Beemsterstraat 3,Edam,"340.000,00 €",146 m²
Adama van Scheltemalaan 12,Blaricum,"1.080.000,00 €",401 m²
Geukerdijk 4 a,Haaksbergen,"645.000,00 €",481 m²
Verlengde Blokkenweg 8,Ede,"539.000,00 €",470 m²
Zevenhuizerstraat 166,Bunschoten-Spakenburg,"1.300.000,00 €",10.330 m²
Hermelijnakker 11,Houten,"700.000,00 €",261 m²
Hoptuin 7,Wijk en Aalburg,"350.000,00 €",134 m²
Leeuwerikstraat 59,Schoonhoven,"429.000,00 €",118 m²
Veenmos 87,Boekel,"470.000,00 €",254 m²
Op de Peperkamp 10,Wellerlooi,"225.000,00 €",306 m²
Mosselweg 9,Blaricum,"995.000,00 €",497 m²
Cissy van Marxveldtstraat 101,Almere,"585.000,00 €",287 m²
Rhodenstraat 1,Rhoon,"435.000,00 €",245 m²
Heemraadsingel 16,Raamsdonk,"450.000,00 €",324 m²
Nabuccosingel 113,Nieuw-Vennep,"600.000,00 €",174 m²
Herman Gorterstraat 4,Haarlem,"450.000,00 €",132 m²
Houtsnijderslaan 4,De Meern,"435.000,00 €",158 m²
Vaart Zz 94,Appelscha,"525.000,00 €",608 m²
J.J. Allanstraat 447,Westzaan,"1.100.000,00 €",820 m²
Groenerein 11,Cadier en Keer,"900.000,00 €",1.305 m²
Beggelderdijk 8,Dinxperlo,"289.000,00 €",458 m²
Nassaupark 2,Bosschenhoofd,"549.000,00 €",511 m²
Armstronglaan 23,Reeuwijk,"850.000,00 €",267 m²
Herdershof 45,Warnsveld,"250.000,00 €",148 m²
Broekstraat 124,Nijmegen,"500.000,00 €",391 m²
Koperwieklaan 12,Bilthoven,"750.000,00 €",383 m²
Buitenkruier 86,Stompetoren,"600.000,00 €",365 m²
Zevenhuizenseweg 33,Apeldoorn,"399.500,00 €",373 m²
Van Schaikstraat 12,Oss,"329.000,00 €",270 m²
Nicolaas Beetslaan 34,Assen,"700.000,00 €",1.035 m²
Eindenhoutstraat 26,Haarlem,"1.450.000,00 €",208 m²
Hoogstraat 13,Mill,"545.000,00 €",647 m²
Hoefblad 1,Nieuwleusen,"350.000,00 €",255 m²
Broedplaats 14,Apeldoorn,"400.000,00 €",96 m²
Tuinfluiter 30,Nieuwe Niedorp,"369.500,00 €",120 m²
Belcampohof 5,Almere,"400.000,00 €",130 m²
Sterreschans 48,Oegstgeest,"699.000,00 €",112 m²
Geerstraat 27,Etten-Leur,"975.000,00 €",1.825 m²
Ring 12,Oud-Vossemeer,"349.500,00 €",133 m²
Burgemeester Heijnenstraat 11,Swalmen,"250.000,00 €",125 m²
Kruisherenborch 74,Rosmalen,"375.000,00 €",134 m²
Galeistraat 39,Zaandam,"425.000,00 €",97 m²
Burg. Vogelslaan 28,Oisterwijk,"700.000,00 €",465 m²
Viscontistraat 72,Almere,"400.000,00 €",124 m²
Kromgouw 60,Almere,"399.000,00 €",175 m²
Hoge Rijndijk 159,Leiden,"850.000,00 €",272 m²
Donsvlinder 38,Leiden,"689.000,00 €",203 m²
De Bourbonstraat 23,Apeldoorn,"525.000,00 €",332 m²
Wilhelminalaan 47,Hillegom,"589.000,00 €",283 m²
Bernhardlaan 31 G,Groningen,"445.000,00 €",269 m²
Koen Rozendaalstraat 7,Middenbeemster,"450.000,00 €",193 m²
Hoefstraat 5,Dreumel,"450.000,00 €",389 m²
Pieter Brueghellaan 10,Lopik,"565.000,00 €",250 m²
Stoker 13,Druten,"575.000,00 €",244 m²
Jacques Bloemhof 84,Hoorn (NH),"425.000,00 €",206 m²
Doeveslag 107,Vollenhove,"325.000,00 €",263 m²
Op de Bos 15,Maastricht,"518.000,00 €",530 m²
Waemelslant 17,Westervoort,"289.500,00 €",146 m²
Stevenzandsestraat 25,Tilburg,"360.000,00 €",145 m²
Ouderkerkerlaan 23,Amstelveen,"1.325.000,00 €",294 m²
van Bennekomlaan 9,Werkhoven,"598.000,00 €",475 m²
Anjelierstraat 75,Barneveld,"325.000,00 €",177 m²
Gouverneur Holvoetstraat 24,Den Bosch,"545.000,00 €",583 m²
Berglaan 132,Zoetermeer,"400.000,00 €",205 m²
Ringbaan-West 339,Tilburg,"549.000,00 €",290 m²
Koningin-Julianalaan 67,Leersum,"1.325.000,00 €",726 m²
Waterstadboulevard 150,Harderwijk,"535.000,00 €",127 m²
Graafvorkhoek 8,Enschede,"650.000,00 €",368 m²
Zilverschat 12,Cuijk,"419.000,00 €",189 m²
De Hoek 4,Est,"350.000,00 €",317 m²
Vlijtseweg 60,Apeldoorn,"379.500,00 €",210 m²
Lingedijk 89,Gellicum,"835.000,00 €",4.524 m²
Kruisstraat 120,Stein,"315.000,00 €",560 m²
Amer 1,Chaam,"1.250.000,00 €",653 m²
Oude Graafseweg 188,Nijmegen,"595.000,00 €",245 m²
de Warring 43,Heerenveen,"347.500,00 €",203 m²
Midden-Scheepvaartstraat 18,Hoek van Holland,"365.000,00 €",111 m²
Herenweg 25,Rijnsaterwoude,"475.000,00 €",330 m²
Willem Klooslaan 24,Vlissingen,"298.000,00 €",217 m²
Tapiola 3,Almelo,"365.000,00 €",278 m²
Avenbeeck 65,Hillegom,"525.000,00 €",441 m²
Carthagolaan 10,Hillegom,"565.000,00 €",141 m²
Parelduiker 12,Leusden,"465.000,00 €",218 m²
Tongelaer 88,Hillegom,"479.000,00 €",136 m²
Horsterweg 174,Ermelo,"1.495.000,00 €",4.505 m²
Kikkerstraat 19,Den Haag,"325.000,00 €",30 m²
Gladiolenveld 59,Castricum,"635.000,00 €",277 m²
Rijnstraat 30,Den Bosch,"375.000,00 €",162 m²
Wijnesteijnstraat 17 5,Nieuwegein,"460.000,00 €",102 m²
Prins Bernhardlaan 3,Amersfoort,"1.050.000,00 €",522 m²
Zilverdistel 23,Den Bosch,"390.000,00 €",181 m²
Herenweg 280,Vinkeveen,"1.128.000,00 €",895 m²
Kolderveense Bovenboer 11,Nijeveen,"950.000,00 €",4.380 m²
Johannes Vermeerlaan 26,Hillegom,"349.000,00 €",127 m²
Merelweg 11,Mill,"425.000,00 €",629 m²
Wijnesteijnstraat 17 4,Nieuwegein,"450.000,00 €",95 m²
Tolstoistraat 35,Zaandam,"350.000,00 €",154 m²
Pegasusstraat 34,IJmuiden,"375.000,00 €",140 m²
Marga Klompéstraat 49,Herten,"450.000,00 €",339 m²
Eksterlaan 4,Huizen,"2.225.000,00 €",2.131 m²
Korte Loostraat 20,Huissen,"499.000,00 €",530 m²
de Genestetlaan 17,Soest,"1.500.000,00 €",1.650 m²
Molenspil 16,Krommenie,"555.000,00 €",118 m²
Brandenburgstraat 29,Uden,"295.000,00 €",168 m²
De Deel 31,Biddinghuizen,"335.000,00 €",228 m²
de Steeg 36,Angeren,"440.000,00 €",289 m²
Sandbergstraat 1,Abcoude,"1.150.000,00 €",475 m²
Bogerdlaan 7,Limmen,"795.000,00 €",334 m²
Torenmolenerf 24,Gouda,"375.000,00 €",185 m²
Jhr. Huydecoperstraat 11,Nigtevecht,"510.000,00 €",314 m²
Citroenvlinderstraat 11,Veenendaal,"350.000,00 €",131 m²
Ettenseweg 74,Sprundel,"850.000,00 €",7.975 m²
Jaagweg 39,Avenhorn,"500.000,00 €",520 m²
Stoffels 105,Uden,"950.000,00 €",945 m²
Burgemeester van den Boschstraat 41,Amerongen,Prijs op aanvraag,1.080 m²
Breelaan 108,Bergen (NH),"1.400.000,00 €",660 m²
Lanen 91,Harlingen,"400.000,00 €",126 m²
Jan Mankesstraat 9,Nunspeet,"339.000,00 €",166 m²
Poortwachter 106,Amstelveen,"690.000,00 €",135 m²
Alpert van Metzhof 1,Amsterdam,"625.000,00 €",81 m²
Capelseweg 222,Capelle aan den IJssel,"395.000,00 €",182 m²
Europaweg 116,Nieuw-Schoonebeek,"450.000,00 €",969 m²
Smidse 109,Schaijk,"600.000,00 €",377 m²
Pop Dijkemaweg 96 C,Groningen,"675.000,00 €",949 m²
1e Esweg 96,Wierden,"375.000,00 €",350 m²
Akkerstraat 45,Gaanderen,"425.000,00 €",436 m²
Schelpweg 21,Strijen,"565.000,00 €",560 m²
Dr. Kortmannweg 14,Venray,"725.000,00 €",3.060 m²
Willem van Arkellaan 2,Gorinchem,"355.000,00 €",120 m²
Heereplaats 23,Rozenburg (ZH),"375.000,00 €",219 m²
Jan van Ghestellaan 1,Rotterdam,"1.000.000,00 €",203 m²
Zwolseweg 8,Ommen,"1.250.000,00 €",972 m²
Boskamp 32,Roden,"490.000,00 €",510 m²
P. Ellingstraat 27,Almere,"625.000,00 €",396 m²
Reggestraat 2,Nieuwegein,"675.000,00 €",91 m²
Pasteurlaan 2,Vlijmen,"425.000,00 €",212 m²
Proostdijstraat 40,Mijdrecht,"595.000,00 €",216 m²
Striene 3,Maasdam,"650.000,00 €",426 m²
Beverveen 403,Spijkenisse,"300.000,00 €",118 m²
Loenensestraat 179,Den Haag,"390.000,00 €",103 m²
Schoterlandseweg 16,Jubbega,"550.000,00 €",2.400 m²
Papenpad 4 c,Zaandam,"500.000,00 €",113 m²
Witte de Withplein 36,Hellevoetsluis,"450.000,00 €",233 m²
Platinastraat 31,Apeldoorn,"449.500,00 €",255 m²
Machiel van Marlepad 14,Zaandam,"800.000,00 €",115 m²
Venneweg 7,Goirle,"698.000,00 €",432 m²
Hunnenpad 2,Putten,"1.535.000,00 €",2.075 m²
Melissehof 23,Wierden,"359.000,00 €",310 m²
Tiberstroom 6,Zoetermeer,"600.000,00 €",268 m²
Henri Dunantsingel 56,Castricum,"695.000,00 €",265 m²
Noorderes 26,Assen,"485.000,00 €",430 m²
Vergeet-mij-nietjestraat 29,Almere,"425.000,00 €",166 m²
Mesdagstraat 10,Groenlo,"395.000,00 €",434 m²
Secretaris Mulderweg 26,Nunspeet,"339.000,00 €",156 m²
Het Spul 35,Leusden,"705.000,00 €",193 m²
De Heerd 27,Hoevelaken,"589.000,00 €",235 m²
Sluisstraat 4,Veghel,"575.000,00 €",371 m²
Nibbixwoudstraat 8,Amsterdam,"625.000,00 €",81 m²
Meeresteinstraat 22,Tilburg,"725.000,00 €",1.046 m²
Molenweg 14,Klarenbeek (Gem. Voorst),"585.000,00 €",355 m²
Sientje Mesdag-van Houtenstraat 137,Spijkenisse,"320.000,00 €",162 m²
Kleine Wiel 33,Beneden-Leeuwen,"500.000,00 €",243 m²
Bernhard Fabritiuslaan 26,Gasselte,"475.000,00 €",768 m²
Olmenlaan 155,Zwanenburg,"300.000,00 €",147 m²
Straatweg 105,Breukelen,"695.000,00 €",239 m²
President Van Rijenlaan 96,Hoeven,"300.000,00 €",209 m²
Mandenmaker 12,IJsselstein,"350.000,00 €",99 m²
Corneliusstraat 56,Steenbergen (NB),"365.000,00 €",270 m²
Kempen 57,Haarlem,"600.000,00 €",180 m²
Wilde-Landweg 20,Nunspeet,"599.000,00 €",717 m²
Waardenburgstraat 7,Tilburg,"325.000,00 €",150 m²
Kalverkampen 24,Spier (Gem. Midden-Drenthe),"519.000,00 €",501 m²
Munnekenweg 5,Ruinen (Gem. De Wolden),"850.000,00 €",10.024 m²
Boorn 33,Zwolle,"460.000,00 €",413 m²
Scheerwoldestraat 24,Emmeloord,"317.500,00 €",233 m²
Roerstraat 39,Oost-Souburg,"245.000,00 €",132 m²
Oude Zeeweg 51 a,Noordwijk (ZH),"2.650.000,00 €",669 m²
Wolfsdonk 9,Bavel (Gem. Breda),"750.000,00 €",403 m²
Molendijk 32 D,Stad aan 't Haringvliet,"425.000,00 €",657 m²
Rode Ring 118,Assendelft,"500.000,00 €",169 m²
Lieve Geelvincklaan 37,Loosdrecht,"550.000,00 €",299 m²
Oude Baan 15 A,Hulten,"669.000,00 €",430 m²
Agostraat 35,Ter Apel,"240.000,00 €",550 m²
Nachtegaalstraat 29,Oosterhout (NB),"375.000,00 €",270 m²
Spitsbrug 10,Afferden (LI),"698.000,00 €",10.025 m²
Johan Winklerwei 441,Leeuwarden,"269.500,00 €",149 m²
Lunalaan 2,Aalsmeer,"775.000,00 €",260 m²
Griftlaan 8,Eindhoven,"425.000,00 €",141 m²
Jonkheer Ramweg 21,Schalkwijk,"839.000,00 €",525 m²
Vellerselaan 116,Barneveld,"415.000,00 €",139 m²
de Pirk 90,Vaassen,"385.000,00 €",150 m²
Nieuwe Maanderbuurtweg 69,Ede,"467.500,00 €",231 m²
Kon Wilhelminaweg 46,Amerongen,"398.000,00 €",269 m²
Lothariusstraat 5,Wijk bij Duurstede,"425.000,00 €",177 m²
Vuursteen 56,Heemskerk,"795.000,00 €",333 m²
Kleine Huiswei 18,Teteringen,"500.000,00 €",134 m²
Wessel Gansfortweg 79,Rotterdam,"500.000,00 €",134 m²
De Ontvangst 149,Apeldoorn,"299.500,00 €",103 m²
Koningin Beatrixstraat 47,Nunspeet,"575.000,00 €",342 m²
Ooftstraat 3 a,Utrecht,"771.500,00 €",79 m²
Sprietzeil 52,Almere,"525.000,00 €",179 m²
Hein Tuijpstraat 22,Volendam,"259.000,00 €",102 m²
Mecklenburgerstraat 4,Leiden,"369.000,00 €",78 m²
Johan Willem Frisostraat 44,Zoetermeer,"409.000,00 €",183 m²
Esplanade 22,Hellevoetsluis,"885.000,00 €",580 m²
Jensemaborg 9,Stadskanaal,"495.000,00 €",668 m²
Jollesstraat 5,Arnhem,"2.475.000,00 €",1.368 m²
Oudegracht 201,Alkmaar,"345.000,00 €",47 m²
Hoflanderweg 105,Beverwijk,"525.000,00 €",633 m²
Koperwiek 10,Boxmeer,"385.000,00 €",223 m²
Molenhei 20,Vught,"325.000,00 €",134 m²
Dalgrond 2,Surhuisterveen,"400.000,00 €",511 m²
Laurastraat 9,Hengelo (OV),"275.000,00 €",317 m²
Buizerd 38,Blaricum,"535.000,00 €",198 m²
Europaweg 4,Helmond,"695.000,00 €",867 m²
Meester Piparduslaan 22,Den Bosch,"529.000,00 €",233 m²
Lierstraat 50,IJmuiden,"449.500,00 €",211 m²
Regthuysstraat 7,Leidschendam,"487.500,00 €",122 m²
Garderenseweg 21,Putten,"885.000,00 €",555 m²
Vulcanusstraat 5,Apeldoorn,"549.000,00 €",280 m²
Bitgumerdyk 1,Menaam,"1.150.000,00 €",4.340 m²
Van Polanenpark 336,Wassenaar,"539.000,00 €",169 m²
Mariniersweg 10,Oud-Beijerland,"350.000,00 €",211 m²
Pelmolen 25,Maassluis,"565.000,00 €",198 m²
Notarisappelgaarde 10,Amersfoort,"495.000,00 €",184 m²
Heemskerkerweg 95,Beverwijk,"375.000,00 €",210 m²
Noordikslaan 4,Almelo,"595.000,00 €",478 m²
Boslaan 7,Zeist,"1.300.000,00 €",496 m²
Dijk 1 A,Montfort,"289.000,00 €",150 m²
Buurkerkhof 9,Utrecht,"800.000,00 €",48 m²
Govert Oostwoudpad 7,Zwaag,"400.000,00 €",133 m²
De Stanzerij 2,Alphen (NB),"450.000,00 €",293 m²
Vlettevaart 3,Steenbergen (NB),"535.000,00 €",270 m²
Tullekensmolenweg 103,Lieren,"699.000,00 €",666 m²
Kelderweg 13 B,Ouddorp,"625.000,00 €",678 m²
Buitenhof 12,Meteren,"389.000,00 €",120 m²
Kasteelstraat 12,Vlissingen,"229.000,00 €",110 m²
Newtonlaan 49,Vlijmen,"425.000,00 €",225 m²
Copernicuslaan 14,Hoogeveen,"399.500,00 €",508 m²
Boschdijk 385,Eindhoven,"385.000,00 €",169 m²
Taagdreef 39,Utrecht,"395.000,00 €",141 m²
Cammingastraat 23,Franeker,"260.000,00 €",283 m²
Robijndrift 48,Nieuwegein,"400.000,00 €",128 m²
Zeelsterstraat 52,Eindhoven,"425.000,00 €",151 m²
Schuitvlotstraat 6 a,Grijpskerke,"695.000,00 €",2.953 m²
Dam 38,Arkel,"450.000,00 €",144 m²
Schoonebekerstraat 19,Utrecht,"770.000,00 €",88 m²
Eikenhof 10,Ede,"345.000,00 €",157 m²
Hazeleger 16,Amerongen,"479.000,00 €",153 m²
Dr. Poelsstraat 59,Oosterhout (NB),"280.000,00 €",118 m²
Grote Bredeplaats 25,Harlingen,"337.500,00 €",233 m²
Jac Catsstraat 93,Putten,"475.000,00 €",293 m²
Havikenhof 14,Varsseveld,"495.000,00 €",448 m²
Zuiderkade 9,Ede,"450.000,00 €",232 m²
Schildmanstraat 60,Hendrik-Ido-Ambacht,"385.000,00 €",190 m²
Elmore Jamesstraat 12,Middelburg,"399.000,00 €",197 m²
Arcadialaan 41,Alkmaar,"375.000,00 €",165 m²
Keplerstraat 223,Nijmegen,"299.500,00 €",25 m²
Kostedeweg 5 -5A,Vorden,"750.000,00 €",1.245 m²
Achterweg 84,Nieuwe Wetering,"485.000,00 €",247 m²
't Kerkestuk 38,Reeuwijk,"475.000,00 €",148 m²
Veldsweg 93,Nijverdal,"325.000,00 €",226 m²
Zaling 106,Papendrecht,"595.000,00 €",198 m²
Cassinstraat 25,Middelburg,"675.000,00 €",544 m²
Vogelwikke 16,Leusden,"460.000,00 €",170 m²
Duizendguldenkruid 3,Amersfoort,"439.000,00 €",158 m²
Zaagmolenweg 18,Beek en Donk,"350.000,00 €",221 m²
Marknessestraat 30,Tilburg,"365.000,00 €",147 m²
Julianalaan 6 A,Zevenaar,"319.000,00 €",320 m²
Scholekster 18,De Lier,"650.000,00 €",248 m²
Ter Apelkanaal Oost 80,Ter Apelkanaal,"299.000,00 €",950 m²
Middelweg Oost 48,Wijk bij Duurstede,"375.000,00 €",150 m²
Jeroen Boschstraat 80,Rijen,"349.000,00 €",271 m²
Hoefsmid 25,Oldenzaal,"339.000,00 €",134 m²
Anna Boelensgaarde 14,Amersfoort,"525.000,00 €",175 m²
Havikskruid 49,Berghem,"500.000,00 €",286 m²
Jan Muisstraat 25,Roggel,"285.000,00 €",213 m²
Veenslagen 34,Amersfoort,"775.000,00 €",219 m²
Willem de Clercqstraat 85,Almelo,"345.000,00 €",277 m²
Laan van Gildestein 11,Nieuw-Vennep,"725.000,00 €",300 m²
Keteldiepstraat 9,Enschede,"239.000,00 €",150 m²
Urnenveld 4,Goirle,"1.550.000,00 €",1.600 m²
Bluesroute 45,Middelburg,"485.000,00 €",273 m²
Beverhoeve 22,Leusden,"435.000,00 €",157 m²
Merelplantsoen 48,Roelofarendsveen,"432.500,00 €",145 m²
Douglashout 64,Eindhoven,"585.000,00 €",135 m²
Badhuisstraat 67 69,Vlissingen,"795.000,00 €",245 m²
Saksenpoort 6,Houten,"425.000,00 €",128 m²
Willem Alexanderstraat 25,Randwijk,"375.000,00 €",216 m²
Keulse Vaart 100,Diemen,"785.000,00 €",123 m²
Prins Clausstraat 1,Nunspeet,"339.000,00 €",137 m²
Lange Dreef 94,Rijswijk (ZH),"500.000,00 €",174 m²
Jan Oldenburgerstraat E 114,Nieuwe Pekela,"215.000,00 €",461 m²
Vondellaan 30,Oosterhout (NB),"287.000,00 €",148 m²
Zuiderlicht 47,Heerhugowaard,"500.000,00 €",236 m²
Vastertlanden 60,Enschede,"298.000,00 €",167 m²
Burgemeester Albertiplein 19,Krommenie,"400.000,00 €",166 m²
Raadhuislaan 7,Maarn,"499.000,00 €",332 m²
Beatrixstraat 41,Emmen,"475.000,00 €",231 m²
Waterdrieblad 28,Oudkarspel (Gem. Dijk en Waard),"650.000,00 €",374 m²
Bosstraat 1,Udenhout,"650.000,00 €",578 m²
Corlaerstraat 35,Nijkerk,"575.000,00 €",398 m²
Triangelstraat 23,Eindhoven,"625.000,00 €",250 m²
Blauwe Beugelstraat 6,Rijsenhout,"550.000,00 €",360 m²
Gargonstraat 29,Serooskerke (Gem. Veere),"795.000,00 €",634 m²
Rio Grandelaan 49,Overveen,"1.150.000,00 €",185 m²
Kolk 3,Oud Ade,"469.000,00 €",166 m²
Eerste Stationsstraat 67,Zoetermeer,"795.000,00 €",719 m²
Akkerwinde 4,Alblasserdam,"319.000,00 €",103 m²
Pellekaanstraat 4,Koog aan de Zaan,"419.500,00 €",132 m²
Prins Hendriklaan 19,Rijswijk (ZH),"849.000,00 €",210 m²
Reaal 29,Hoorn (NH),"420.000,00 €",219 m²
Drostenkamp 11,Raalte,"450.000,00 €",358 m²
Statenlaan 140,Middelburg,"265.000,00 €",135 m²
Barbesteinweg 19,Heinkenszand,"1.099.000,00 €",15.480 m²
De Nova Cura 152,Drachten,"285.000,00 €",268 m²
Easter Omwei 44,Hurdegaryp,"359.000,00 €",503 m²
Kennemerstraatweg 119,Alkmaar,"650.000,00 €",250 m²
Wierdensestraat 132,Rijssen,"925.000,00 €",2.100 m²
Pagnevaartweg 4,Oudenbosch,"585.000,00 €",1.008 m²
Sleutelbloem 36,Breda,"360.000,00 €",139 m²
Burgemeester Joostenlaan 5,Roermond,"389.000,00 €",310 m²
Smeetsstraat 45,Stein,"339.000,00 €",578 m²
Binnenweg 5,Elspeet,"429.000,00 €",235 m²
Marijkeplein 7,Etten-Leur,"385.000,00 €",208 m²
Kolklaan 35,Maarsbergen,"549.000,00 €",211 m²
Weststraat 27,Aardenburg,"274.500,00 €",169 m²
De Streep 5,Assendelft,"385.000,00 €",125 m²
Zadelmakerstraat 3,Sevenum,"275.000,00 €",280 m²
Brunstingerstraat 20,Beilen,"250.000,00 €",173 m²
Koningin Wilhelminastraat 20,Huizen,"775.000,00 €",288 m²
Maandenweg 19,Almere,"775.000,00 €",737 m²
Kromwijkerkade 27,Woerden,"525.000,00 €",153 m²
Lievelandsbuurt 2,De Rijp,"585.000,00 €",231 m²
Terborgseweg 6,Dinxperlo,"350.000,00 €",635 m²
Jacob Catsstraat 19,Castricum,"575.000,00 €",189 m²
Dobbenwal 79,Assen,"339.000,00 €",295 m²
Spoelsterstraat 10,Haaksbergen,"285.000,00 €",212 m²
Gezina van der Molenlanden 10,Enschede,"675.000,00 €",689 m²
Valkenierslaan 227,Breda,"465.000,00 €",130 m²
Patrijzenlaan 35,Doorwerth,"379.000,00 €",140 m²
Dr Cuijpersstraat 4,Oudenbosch,"350.000,00 €",321 m²
Oostertuinen 56,Beverwijk,"450.000,00 €",127 m²
de Gildekamp 2361,Nijmegen,"285.000,00 €",178 m²
Steenakker 20,Nuenen,"589.000,00 €",212 m²
Ommerweg 18,Zuidwolde (DR),"550.000,00 €",1.770 m²
Prins Hendrikkade 69,Zaandam,"425.000,00 €",90 m²
Barbara van Meertenstraat 7,Zaandam,"425.000,00 €",121 m²
Acacialaan 6 A,Doetinchem,"650.000,00 €",618 m²
Samuelstraat 4,Nijverdal,"325.000,00 €",250 m²
de Schop 41,Lieshout,"462.500,00 €",248 m²
Sientje Mesdag-van Houtenstraat 133,Spijkenisse,"350.000,00 €",157 m²
Moensplein 16,Beverwijk,"375.000,00 €",128 m²
IJssellaan 72,Gouda,"397.500,00 €",146 m²
Paddevenweg 2,Veldhoven,"1.150.000,00 €",1.025 m²
Frans Hanegraafstraat 20,Hank,"498.000,00 €",518 m²
Haven 38,Maassluis,"489.000,00 €",64 m²
D.J. van Wijkstraat 14,Geldermalsen,"415.000,00 €",357 m²
Hemelboog Binnen 8,Heerhugowaard,"639.000,00 €",355 m²
Bovenbrugstraat 13,Arnhem,"795.000,00 €",181 m²
Kastanjelaan 4,Stadskanaal,"375.000,00 €",676 m²
Seringweg 25,Nunspeet,"309.000,00 €",160 m²
Marialaan 15,Milheeze,"525.000,00 €",629 m²
Vlielanderstraat 30,Pernis Rotterdam,"265.000,00 €",115 m²
Zuidstraat 11,Westkapelle,"275.000,00 €",154 m²
Schoolstraat 32,Apeldoorn,"549.500,00 €",57 m²
Hopveld 15,Beneden-Leeuwen,"350.000,00 €",152 m²
Noachstraat 33,Leiden,"550.000,00 €",192 m²
Valkenkamp 34,Driebergen-Rijsenburg,"475.000,00 €",159 m²
Wilgenlaan 44,Renswoude,"375.000,00 €",131 m²
Onze Lieve Vrouwestraat 10,Heteren,"495.000,00 €",678 m²
Anton Mauvelaan 27,Vlissingen,"319.000,00 €",130 m²
Catshoek 13,Alkmaar,"540.000,00 €",131 m²
Boorsmastraat 14,Katwijk (ZH),"469.000,00 €",124 m²
Achterdijk 31,Ouderkerk aan de Amstel,"1.095.000,00 €",590 m²
Lange Heul 203,Bussum,"395.000,00 €",140 m²
Boschovenseweg 2,Baarle-Nassau,"550.000,00 €",969 m²
Gerbrandystraat 24,Vlissingen,"449.000,00 €",620 m²
Korenbloemstraat 32,Scharendijke,"529.000,00 €",498 m²
Padangstraat 38,Haarlem,"375.000,00 €",102 m²
Jan Luykenstraat 20,Utrecht,"525.000,00 €",63 m²
Kuilenven 10,Goirle,"900.000,00 €",815 m²
Engewormer 8,Wormer,"595.000,00 €",240 m²
Hoefblad 121,Best,"340.000,00 €",133 m²
Lindestraat 17,Hendrik-Ido-Ambacht,"725.000,00 €",310 m²
Dr Zamenhofpad 4,Schiedam,"475.000,00 €",99 m²
Acacialaan 28,Diessen,"600.000,00 €",459 m²
Oude Bredasepostbaan 2 a,Hoeven,"1.200.000,00 €",12.940 m²
Sint Janstraat 29,Nuland,"525.000,00 €",370 m²
Brandnetel 31,Zwaag,"289.000,00 €",124 m²
Zilvermeeuwstraat 19,Maassluis,"425.000,00 €",199 m²
Zouavenstraat 6,Den Bosch,"609.000,00 €",420 m²
Beatrixlaan 49,Vlissingen,"269.000,00 €",130 m²
Abeelenlaan 1,Bennebroek,"1.250.000,00 €",475 m²
Bennekomseweg 75,Wageningen,"775.000,00 €",1.453 m²
Albert Schweitzerstraat 2,Groesbeek,"795.000,00 €",782 m²
Atalanta 30,Krommenie,"425.000,00 €",132 m²
Lange Noordstraat 33,Middelburg,"945.000,00 €",318 m²
Veldstraat 7,Putten,"695.000,00 €",401 m²
Liniestraat 18 C,Ochten,"690.000,00 €",525 m²
Lekdijk 21,Hagestein,"725.000,00 €",500 m²
Broekweg 38,Ouddorp,"1.095.000,00 €",2.000 m²
Schoutsakker 13,Schoorl,"1.275.000,00 €",1.563 m²
Oosteresstraat 74,Borger,"375.000,00 €",226 m²
Kabeljauwallee 23,Doorwerth,"1.100.000,00 €",1.298 m²
Van Ghemmenichstraat 27,Franeker,"279.500,00 €",112 m²
Graaf van Loonlaan 9,Heythuysen,"459.000,00 €",457 m²
Ds Pasmastraat 17,Bunnik,"750.000,00 €",300 m²
Westkapellelaan 7,Den Haag,"795.000,00 €",214 m²
Oranjebuorren 8,Ternaard,"399.000,00 €",485 m²
Vollenhovekade 54,Amersfoort,"435.000,00 €",100 m²
Gruttostraat 38,Hellevoetsluis,"300.000,00 €",175 m²
Eikstraat 50,Nieuwegein,"450.000,00 €",178 m²
Kasteelsepad 9,Doornenburg,"350.000,00 €",355 m²
Bernard Zweersstraat 19,Zaandijk,"795.000,00 €",388 m²
Kennedydreef 72,Ede,"339.500,00 €",145 m²
Zwerfkei 76,Malden,"535.000,00 €",257 m²
Aalbersestraat 6,Landgraaf,"160.000,00 €",110 m²
Nuenenseweg 60,Geldrop,"339.000,00 €",207 m²
Volmachtenlaan 17,Norg,"700.000,00 €",878 m²
Klaverstraat 7,Den Bosch,"345.000,00 €",238 m²
Oostersingel 2,Berkel en Rodenrijs,"800.000,00 €",518 m²
Linge 8,Apeldoorn,"269.500,00 €",147 m²
Wolfsculen 25,Mill,"350.000,00 €",299 m²
Rietdekkersdreef 907,Apeldoorn,"325.000,00 €",190 m²
Elft 56,Hippolytushoef,"595.000,00 €",455 m²
Oude Dijk 6,Nuenen,"995.000,00 €",1.230 m²
Vrouwenpolder 3,Amersfoort,"675.000,00 €",303 m²
Nieuwlandstraat 15,Tilburg,"869.000,00 €",246 m²
Stekelbaars 9,Leusden,"359.000,00 €",129 m²
Henriëtte Roland Holststraat 27,Noordwijk (ZH),"489.000,00 €",181 m²
Raiffeisenlaan 46,Utrecht,"825.000,00 €",171 m²
Binnenstraat 11,Herpen,"395.000,00 €",258 m²
Ooievaarlaan 75,Apeldoorn,"419.500,00 €",295 m²
De Breembos 4,Nuenen,"499.000,00 €",307 m²
Zevenblad 9,De Meern,"340.000,00 €",116 m²
Heuvelstraat 13,Deurne,"769.500,00 €",980 m²
Boven Boukoul 25 a,Swalmen,"585.000,00 €",693 m²
Monroedreef 30,Ede,"395.000,00 €",208 m²
Wachtpostdijk 2 b,Goor,"650.000,00 €",1.987 m²
Schapendrift 7,Blaricum,"995.000,00 €",421 m²
Oosterlaan 103,Driebergen-Rijsenburg,"475.000,00 €",317 m²
Prinsenlaan 1,Heemstede,"585.000,00 €",97 m²
Laan van Blois 247,Beverwijk,"432.500,00 €",165 m²
Kerkweg 26,Den Horn,"525.000,00 €",690 m²
Aleoeten 34,Capelle aan den IJssel,"375.000,00 €",135 m²
Jan van Amstelstraat 32,Gemert,"300.000,00 €",167 m²
Sneeuwuil 11,Emmen,"325.000,00 €",210 m²
Ameland 35,Zaandam,"389.000,00 €",103 m²
Harmen Addinkstraat 3,Steenderen,"375.000,00 €",208 m²
Brederostraat 5,Maarssen,"495.000,00 €",155 m²
Rechterensweg 5,Rouveen,"849.000,00 €",3.365 m²
Rietgansstraat 13,Putten,"790.000,00 €",372 m²
Zandvoortselaan 129,Zandvoort,"975.000,00 €",452 m²
Tweelingenlaan 42,Eindhoven,"619.000,00 €",411 m²
Lijsterstraat 20,Woerdense Verlaat,"450.000,00 €",360 m²
Margrietstraat 17,Lithoijen,"600.000,00 €",800 m²
Dommel 23,Someren,"750.000,00 €",540 m²
Honingland 7,Dalfsen,"325.000,00 €",166 m²
Pieter Lieftinckstraat 13,Woerden,"525.000,00 €",119 m²
Tollensstraat 3,Capelle aan den IJssel,"420.000,00 €",142 m²
Zweringweg 178,Enschede,"200.000,00 €",180 m²
Uithovensestraat 5,Hedel,"575.000,00 €",457 m²
Koningstraat 1,Velp (GE),"565.000,00 €",412 m²
Gravensingel 185,Dordrecht,"330.000,00 €",165 m²
Solidarnoscstraat 2,Haarlem,"475.000,00 €",109 m²
Schooldwarsstraat 12,Wolvega,"439.500,00 €",565 m²
Pathmossingel 193,Enschede,"345.000,00 €",135 m²
De Goorns 3,Emmen,"895.000,00 €",918 m²
Clausstraat 14,St. Willebrord,"619.500,00 €",640 m²
Kemphaanstraat 36,Wormer,"400.000,00 €",122 m²
Pastoor Geertmanstraat 30,Enschede,"270.000,00 €",207 m²
Regenwulplaan 18,Den Bosch,"475.000,00 €",239 m²
Fonteinkruid 30,Purmerend,"375.000,00 €",169 m²
Voorstraat 35,Wijk aan Zee,"375.000,00 €",153 m²
Kupstraat 7 A,Spaubeek,"225.000,00 €",329 m²
Zenobiagang 48,Zoetermeer,"459.000,00 €",165 m²
Vechtstroom 22,Zoetermeer,"700.000,00 €",308 m²
de Hofstede 18,Lienden,"895.000,00 €",1.585 m²
Burgemeester van Trichtlaan 56,Wilnis,"435.000,00 €",165 m²
Zwanenvliet 58,Streefkerk,"595.000,00 €",341 m²
Reuzenpandasingel 190,Heerhugowaard,"398.000,00 €",160 m²
Stationsdwarsweg 65,Rijssen,"950.000,00 €",2.500 m²
Lauwers 66,Hoofddorp,"835.000,00 €",296 m²
Weberstraat 144,Amersfoort,"495.000,00 €",117 m²
Aurorastraat 14,Almere,"550.000,00 €",237 m²
Dominee Honderslaan 10,Wassenaar,"625.000,00 €",264 m²
Tweede Oosterparklaan 248,Utrecht,"539.500,00 €",135 m²
Theodorus de Smethstraat 12,Deurne,"679.000,00 €",729 m²
Koningin Julianalaan 47,Leusden,"600.000,00 €",293 m²
Huygenhoekring 13,Heerhugowaard,"325.000,00 €",123 m²
Dorpsstraat 19,Neerkant,"449.000,00 €",1.440 m²
Molenstraat 71,Oudenbosch,"275.000,00 €",90 m²
Hertogin Hermingardisstraat 14,Oss,"350.000,00 €",234 m²
Oudendijk 64,Oud Gastel,"450.000,00 €",493 m²
Badhuisstraat 15,Haarlem,"895.000,00 €",225 m²
Van Hoockerkenstraat 2,Castricum,"725.000,00 €",386 m²
Cor Spaanslaan 26,Den Haag,"539.500,00 €",155 m²
Dwarswal 12,Veldhoven,"750.000,00 €",403 m²
Winterpolder 104,Houten,"649.000,00 €",165 m²
Kalmoeslaan 29,Rijnsaterwoude,"485.000,00 €",183 m²
Molenzichtweg 12,Bergen op Zoom,"1.000.000,00 €",2.110 m²
Van Amerongenerf 28,Veenendaal,"698.000,00 €",261 m²
Andijkstraat 95,Emmeloord,"280.000,00 €",168 m²
Visstraat 28,Tholen,"314.500,00 €",101 m²
Vaandrigstraat 11,Etten-Leur,"725.000,00 €",380 m²
Het Schild 2,Balkbrug,"264.000,00 €",228 m²
Spoorbaan 31,Hellevoetsluis,"425.000,00 €",119 m²
Laan van Kans 31,Den Haag,"895.000,00 €",323 m²
Welsummerweg 26,Dalfsen,"598.000,00 €",3.415 m²
Latestraat 5,Netersel,"499.000,00 €",399 m²
Boeier 03 6,Lelystad,"639.000,00 €",573 m²
Wanyng 13,Goor,"325.000,00 €",238 m²
Huyssitterweg 46,Leidschendam,"1.095.000,00 €",1.040 m²
Jan van Galenstraat 43,Veghel,"285.000,00 €",146 m²
Brinkgreverweg 202,Deventer,"535.000,00 €",294 m²
Fort Orthenlaan 11,Den Bosch,"599.500,00 €",273 m²
Oostdam 3,Woerden,"1.675.000,00 €",518 m²
Lakensnijdersgilde 39,Hasselt,"325.000,00 €",136 m²
Crookewitstraat 1,Wijk bij Duurstede,"375.000,00 €",153 m²
Vigelandstraat 21,Den Haag,"699.000,00 €",274 m²
Lansruwe 10,Maastricht,"235.000,00 €",135 m²
Menno ter Braaklaan 10,Oegstgeest,"450.000,00 €",121 m²
Kievitslaan 30,Vinkeveen,"450.000,00 €",174 m²
Braillelaan 63,Vlijmen,"495.000,00 €",315 m²
Zutphenseweg 8,Lochem,"775.000,00 €",450 m²
Karmijn 54,Winssen,"425.000,00 €",243 m²
Elstar 44,Berkel-Enschot,"1.095.000,00 €",935 m²
Kadoelenweg 115,Amsterdam,"965.000,00 €",2.610 m²
Oudstraat 24,Dongen,"419.000,00 €",226 m²
Czarinastraat 24,Zaandam,"400.000,00 €",95 m²
Bergstraat 10,Leerdam,"335.000,00 €",130 m²
Klarenbeekseweg 30,Klarenbeek (Gem. Apeldoorn),"795.000,00 €",1.950 m²
Senffpad 11,Amersfoort,"545.000,00 €",183 m²
Orpheuslaan 47,Eindhoven,"550.000,00 €",325 m²
Langestraat 75,Huizen,"365.000,00 €",113 m²
Echternachstraat 1 a,Wilbertoord,"350.000,00 €",171 m²
Sixlaan 14,Hillegom,"519.000,00 €",219 m²
Delftlaan 219,Haarlem,"775.000,00 €",152 m²
Jamboreelaan 3,Biddinghuizen,"565.000,00 €",493 m²
De Magistraat 12,Borculo,"795.000,00 €",737 m²
Sternstraat 6,Wormer,"925.000,00 €",768 m²
Jan Nieuwenhuyzenlaan 12,Monnickendam,"425.000,00 €",171 m²
Wilgenroos 23,Purmerend,"375.000,00 €",114 m²
De Hilver 56,Goirle,"595.000,00 €",270 m²
Prins Hendrikstraat 45,Hardinxveld-Giessendam,"475.000,00 €",160 m²
J.W. Hagemanstraat 39,Eibergen,"795.000,00 €",850 m²
Talma-lanen 17,Woerden,"400.000,00 €",148 m²
Mr. P.A. Bergsmastrjitte 1,Damwâld,"925.000,00 €",1.591 m²
Stinzenlaan Noord 114,Breukelen,"480.000,00 €",180 m²
Dokter Nillesenstraat 14,Winssen,"375.000,00 €",264 m²
Ebbenerve 23,Oosterwolde (GE),"675.000,00 €",535 m²
Keenwerf 29,Gouda,"395.000,00 €",129 m²
Suze Groeneweglanden 17,Enschede,"415.000,00 €",226 m²
Keldercroftlaan 5,Heiloo,"415.000,00 €",153 m²
Kruisstraat 4,Rhenen,"559.000,00 €",129 m²
Lijsterbes 37,Heiloo,"550.000,00 €",134 m²
Ommerweg 125,Hellendoorn,"950.000,00 €",12.110 m²
Amalialaan 4 a,Baarn,"995.000,00 €",510 m²
Schubertstraat 24,Heemskerk,"375.000,00 €",145 m²
Kellerberg 47,Gennep,"369.500,00 €",210 m²
Johannes Wildeboerstraat 10,Ferwert,"215.000,00 €",222 m²
Van Uytrechtlaan 6,Castricum,"695.000,00 €",430 m²
Mauritshuis 84,Capelle aan den IJssel,"350.000,00 €",173 m²
Kleine Haarsekade 30,Gorinchem,"425.000,00 €",175 m²
Rubensstraat 41,Papendrecht,"750.000,00 €",496 m²
van Heemskerkstraat 27,Veghel,"275.000,00 €",113 m²
De Scheifelaar 316,Veghel,"635.000,00 €",332 m²
Piet Stoffelenstraat 12,Steenbergen (NB),"437.500,00 €",221 m²
Molenbergweg 13,Herkenbosch,"735.000,00 €",2.131 m²
Het Rode Hert 60,Amersfoort,"569.000,00 €",213 m²
Kennedysingel 11,Reeuwijk,"500.000,00 €",488 m²
Ter Wee 2,Hasselt,"895.000,00 €",2.086 m²
Gerda Brautigamstraat 14,Zaandam,"399.500,00 €",129 m²
De Boerstraat 27,Poeldijk,"435.000,00 €",112 m²
Emmastraat 16,Steenwijk,"349.000,00 €",248 m²
Govert Flinckstraat 13,Apeldoorn,"435.000,00 €",170 m²
Landbouwstraat 19,Wildervank,"575.000,00 €",4.275 m²
Slagveld 7,Brielle,"375.000,00 €",100 m²
Steigerdijk 24,Heerhugowaard,"399.000,00 €",108 m²
Loogstraat 18,Wilsum,"349.000,00 €",255 m²
Van Hogendorplaan 3,Woudenberg,"550.000,00 €",235 m²
Akkerwinde 22,Werkendam,"400.000,00 €",285 m²
Mispelstraat 24,Den Haag,"795.000,00 €",127 m²
Noorderhoofdstraat 70,Krommenie,"495.000,00 €",259 m²
Zandvoortselaan 212,Bentveld,"1.695.000,00 €",784 m²
Beekeerdhamel 2,Assen,"875.000,00 €",1.004 m²
Duinkerkenlaan 16,Eindhoven,"365.000,00 €",219 m²
Wilhelminastraat 34,Berkel en Rodenrijs,"400.000,00 €",155 m²
Landjonker 72,Poortugaal,"800.000,00 €",409 m²
Populierenlaan 64,Beverwijk,"365.000,00 €",104 m²
Kerkbrink 17,Groet,"795.000,00 €",448 m²
Duindoornhof 5,Bentveld,"1.800.000,00 €",473 m²
Gijsbrecht van Nijenrodestraat 138,Breukelen,"1.245.000,00 €",525 m²
Morgenster 15,Nijverdal,"325.000,00 €",266 m²
Ruseschans 23,Zoetermeer,"849.000,00 €",320 m²
Dokter Willemslaan 1,Slagharen,"455.000,00 €",841 m²
Mezenlaan 15,Beneden-Leeuwen,"525.000,00 €",242 m²
Middellaan 7,Veenendaal,"499.000,00 €",232 m²
Fenixhof 5,Zwolle,"625.000,00 €",64 m²
Langbroekerdijk A 93,Langbroek,"695.000,00 €",690 m²
Vrijlandtstraat 48,Pernis Rotterdam,"259.000,00 €",149 m²
Laan van Othene 36,Terneuzen,"579.000,00 €",388 m²
Palembangweg 17,Almere,"315.000,00 €",63 m²
Barneveldpad 42,Almere,"325.000,00 €",121 m²
Sprietzeil 64,Almere,"550.000,00 €",207 m²
Govert Flinckstraat 10,Zaandam,"475.000,00 €",126 m²
Asterstraat 18,Barneveld,"329.000,00 €",182 m²
Oranje Nassaustraat 10,Geldermalsen,"389.000,00 €",401 m²
Anjelierstraat 15,Oosterhout (NB),"249.000,00 €",146 m²
Strandkrab 3,Bergen op Zoom,"479.000,00 €",214 m²
Viskorf 33,Borne,"379.000,00 €",153 m²
Bovenboerseweg 27,Wanneperveen,"350.000,00 €",385 m²
Scheggertdijk 3,Almen,"995.000,00 €",3.000 m²
Homaat 5,Westerbork,"475.000,00 €",430 m²
H.H. Schefferlaan 2,Hardenberg,"297.500,00 €",363 m²
Heikestraat 62,Tilburg,"350.000,00 €",135 m²
Molendijk 64,'s Gravenmoer,"795.000,00 €",800 m²
Oostweg 65,Krabbendijke,"217.500,00 €",277 m²
Polderzicht 15,Wijk en Aalburg,"690.000,00 €",587 m²
Brink 15,Dwingeloo,"795.000,00 €",855 m²
Stiffelio 68,Eindhoven,"775.000,00 €",282 m²
Mosterdsteeg 16,Alkmaar,"589.000,00 €",71 m²
Gagelveld 6,Reusel,"675.000,00 €",410 m²
Parkdreef 6,Huissen,"775.000,00 €",980 m²
Keurhove 110,Middelburg,"199.000,00 €",140 m²
Nieuwe Streek 4,Kolhorn,"349.000,00 €",113 m²
Waterwereld 42,Eindhoven,"545.000,00 €",212 m²
Prins Hendrikstraat 3,Gorinchem,"485.000,00 €",170 m²
Willem van der Voetstraat 34,Monnickendam,"700.000,00 €",223 m²
Zevenbergseweg 36 a,Berghem,"625.000,00 €",1.705 m²
Biggenweide 23,Zoetermeer,"395.000,00 €",130 m²
Westeinde 107,Schermerhorn,"750.000,00 €",480 m²
Monseigneur van Enckevoirtstraat 2,Sambeek,"350.000,00 €",277 m²
Vondellaan 54,'s-Gravenzande,"475.000,00 €",136 m²
Moesson 3,Zeewolde,"335.000,00 €",123 m²
Veeringzoom 28,Koog aan de Zaan,"475.000,00 €",135 m²
Populierenlaan 32,Stolwijk,"800.000,00 €",1.289 m²
Op het Bergske 24,Landgraaf,"350.000,00 €",320 m²
Graaf Ottosingel 191,Zutphen,"498.000,00 €",136 m²
Laan van Henegouwen 13,Roosendaal,"475.000,00 €",305 m²
Van Heutzstraat 1,Enschede,"250.000,00 €",141 m²
Grote Vuurvlinder 3,Tiel,"799.000,00 €",345 m²
Mozartstraat 3,Molenhoek,"275.000,00 €",128 m²
Wildbaan 49,Etten-Leur,"519.000,00 €",361 m²
Makreelstraat 19,Almere,"350.000,00 €",126 m²
Sandenburghlaan 51,Veere,"479.000,00 €",308 m²
Strombolihof 9,Rotterdam,"600.000,00 €",153 m²
Hannie Schaftstraat 80,Leidschendam,"639.000,00 €",172 m²
Nieuwstraat 12,Venhuizen,"275.000,00 €",260 m²
Parkwijklaan 75,Almere,"450.000,00 €",251 m²
Tormentilgaarde 6,Nieuwegein,"895.000,00 €",1.010 m²
Stationstraat 12,Uden,"849.000,00 €",460 m²
Anemoon 26,Haaksbergen,"645.000,00 €",685 m²
Bernhardstraat 64,Delden,"350.000,00 €",241 m²
Weverijstraat 6,Domburg,"419.000,00 €",161 m²
Lankveld 13,Erp,"547.000,00 €",761 m²
Iependreef 6,Bleiswijk,"325.000,00 €",100 m²
Vollenhovekade 6,Amersfoort,"450.000,00 €",99 m²
de Gouwe 29,Landsmeer,"1.850.000,00 €",1.144 m²
Grootestraat 2,Batenburg,"799.000,00 €",2.191 m²
Kraaiekamp 43,Elst (GE),"475.000,00 €",378 m²
Leestenseweg 8 a,Zutphen,"875.000,00 €",1.110 m²
van der Duyn van Maesdamstraat 100,Twello,"360.000,00 €",148 m²
Oude Bredaseweg 96,Etten-Leur,"950.000,00 €",981 m²
Damsigtstraat 68,Voorburg,"710.000,00 €",194 m²
Vredenoord 36,Heiloo,"495.000,00 €",177 m²
Luitje Broekemastraat 38,Purmerend,"375.000,00 €",185 m²
van Oldenbarneveltstraat 10,Putten,"539.000,00 €",300 m²
Quitoplantsoen 21,Den Haag,"550.000,00 €",174 m²
Waterviolier 74,Amersfoort,"429.000,00 €",144 m²
Zernikehof 9,Nijkerk,"639.000,00 €",565 m²
Julianalaan 1,Reeuwijk,"400.000,00 €",168 m²
Boschhoeve 11,Nuenen,"725.000,00 €",266 m²
L. van Wijkplein 15,Heemstede,"1.650.000,00 €",720 m²
Albertijn 8,Mijdrecht,"425.000,00 €",198 m²
Vogelwikke 1,Bodegraven,"650.000,00 €",264 m²
van Wijngaardenstraat 3,Raamsdonksveer,"365.000,00 €",216 m²
Beatrixweg 17,Vaassen,"565.000,00 €",431 m²
Gangeslaan 34,Purmerend,"550.000,00 €",134 m²
Gildelaan 42,Eindhoven,"475.000,00 €",122 m²
Noordwal 60,Leerdam,"375.000,00 €",80 m²
Rijsenburgselaan 47,Driebergen-Rijsenburg,"449.000,00 €",122 m²
Zicht 16,Berghem,"585.000,00 €",483 m²
Roggeveld 53,Veenendaal,"395.000,00 €",154 m²
Lange Kerkdam 35 a,Wassenaar,"950.000,00 €",303 m²
Heemraadschapslaan 84,Amstelveen,"795.000,00 €",176 m²
Paukenstraat 74,Uden,"389.000,00 €",273 m²
Julianaweg 8,Zevenhuizen (ZH),"795.000,00 €",847 m²
Venrayseweg 26 d,Overloon,"1.750.000,00 €",2.040 m²
Herenstraat 101,Bussum,"1.095.000,00 €",383 m²
Banierhof 6,Rotterdam,"575.000,00 €",59 m²
Kennedylaan 23,Sterksel,"1.295.000,00 €",1.419 m²
Lekdijk 25,Tienhoven aan de Lek,"895.000,00 €",455 m²
Albert John Luthulistraat 4,Purmerend,"550.000,00 €",144 m²
Gerard Douhof 41,Nijkerk,"435.000,00 €",290 m²
Burg Kerssemakersstraat 43,Raalte,"450.000,00 €",480 m²
Pastorij 7,Veldhoven,"850.000,00 €",870 m²
Hoge Weere 130,Zwaag,"375.000,00 €",138 m²
Sluisweg 50,Dongen,"635.000,00 €",505 m²
Schotakker 22,Epe,"625.000,00 €",790 m²
Kransvederkruid 17,Amersfoort,"389.000,00 €",122 m²
Suezweg 43,Purmerend,"750.000,00 €",290 m²
Ceintuurweg 20,Sint-Michielsgestel,"1.125.000,00 €",953 m²
Profietstraat 17,Ootmarsum,"298.000,00 €",475 m²
Blauwborst 6,Hoogkarspel,"575.000,00 €",262 m²
Prinses Ireneplein 14,Bergeijk,"295.000,00 €",127 m²
Van Broekhuisenstraat 35,Ammerzoden,"475.000,00 €",479 m²
Moerasmos 8,Veenendaal,"850.000,00 €",502 m²
Julianastraat 74,Boekel,"525.000,00 €",1.232 m²
Julianalaan 64,Hoevelaken,"400.000,00 €",163 m²
Edisonplein 5 5a,Breda,"589.000,00 €",150 m²
Torenmolen 10,Papendrecht,"349.500,00 €",138 m²
Roghorst 347,Wageningen,"475.000,00 €",321 m²
Deurningerstraat 470,Enschede,"499.000,00 €",609 m²
Jan van Ghestellaan 30,Rotterdam,"1.098.000,00 €",291 m²
Reigersbek 49,Nieuwegein,"400.000,00 €",169 m²
Erenstein 14,Zeewolde,"475.000,00 €",207 m²
Bosbraam 26,Assen,"392.500,00 €",235 m²
Sparrenlaan 27,Dorst,"375.000,00 €",333 m²
Dennis Leestraat 39,Stampersgat,"315.000,00 €",311 m²
Zuiderzeestraatweg 585,Wezep,"449.000,00 €",419 m²
Oostmaasstraat 32,Rotterdam,"625.000,00 €",81 m²
Bizetlaan 13,Vlijmen,"410.000,00 €",233 m²
Zwaanstraat 37,IJmuiden,"399.000,00 €",137 m²
Bloemheuvellaan 19 b,Apeldoorn,"550.000,00 €",232 m²
Johan Evertsenlaan 16,Maassluis,"595.000,00 €",276 m²
Leijsbornstraat 14,Putten,"598.000,00 €",335 m²
De Aalscholver 10,Lichtenvoorde,"379.000,00 €",214 m²
De Lannoystraat 11,Vlissingen,"225.000,00 €",110 m²
Shetlandpad 8,Zoetermeer,"450.000,00 €",117 m²
Berend Demmerstraat 18,Volendam,"265.000,00 €",68 m²
Willem Dreeslaan 10,Zaandijk,"650.000,00 €",98 m²
Jorisstraat 27,Breda,"415.000,00 €",138 m²
Vossenlaar 1,Bavel (Gem. Breda),"715.000,00 €",269 m²
Walenburg 8,Amstelveen,"695.000,00 €",126 m²
Laagstraat 33,Rijen,"389.000,00 €",215 m²
Westerweg 81,Alkmaar,"650.000,00 €",163 m²
De Ossenboer 24,Enschede,"450.000,00 €",702 m²
Oude Koudekerkseweg 5,Middelburg,"235.000,00 €",107 m²
Woerdense Verlaat 7,Woerdense Verlaat,"650.000,00 €",823 m²
Mare 79,Pijnacker,"625.000,00 €",191 m²
Gerbrandtslaan 2 a,Schoorl,"2.395.000,00 €",1.430 m²
Ootmarsumsedijk 51,Oldenzaal,"329.000,00 €",155 m²
Kleine Sparrenlaan 4,Bennebroek,"1.150.000,00 €",680 m²
Snijders Weer 1,Assendelft,"875.000,00 €",508 m²
Den Hoorn 5,Zoetermeer,"395.000,00 €",300 m²
Burgemeester Van der Heidelaan 64,Vleuten,"535.000,00 €",202 m²
Dorpsdijk 45,Vrouwenpolder,"350.000,00 €",231 m²
Iepenlaan 3,Bloemendaal,"890.000,00 €",265 m²
Koningin Emmalaan 5,Blaricum,"1.895.000,00 €",1.954 m²
Mendelssohnstraat 12,Capelle aan den IJssel,"595.000,00 €",255 m²
Dijkven 9,Zaandam,"475.000,00 €",130 m²
Charlotte van Pallandtlaan 40,Voorburg,"595.000,00 €",113 m²
Hoofdstraat 20 en 20 I,Borger,"545.000,00 €",353 m²
Kromme Gat 24,Hardinxveld-Giessendam,"540.000,00 €",725 m²
Wielewaalhof 104,Stadskanaal,"289.000,00 €",310 m²
Tineke Guilonardlaan 1,Amstelveen,"2.250.000,00 €",490 m²
Uitdamstraat 16,Amersfoort,"895.000,00 €",281 m²
Zuiddijk 296,Zaandam,"300.000,00 €",119 m²
Acaciasingel 48,Den Bosch,"299.500,00 €",70 m²
Herfsttuin 41,Barneveld,"725.000,00 €",467 m²
Scholeksterstraat 2,Zierikzee,"600.000,00 €",600 m²
Molenstraat 50 B,Zaandam,"245.000,00 €",85 m²
Johan Spruijtstraat 20,Grashoek,"450.000,00 €",495 m²
Reekerkooglaan 28,Heerhugowaard,"375.000,00 €",151 m²
Haydnstraat 32,Eindhoven,"359.500,00 €",174 m²
De Savornin Lohmanstraat 5,Noordwijkerhout,"449.000,00 €",172 m²
Leersumseberg 12,Amersfoort,"575.000,00 €",240 m²
Potskampstraat 49,Oldenzaal,"785.000,00 €",870 m²
Woudrichemstraat 121,Arnhem,"389.000,00 €",222 m²
Jordaenslaan 55,Vlissingen,"449.000,00 €",171 m²
Vermeerlaan 4,Woudenberg,"325.000,00 €",160 m²
Wittenburg 61,Nijkerk,"435.000,00 €",314 m²
Leidseweg 245,Voorschoten,"595.000,00 €",243 m²
Schout en Schepenenstraat 27,Den Helder,"295.000,00 €",154 m²
Verdistraat 34,Twello,"650.000,00 €",724 m²
Ladderbeekstraat 16,Velsen-Noord,"415.000,00 €",139 m²
Vos de Waelstraat 3,Westervoort,"349.500,00 €",251 m²
Mars 14,Duiven,"295.000,00 €",223 m²
Brinklaan 14 B,Bussum,"485.000,00 €",102 m²
Kloosterstraat 8 A,Chaam,"3.150.000,00 €",12.580 m²
Clematis 34,Dirksland,"450.000,00 €",318 m²
Neerwal 154,Helmond,"459.000,00 €",115 m²
Boerdijk 5 a,Enter,"425.000,00 €",659 m²
Fransebaan 491,Eindhoven,"450.000,00 €",256 m²
Zonnebloemstraat 1,Terneuzen,"179.000,00 €",172 m²
Kamvaren 16,Purmerend,"500.000,00 €",228 m²
Vrijheidsakker 5,Etten-Leur,"350.000,00 €",119 m²
Vriezenbeemden 6,Helmond,"800.000,00 €",480 m²
de Tocht 16,Benthuizen,"395.000,00 €",145 m²
Dollardlaan 97,Scheemda,"479.000,00 €",860 m²
Vloedstroom 51,Katwijk (ZH),"475.000,00 €",182 m²
Rulstraat 50,Oosterhout (NB),"1.095.000,00 €",600 m²
Dobbelerserf 3,Helmond,"459.000,00 €",291 m²
Winkler Prinsstraat 36,Tilburg,"309.000,00 €",175 m²
van Alewijkstraat 2 G,Beerzerveld,"309.000,00 €",210 m²
Weverstraat 14,Nuenen,"400.000,00 €",224 m²
Waltmanstraat 49,Zwaanshoek,"495.000,00 €",196 m²
Ceintuurbaan 298,Bussum,"715.000,00 €",491 m²
Holskottelanden 30,Enschede,"475.000,00 €",269 m²
Voorn 6,Oostzaan,"487.500,00 €",127 m²
Schermer 8,Amersfoort,"537.500,00 €",165 m²
Beets 88 a,Beets,"825.000,00 €",771 m²
De Driekoningen 15,'s-Heerenberg,"595.000,00 €",586 m²
Prins Hendrikstraat 118,Zaandam,"400.000,00 €",137 m²
Asschatterweg 44,Leusden,"1.700.000,00 €",5.540 m²
Korenbloemstraat 79,Putten,"415.000,00 €",180 m²
Balfortstraat 76,Breda,"839.000,00 €",132 m²
Ridderstraat 28,Heusden (Gem. Heusden),"390.000,00 €",93 m²
Kluisstraat 66,IJsselmuiden,"715.000,00 €",562 m²
Prinsenweg 33,Elst (UT),"450.000,00 €",227 m²
Rembrandtstraat 2,Tiel,"485.000,00 €",340 m²
Kanaaldijk N.W. 47,Helmond,"1.875.000,00 €",1.234 m²
Dorpsstraat 29,Pesse (Gem. Hoogeveen),"359.500,00 €",824 m²
Bogardeind 178,Geldrop,"550.000,00 €",1.122 m²
Aresstraat 26,Almere,"570.000,00 €",169 m²
Mariënstein 8,Heiloo,"450.000,00 €",201 m²
Kosterskamp 20,Den Ham (OV),"475.000,00 €",711 m²
Elsje van Houweningenstraat 62,Gorinchem,"450.000,00 €",132 m²
Klaverhof 8,Purmerend,"400.000,00 €",130 m²
Klaverhof 8,Purmerend,"400.000,00 €",130 m²
Beethovenweg 4,Eelde,"350.000,00 €",341 m²
Groen van Prinstererstraat 40,Soest,"899.000,00 €",469 m²
Rivierdijk 163,Sliedrecht,"550.000,00 €",288 m²
Mariastraat 65,Apeldoorn,"549.000,00 €",232 m²
Boerhave 5,Tubbergen,"399.000,00 €",219 m²
Larenseweg 58,Holten,"539.000,00 €",623 m²
Marsstraat 44,Haarlem,"750.000,00 €",145 m²
Irisstraat 51,Koog aan de Zaan,"450.000,00 €",114 m²
Bankenlaan 50,Beverwijk,"1.900.000,00 €",3.728 m²
Seevank 86,Zwanenburg,"475.000,00 €",153 m²
Groen van Prinsterersingel 40,Gouda,"350.000,00 €",202 m²
Kalkoenstraat 29,Breda,"450.000,00 €",127 m²
Ed Hoorniklaan 2,De Meern,"650.000,00 €",183 m²
Leliestraat 9,Woerden,"525.000,00 €",205 m²
Tynaarlosestraat 35,Vries,"489.000,00 €",566 m²
Nieuwendamstraat 35,Zaandam,"400.000,00 €",107 m²
Brederolaan 50,Etten-Leur,"339.000,00 €",179 m²
Boeierhof 1,Lisse,"365.000,00 €",39 m²
Prinses Beatrixstraat 91,Arkel,"310.000,00 €",118 m²
Tuilland 15,Doorn,"380.000,00 €",156 m²
Onder Zeil 34,Enkhuizen,"465.000,00 €",244 m²
Geert van der Zwaagweg 35,Heerenveen,"399.000,00 €",295 m²
Mahatma Gandhistraat 48,Rotterdam,"850.000,00 €",361 m²
Theo Hendriksehof 2,Beverwijk,"500.000,00 €",166 m²
Carterlaan 31,Goes,"295.000,00 €",192 m²
Heemskerkstraat 22,Apeldoorn,"269.000,00 €",184 m²
Arkelse Onderweg 33,Gorinchem,"550.000,00 €",260 m²
Klompstraat 1,Apeldoorn,"259.500,00 €",109 m²
Westerpark 130,Tilburg,"300.000,00 €",132 m²
Alexandriëstraat 77,Rotterdam,"545.000,00 €",151 m²
Pronkridder 46,Assen,"349.500,00 €",174 m²
Paul Krugerstraat 61,Assen,"325.000,00 €",136 m²
Gele lis 44,Puttershoek,"525.000,00 €",223 m²
Moezel 116,Drachten,"239.000,00 €",302 m²
Vermeerstraat 42,Bleiswijk,"350.000,00 €",163 m²
Veldstraat 14,Beegden,"535.000,00 €",666 m²
Valutaboulevard 12,Amsterdam,"575.000,00 €",70 m²
Hemma Oddastrjitte 1,Leeuwarden,"885.000,00 €",1.185 m²
Moldaustroom 47,Zoetermeer,"525.000,00 €",129 m²
de Marsjes 71,Hellendoorn,"549.500,00 €",436 m²
Merwedestraat 1,Maasdam,"749.000,00 €",494 m²
Ambachtsherenlaan 146,Zoetermeer,"450.000,00 €",113 m²
Verlengde Kerkeboslaan 12,Wassenaar,"1.350.000,00 €",1.494 m²
Zandschelstraat 14,Goirle,"345.000,00 €",250 m²
Hopklaver 5,Hendrik-Ido-Ambacht,"420.000,00 €",146 m²
Amaliahof 23,Ruurlo,"445.000,00 €",205 m²
Oranjelaan 17,Bodegraven,"395.000,00 €",140 m²
Geerland 72,Kudelstaart,"475.000,00 €",204 m²
La Reinestraat 1,Andijk,"300.000,00 €",168 m²
Westerweg 381,Heiloo,"695.000,00 €",678 m²
Europaweg 329,Nieuw-Schoonebeek,"500.000,00 €",19.055 m²
Westenenkerweg 12,Apeldoorn,"498.500,00 €",315 m²
Wildschutweg 9,Wijdewormer,"348.500,00 €",260 m²
Wallestein 25,Loenen aan de Vecht,"525.000,00 €",223 m²
Raadhuisstraat 7,Maurik,"685.000,00 €",604 m²
Nonnenwater 4,Gouda,"595.000,00 €",119 m²
Kortenhoefsedijk 8,Kortenhoef,"995.000,00 €",370 m²
Oppers 96,Wolvega,"550.000,00 €",2.720 m²
Stanleystraat 29,Hulst,"395.000,00 €",287 m²
Lageweg 38,Ouderkerk aan den IJssel,"895.000,00 €",1.748 m²
Noteboomstraat 15,Winterswijk,"239.000,00 €",170 m²
Udenseweg 10 a,Zeeland,"1.150.000,00 €",8.173 m²
Brinkgreverweg 232,Deventer,"595.000,00 €",292 m²
Coornhertlaan 15,Eindhoven,"3.200.000,00 €",979 m²
Pôlle 12,Rotsterhaule,"1.240.000,00 €",4.598 m²
Hoogstraat 18,Wijk bij Duurstede,"875.000,00 €",435 m²
Westerbosje 2,Exloo,"535.000,00 €",1.305 m²
Zesstedenweg 245,Grootebroek,"600.000,00 €",650 m²
Wislaan 215,Uden,"525.000,00 €",224 m²
Julianaweg 71,Wijk aan Zee,"1.495.000,00 €",1.690 m²
Roerdomplaan 98,Aalsmeer,"440.000,00 €",170 m²
Willinklaan 6,Oegstgeest,"895.000,00 €",196 m²
Goudsbloemstraat 8,'s-Gravendeel,"625.000,00 €",502 m²
Generaal Kraijenhoffstraat 91,Naarden,"475.000,00 €",253 m²
Rietgras 27,De Goorn,"895.000,00 €",565 m²
Hordijk 135,Rotterdam,"425.000,00 €",313 m²
Den Ilp 27 A,Den Ilp,"989.011,00 €",315 m²
Kleefsestraat 1,Uden,"535.000,00 €",458 m²
Ooststraat 18,Kortgene,"239.000,00 €",206 m²
Groot Hoefblad 4,Grootegast,"450.000,00 €",650 m²
Het Lariksbos 6,Apeldoorn,"595.000,00 €",255 m²
Bovenste Molenweg 3,Venlo,"1.100.000,00 €",4.290 m²
Sweelinckstraat 6,Gorinchem,"339.000,00 €",141 m²
Tramwijk ZZ 132,Nieuw-Weerdinge,"325.000,00 €",1.531 m²
Drususlaan 37,De Meern,"565.000,00 €",181 m²
Willem Zelleweg 61,Goes,"389.000,00 €",296 m²
Boelestein 39,Amersfoort,"425.000,00 €",144 m²
Baansingel 154 B,Alkmaar,"650.000,00 €",114 m²
Kruisweg 1099,Hoofddorp,"625.000,00 €",365 m²
Dijkstraat 13,Hansweert,"449.000,00 €",243 m²
Contrabas 51,Etten-Leur,"315.000,00 €",134 m²
Neckardal 17,Capelle aan den IJssel,"375.000,00 €",188 m²
Kastanjelaan 10,Terneuzen,"395.000,00 €",489 m²
Frans Naereboutrede 7,Capelle aan den IJssel,"350.000,00 €",200 m²
Werf 8,Eibergen,"359.000,00 €",217 m²
Dolomiet 14,Eindhoven,"595.000,00 €",270 m²
Valettaweide 7,Hellevoetsluis,"995.000,00 €",947 m²
Sjorsstraat 33,Almere,"400.000,00 €",122 m²
Steenbergenstraat 17,Eindhoven,"350.000,00 €",135 m²
M. van Zantenstraat 26,Nieuwer Ter Aa,"395.000,00 €",148 m²
Meerzicht 1,Abcoude,"600.000,00 €",203 m²
Vaartdijk 12,Assendelft,"1.050.000,00 €",1.156 m²
Geversstraat 26,Oegstgeest,"849.000,00 €",204 m²
Kruisnetlaan 206,Hoogvliet Rotterdam,"325.000,00 €",156 m²
Prins Constantijnlaan 2,Badhoevedorp,"945.000,00 €",624 m²
Norbertushof 12,Vianen (UT),"825.000,00 €",680 m²
Koningin Julianalaan 23,Voorschoten,"585.000,00 €",151 m²
Groenstraat 20,Melick,"529.000,00 €",1.890 m²
Delwijnsestraat 42 a,Delwijnen,"700.000,00 €",985 m²
Grotestraat 72,Cuijk,"350.000,00 €",459 m²
Hertogensingel 103,Oss,"575.000,00 €",445 m²
De Kuil 29,Uitgeest,"1.495.000,00 €",480 m²
J F Kennedylaan 37,Uithuizen,"375.000,00 €",561 m²
Wolfpad 66,Alkmaar,"905.000,00 €",131 m²
Scheepswerf 7,Huizen,"649.000,00 €",243 m²
Elsakkersstraat 57,Hilvarenbeek,"450.000,00 €",268 m²
Achterweg 4,Limmen,"1.325.000,00 €",1.164 m²
Theebos 18,Limmen,"469.000,00 €",256 m²
Biesheuvellaan 23,Vlijmen,"829.000,00 €",588 m²
St Odastraat 5,Eindhoven,"485.000,00 €",151 m²
Commissaris Kortmannlaan 5,Den Bosch,"425.000,00 €",162 m²
Kastanjelaan 29,Grijpskerk,"450.000,00 €",630 m²
Oudeweg 35,Ossenzijl,"549.500,00 €",630 m²
Witte Hoeflaan 54,Oss,"795.000,00 €",728 m²
Laan naar Emiclaer 28,Amersfoort,"449.000,00 €",93 m²
Bertus Aafjeshove 4,Nieuwegein,"650.000,00 €",268 m²
Prof ten Doesschatestraat 305,Heemskerk,"369.000,00 €",156 m²
Bisschop Willebrandlaan 67,Zwolle,"359.000,00 €",208 m²
De Brandt 14,Dalfsen,"990.000,00 €",8.400 m²
Carmelietenstraat 2,Oudorp,"505.000,00 €",168 m²
Seringenstraat 19,Beneden-Leeuwen,"400.000,00 €",228 m²
't eerste Môrn 5,Vrouwenparochie,"450.000,00 €",548 m²
Oude Singel 50,Schoonhoven,"275.000,00 €",74 m²
Paradijsvogelweg 57,Almere,"1.125.000,00 €",3.325 m²
Irenelaan 27,Beusichem,"375.000,00 €",246 m²
Burgemeester Nieuwenhuijsenstraat 29,Limmen,"498.000,00 €",255 m²
Markiezinnestraat 8,Geldrop,"599.000,00 €",346 m²
Bruins Slotlaan 38,Nijkerk,"450.000,00 €",290 m²
De Ripse Schans 2,Rijpwetering,"750.000,00 €",306 m²
Hendrik Marsmanhove 42,Nieuwegein,"850.000,00 €",371 m²
Eemstraat 30,Enschede,"298.000,00 €",161 m²
Cruijscamplaan 24,Heiloo,"469.500,00 €",151 m²
Haruku 35,Barneveld,"399.000,00 €",139 m²
Delweg 12,Ulft,"499.000,00 €",590 m²
Hoekvensedreef 22,Achtmaal,"1.350.000,00 €",18.627 m²
Golfslag 1,Hellevoetsluis,"685.000,00 €",715 m²
Van Veen's park 12,Smilde,"550.000,00 €",1.692 m²
Hoog Geldrop 46,Geldrop,"599.000,00 €",397 m²
Noordikslaan 17 a,Almelo,"650.000,00 €",805 m²
Topaasstraat 16,Enschede,"298.000,00 €",178 m²
Gageldonk 13,Udenhout,"348.000,00 €",310 m²
Nijverheidsstraat 12,Kerkdriel,"1.150.000,00 €",1.955 m²
Hoofdstraat 14,Rolde,"475.000,00 €",250 m²
Huismansweg 13,Schoorl,"2.150.000,00 €",2.300 m²
Erve Derkman 8,Oldenzaal,"600.000,00 €",447 m²
Jeudje 57,Hoorn (NH),"525.000,00 €",118 m²
Tarthorst 641,Wageningen,"350.000,00 €",135 m²
Burgzatenstraat 5,Amersfoort,"600.000,00 €",250 m²
Ekenstein 22,Lelystad,"369.000,00 €",192 m²
Neerlandstraat 1 a,Geldrop,"850.000,00 €",573 m²
Dorpsstraat 39,Aarle-Rixtel,"689.000,00 €",530 m²
Neerstraat 65 a,Roermond,"595.000,00 €",100 m²
J M van der Meystraat 56,Assendelft,"575.000,00 €",192 m²
Van Merlenlaan 9,Heemstede,"3.750.000,00 €",1.150 m²
Asturiëstraat 25,Lent,"475.000,00 €",152 m²
van de Puttestraat 13,Gouda,"375.000,00 €",122 m²
Heuvelsepad 34,Ede,"450.000,00 €",350 m²
Cederstraat 7,Drunen,"400.000,00 €",237 m²
Weteringstraat 65,Baarn,"445.000,00 €",166 m²
Knotwilgenstraat 55,Schoonhoven,"389.000,00 €",131 m²
Kamillestraat 23,Terneuzen,"235.000,00 €",147 m²
Reutumbrink 4,Enschede,"225.000,00 €",96 m²
Jupiterlaan 8,Apeldoorn,"675.000,00 €",244 m²
Zevenhoeksweg 14,Zwiggelte,"850.000,00 €",6.410 m²
Hertheuvelsehoef 2,Eersel,"1.225.000,00 €",4.640 m²
Musholm 129,Hoofddorp,"450.000,00 €",194 m²
Uddelermeer 17,Amersfoort,"689.000,00 €",212 m²
Rieteiland 31,Rijswijk (ZH),"598.000,00 €",157 m²
Loogkruidstraat 15,Almere,"395.000,00 €",131 m²
Terheijdenseweg 241,Breda,"385.000,00 €",147 m²
Eikenwal 134,Uden,"439.000,00 €",258 m²
Jos Colerstraat 10,Rotterdam,"825.000,00 €",1.515 m²
Komstraat 8 -10,Lobith,"499.000,00 €",266 m²
Enkeerdlaan 29,Ruurlo,"675.000,00 €",551 m²
Lavendelstraat 22,Apeldoorn,"295.000,00 €",153 m²
Mr. P.J. Troelstraweg 36,Leeuwarden,"474.500,00 €",226 m²
Prins Bernhardlaan 124,Middelharnis,"380.000,00 €",188 m²
Benthuizenstraat 2,Ochten,"389.000,00 €",244 m²
Gemullehoekenweg 63,Oisterwijk,"805.000,00 €",490 m²
Van Goghstraat 10,Drunen,"799.000,00 €",566 m²
Oudendijk 29,Heemskerk,"1.150.000,00 €",1.432 m²
Barthold van Heesselstraat 22,Aarle-Rixtel,"675.000,00 €",385 m²
J.H.B. Koekkoekstraat 42,Hilversum,"695.000,00 €",131 m²
Duiventorenstraat 62,Naaldwijk,"385.000,00 €",112 m²
Prinses Wilhelminasingel 4,Zuidoostbeemster,"545.000,00 €",273 m²
Aan de Heerstraat 32,Westerhoven,"419.000,00 €",223 m²
Drossaardstraat 30,Oosterhout (NB),"469.000,00 €",304 m²
Prins Bernhardstraat 34,Leeuwarden,"250.000,00 €",135 m²
Boskkamp 70,Augustinusga,"350.000,00 €",523 m²
Jan Bosboomstraat 8,Boxmeer,"319.000,00 €",293 m²
Klaasbos 6,Lichtenvoorde,"585.000,00 €",422 m²
Muiderslotstraat 16,Tilburg,"350.000,00 €",126 m²
De Kievit 88,Dronten,"300.000,00 €",179 m²
Pieter Lastmanstraat 36,Meppel,"415.000,00 €",250 m²
Bruggemeestersstraat 1,Nieuwerbrug aan den Rijn,"499.000,00 €",182 m²
Italiëlaan 6,Eindhoven,"350.000,00 €",170 m²
Laan van Nieuw Meerten 47,Lienden,"595.000,00 €",389 m²
Roosendaalseweg 32,Putten,"585.000,00 €",305 m²
Distel 30,Zeewolde,"675.000,00 €",429 m²
Bisschop Luwunstraat 3,Haarlem,"475.000,00 €",123 m²
Prinsessenweg 121,Nieuwegein,"400.000,00 €",217 m²
Weegbree 14,Nieuwegein,"625.000,00 €",368 m²
M A Reinaldaweg 34,Linschoten,"1.385.000,00 €",13.618 m²
Houtkampstraat 17,Westendorp,"325.000,00 €",230 m²
Grote Buitendijk 182,Velserbroek,"495.000,00 €",108 m²
Van Beijerenstraat 20,Molenaarsgraaf,"359.000,00 €",180 m²
Sporkenhout 7,Noordwijkerhout,"698.000,00 €",392 m²
Wim Vrijhoefstraat 38,Leusden,"450.000,00 €",135 m²
Heilige Geeststraat 7 a,Roermond,"565.000,00 €",100 m²
Breezand 16,Zeewolde,"500.000,00 €",316 m²
Vlijtseweg 15,Apeldoorn,"349.500,00 €",237 m²
Zuiderlaan 36,Hoogezand,"385.000,00 €",520 m²
Orpingtonlaan 26,Barneveld,"415.000,00 €",165 m²
Dr. J. Presserstraat 64,Den Haag,"420.000,00 €",164 m²
Korenbloem 1 a,Bergambacht,"625.000,00 €",265 m²
Zuiderweg 131,Zuidoostbeemster,"725.000,00 €",410 m²
Moerland 9,Broek in Waterland,"449.500,00 €",159 m²
Pioenroosstraat 13,Breda,"950.000,00 €",304 m²
Tjeerdsraklaan 60,Utrecht,"749.000,00 €",127 m²
Veencompagnie 8,Veenendaal,"995.000,00 €",410 m²
De Baan 1,Wilnis,"639.000,00 €",235 m²
Laurentiden 30,Assendelft,"475.000,00 €",187 m²
Brielsestraat 101,Stellendam,"500.000,00 €",305 m²
Maarland Zuidzijde 28,Brielle,"475.000,00 €",78 m²
Vaartweg 1 a,Eemdijk,"745.000,00 €",577 m²
Landgoed Sandenburg 11,Krimpen aan den IJssel,"389.000,00 €",87 m²
Wittem 7,Almelo,"389.000,00 €",274 m²
Monteverdistraat 135,Purmerend,"489.000,00 €",181 m²
Schothorstlaan 17,Spijkenisse,"540.000,00 €",197 m²
Robert Stolzhof 61,Hoorn (NH),"325.000,00 €",188 m²
Meidoornlaan 16,Exloo,"492.500,00 €",1.053 m²
Witte Baan 14,Prinsenbeek,"425.000,00 €",265 m²
Waterfront 393,Eindhoven,"650.000,00 €",82 m²
Boschhoven 30 a,Leende,"675.000,00 €",430 m²
Dorp 4 a,Waarder,"595.000,00 €",383 m²
Marcelis Keldermanshof 9,Hoef en Haag,"475.000,00 €",124 m²
Boogaardlaan 9,Beverwijk,"475.000,00 €",200 m²
Van Woustraat 22,Amersfoort,"500.000,00 €",150 m²
De Rekere 24,Warmenhuizen,"325.000,00 €",254 m²
Deventerweg 185,Zutphen,"465.000,00 €",501 m²
Het Straatje 17,Elburg,"675.000,00 €",1.020 m²
Marcelis Keldermansstraat 3,Hoef en Haag,"550.000,00 €",145 m²
Willibrordusstraat 1 a,Boven-Leeuwen,"325.000,00 €",147 m²
Goudenregenstraat 77,Capelle aan den IJssel,"450.000,00 €",290 m²
Voorhoevepark 1,Gennep,"365.000,00 €",240 m²
Purmerenderweg 149,Zuidoostbeemster,"550.000,00 €",392 m²
Het Fort 28,De Kwakel,"695.000,00 €",412 m²
Kerklaan 72,Groningen,"295.000,00 €",88 m²
Kievitstraat 6,Hank,"290.000,00 €",143 m²
Oranjestraat 51,Berkel en Rodenrijs,"375.000,00 €",106 m²
Pikeursbaan 10,Deventer,"950.000,00 €",148 m²
Cort van der Lindenstraat 12,Zandvoort,"2.450.000,00 €",575 m²
Burgemeester Prinsensingel 76,Roosendaal,"375.000,00 €",148 m²
Bergenboulevard 180,Amersfoort,"539.000,00 €",171 m²
Bijsterveldenlaan 195,Tilburg,"350.000,00 €",159 m²
Prinsenlaan 8,Emmen,"399.000,00 €",674 m²
Zilverstein 69,Oegstgeest,"575.000,00 €",132 m²
Snoek 10,Hendrik-Ido-Ambacht,"500.000,00 €",162 m²
Goudenregenlaan 3,Castricum,"370.000,00 €",216 m²
Julianalaan 16,Helmond,"799.000,00 €",920 m²
Beemsterhof 14,Den Haag,"837.500,00 €",262 m²
Jacob van Ruysdaelstraat 2,Nederhorst den Berg,€ 1.150.000 v.o.n.,380 m²
Hoornbladstraat 20,Arnhem,"393.000,00 €",127 m²
Lisdodde 4,Oudkarspel (Gem. Dijk en Waard),"495.000,00 €",219 m²
Pieter Postsingel 221,Amsterdam,"645.000,00 €",104 m²
Freudstraat 13,Hengelo (OV),"550.000,00 €",383 m²
Burgemeester Geillstraat 50,Terneuzen,"239.500,00 €",125 m²
Rembrandt van Rijnstraat 57,Schoondijke,"207.500,00 €",154 m²
Eendenkooi 29,Alphen aan den Rijn,"425.000,00 €",116 m²
Zwitserlandstraat 27,Alphen aan den Rijn,"399.000,00 €",141 m²
Blokhuis 26,Vijfhuizen,"575.000,00 €",133 m²
Lisdreef 81,Papendrecht,"550.000,00 €",228 m²
Koekoeksweg 48,Vaassen,"495.000,00 €",337 m²
Middenmolendijk 177,Ridderkerk,"1.395.000,00 €",1.031 m²
Kochstraat 63,Groningen,"599.000,00 €",447 m²
Tinastraat 6,Almere,"675.000,00 €",300 m²
Bakkerspark 2,Rhoon,"950.000,00 €",653 m²
Groesbeekseweg 70,Nijmegen,"1.075.000,00 €",182 m²
Watervogel 32,Lathum,"485.000,00 €",404 m²
Bellefleurstraat 5,Aalsmeer,"725.000,00 €",167 m²
Stellingmolen 11,Mijdrecht,"900.000,00 €",487 m²
Hoogegeest 10,Akersloot,"600.000,00 €",850 m²
Kooimeerlaan 9,Alkmaar,"585.000,00 €",288 m²
Dorpsstraat 46 a,Roermond,"325.000,00 €",245 m²
Spiegellaan 101,Heiloo,"1.159.000,00 €",469 m²
Bloembinderspark 44,Lisse,"580.000,00 €",132 m²
Hans Tiemeijerhof 14,Arnhem,"399.000,00 €",205 m²
Iroko 155,Dordrecht,"839.000,00 €",475 m²
Matthiasstraat 1,Castenray,"299.000,00 €",475 m²
Terweeweg 65,Oegstgeest,"850.000,00 €",192 m²
Vuurvlinder 15,Standdaarbuiten,"425.000,00 €",207 m²
Straatweg 74 a,Breukelen,"2.485.000,00 €",4.060 m²
Wethouder van Beuningenstraat 1,Winssen,"439.000,00 €",404 m²
Berkenheuvelstraat 11,Dongen,"729.000,00 €",446 m²
Noordstraat 27,Bodegraven,"985.000,00 €",121 m²
Oude Medelsestraat 58,Tiel,"499.000,00 €",360 m²
Eikenlaan 22,Heerenveen,"349.500,00 €",289 m²
Velasquezhof 17,Alkmaar,"325.000,00 €",108 m²
Iepenlaan 14,Bloemendaal,"1.100.000,00 €",264 m²
Henegouwerhof 100,Bodegraven,"360.000,00 €",417 m²
Pottenbakkersdonk 223,Apeldoorn,"325.000,00 €",142 m²
Greutelseweg 18,Wenum Wiesel,"1.195.000,00 €",10.285 m²
Prisma 12,Heerhugowaard,"365.000,00 €",138 m²
Torenvalk 6,Meppel,"395.000,00 €",255 m²
Spieghelstraat 5,Harderwijk,"315.000,00 €",150 m²
17 Septemberstraat 4,Veldhoven,"495.000,00 €",300 m²
Suevenpoort 10,Houten,"575.000,00 €",162 m²
Spechtenlaan 16,Odiliapeel,"615.000,00 €",529 m²
Soendastraat 1,Maastricht,"599.000,00 €",313 m²
Kleijerstraat 20,Veenendaal,"695.000,00 €",217 m²
Hofstad 26,Esbeek,"435.000,00 €",184 m²
Holthe 61,Beilen,"479.500,00 €",580 m²
Ruimersdijk 44,Diepenheim,"275.000,00 €",224 m²
Knikkerdorpweg 13,Well (LI),"1.100.000,00 €",19.280 m²
Prins Hendrikstraat 2,Oud-Beijerland,"1.250.000,00 €",380 m²
Poolmansweg 241,Enschede,"365.000,00 €",349 m²
Bernadettelaan 46,Landgraaf,"219.000,00 €",215 m²
Laan van Borgele 32,Deventer,"875.000,00 €",605 m²
Westeinde 15,Noordwijk (ZH),"749.000,00 €",355 m²
Maniladreef 12,Utrecht,"450.000,00 €",139 m²
Ardèchelaan 2,Zevenaar,"395.000,00 €",284 m²
Koningsvaren 91,Purmerend,"400.000,00 €",131 m²
Hofstad 20,Esbeek,"405.000,00 €",181 m²
Gielinklaan 23,Dinxperlo,"524.500,00 €",716 m²
Oliemolensingel 96,Enschede,"435.000,00 €",165 m²
Punter 13,Honselersdijk,"470.000,00 €",116 m²
Burgemeester Avisstraat 8,Midwoud,"375.000,00 €",183 m²
Peddelkreek 9,Spijkenisse,"285.000,00 €",150 m²
Lonnekerspoorlaan 72,Enschede,"650.000,00 €",178 m²
Eikenlaan 95,Borculo,"248.000,00 €",153 m²
Burgemeester H.J. Wichersstraat 12,Winschoten,"525.000,00 €",395 m²
Alkmaardermeer 24,Amersfoort,"769.000,00 €",260 m²
Merelerf 21,Numansdorp,"698.000,00 €",583 m²
Sering 30,Cuijk,"579.000,00 €",610 m²
Baak van Bruinisse 4,Amersfoort,"425.000,00 €",107 m²
Carolus Simplexplein 1,Netersel,"650.000,00 €",961 m²
Joop den Uylhof 16,Veenendaal,"395.000,00 €",129 m²
Mercuriusstraat 28,IJmuiden,"399.000,00 €",143 m²
Adriaan Menninckkwartier 31,Utrecht,"524.950,00 €",67 m²
Wilgensingel 185,Rotterdam,"650.000,00 €",230 m²
Marktstraat 8,Bladel,"350.000,00 €",180 m²
Haarmos 18,Reeuwijk,"450.000,00 €",145 m²
Kerkstraat 25,Nieuwveen,"460.000,00 €",148 m²
Kerkdreef 15,Nijeholtpade,"399.000,00 €",565 m²
J.H. Kruitstraat 24,Gasselternijveenschemond,"350.000,00 €",430 m²
Geermanstraat 95,Geesteren (OV),"495.000,00 €",610 m²
Bunderstraat 2,Meerssen,"1.250.000,00 €",1.208 m²
Doornikstraat 8,Etten-Leur,"415.000,00 €",239 m²
Ommeslag 5,Gouda,"739.000,00 €",395 m²
Verlengde Middenraai 50,Nieuw-Balinge,"495.000,00 €",5.229 m²
Kemphaan 31,Raalte,"569.000,00 €",415 m²
Tonselsedreef 67,Harderwijk,"395.000,00 €",176 m²
Hoofdstraat 104,Bergambacht,"895.000,00 €",1.238 m²
Tussenlanen 20,Bergambacht,"2.600.000,00 €",45.245 m²
Kennemerland 8,Assen,"275.000,00 €",328 m²
Molenakker 5,Den Hout,"399.000,00 €",402 m²
Badhuisweg 58,Apeldoorn,"795.000,00 €",227 m²
Regenboog 23,Loosdrecht,"550.000,00 €",221 m²
Zalm 5,Amersfoort,"398.000,00 €",62 m²
Medeaschouw 58,Zoetermeer,"400.000,00 €",106 m²
Van Naeltwijckstraat 7,Wassenaar,"690.000,00 €",182 m²
Vliegenstein 38,Hattem,"475.000,00 €",355 m²
Raadhuisstraat 25,Wijdenes,"298.500,00 €",230 m²
Margrietlaan 16,Ruurlo,"269.000,00 €",287 m²
Iepenlaan 66,Bloemendaal,"2.700.000,00 €",794 m²
Jan Glijnisweg 36 a,Heerhugowaard,"995.000,00 €",1.356 m²
Galjoen 19 12,Lelystad,"495.000,00 €",328 m²
Uitloop 12,Oud-Beijerland,"399.500,00 €",149 m²
Kreitenmolenstraat 171,Udenhout,"649.000,00 €",511 m²
Mettingenlaan 22,Raalte,"395.000,00 €",161 m²
Krayenhofflaan 26,Nijmegen,"775.000,00 €",254 m²
Rijksstraatweg 317 a,Leersum,"995.000,00 €",876 m²
Vissersdijk 67,Dordrecht,"690.000,00 €",165 m²
Kuikensweg 175,Beverwijk,"349.000,00 €",130 m²
Crayenestersingel 23,Heemstede,"1.275.000,00 €",369 m²
Huigsloterdijk 381,Buitenkaag,"1.350.000,00 €",825 m²
Frida Katzpad 16,Woerden,"625.000,00 €",139 m²
Schoof 51,Malden,"385.000,00 €",181 m²
IJsland 24,Noord-Scharwoude,"425.000,00 €",126 m²
Zijlweg 101,Haarlem,"475.000,00 €",89 m²
Burgemeester van Woelderenlaan 2,Vlissingen,"699.000,00 €",445 m²
Kornet 4,Hilvarenbeek,"535.000,00 €",275 m²
Langestraat 52,Zaandam,"310.000,00 €",113 m²
Hendric Stevinlaan 28,Emmeloord,"320.000,00 €",408 m²
De Boekweit 29,Heesch,"400.000,00 €",259 m²
Romeinenstraat 36,Kerkrade,"275.000,00 €",448 m²
Seringenstraat 1,Siebengewald,"469.000,00 €",1.080 m²
Sportlaan 207,Den Haag,"1.050.000,00 €",318 m²
Vrouwe Lideweysingel 38,Maasland,"450.000,00 €",199 m²
Bosscheweg 93,Tilburg,"895.000,00 €",822 m²
Speulhofsbaan 20,Meterik,"515.000,00 €",625 m²
Molmerlaan 42,Oudenbosch,"325.000,00 €",156 m²
Kapelstraat 113,Breda,"675.000,00 €",808 m²
Tussenlanen 20,Bergambacht,"2.600.000,00 €",45.245 m²
Heenweg 80,'s-Gravenzande,"550.000,00 €",304 m²
Zweder van Zuylenlaan 2,Werkhoven,"400.000,00 €",153 m²
Stationsstraat 97,Putten,"825.000,00 €",1.260 m²
Oeverland 69,Spierdijk,"450.000,00 €",233 m²
Hugo de Grootstraat 15,Veenendaal,"439.500,00 €",171 m²
Beethovenlaan 3,Hilversum,"1.385.000,00 €",990 m²
Kapitein Nemostraat 112,Tilburg,"325.000,00 €",226 m²
Nieuwe Erf 8,Vortum-Mullem,"750.000,00 €",7.837 m²
Landauer 17,Hasselt,"400.000,00 €",303 m²
Beurréperenlaan 5,Vleuten,"499.000,00 €",108 m²
C.H. Moensstraat 32,Beverwijk,"375.000,00 €",109 m²
Boschweg 75 + 75a,Schijndel,Prijs op aanvraag,525 m²
Rubenslaan 91,Bergschenhoek,"500.000,00 €",125 m²
Stuurmanspad 16,Zaandam,"650.000,00 €",437 m²
Sweelinckstraat 29,Gouda,"375.000,00 €",128 m²
Herenweg 55,Breukeleveen,"700.000,00 €",320 m²
Hoefslag 4,Beilen,"669.000,00 €",795 m²
Paltrokmolen 122,Weert,"779.000,00 €",469 m²
Postillonstraat 41,Breda,"295.000,00 €",182 m²
Grotebrugse Grintweg 228,Tiel,"650.000,00 €",597 m²
Provincialeweg 56,Krommenie,"475.000,00 €",231 m²
Dorpsweg 14,Reeuwijk,"1.685.000,00 €",2.375 m²
Zeestraat 112,Beverwijk,"650.000,00 €",196 m²
Wilhelmus Peekhof 6,Odijk,"775.000,00 €",320 m²
Wulp 3,Waspik,"499.000,00 €",212 m²
Eibergseweg 2,Haarlo,"440.000,00 €",753 m²
De Nessermolen 81,Amstelveen,"575.000,00 €",146 m²
Sweelinckstraat 2,Berkel en Rodenrijs,"675.000,00 €",327 m²
Grotebrugse Grintweg 226,Tiel,"700.000,00 €",605 m²
Uiterweg 302,Aalsmeer,"825.000,00 €",365 m²
Espelerlaan 17,Emmeloord,"319.000,00 €",363 m²
Noordhoevelaan 16,Dordrecht,"598.000,00 €",232 m²
Veer 41,Zaamslag,"239.000,00 €",224 m²
Drumptselaan 91,Tiel,"489.000,00 €",326 m²
Deusonelaan 2,Diessen,"675.000,00 €",515 m²
Dissel 59,Veenendaal,"379.900,00 €",194 m²
Tarweland 12,Leusden,"565.000,00 €",344 m²
Scholeksterstraat 9,Volendam,"320.000,00 €",149 m²
Handelskade 32,Nieuwegein,"650.000,00 €",213 m²
Kloosring 8 a,Oud-Beijerland,"1.295.000,00 €",653 m²
Ds van Dijkstraat 23,Dinxperlo,"225.000,00 €",258 m²
Dahliastraat 38,Utrecht,"550.000,00 €",102 m²
Antonius Heggelaan 39,Den Haag,"549.500,00 €",161 m²
Vilmos Huszárstraat 13,Rotterdam,"525.000,00 €",154 m²
Esdoornstraat 41,Brakel,"285.000,00 €",203 m²
Jacob Catsstraat 38,Spijkenisse,"325.000,00 €",206 m²
De Klef 3,Sint Anthonis,"795.000,00 €",1.631 m²
Lente 13,Dronten,"675.000,00 €",757 m²
Dorpsstraat 176,Zoetermeer,"625.000,00 €",272 m²
Spoorven 3,Veghel,"690.000,00 €",823 m²
Bovenkerkerweg 79 F,Amstelveen,"1.200.000,00 €",460 m²
Monnickskamp 77,Huizen,"495.000,00 €",185 m²
Langstraat 5,Rhoon,"550.000,00 €",165 m²
Mennistensteeg 6,Dalfsen,"1.695.000,00 €",17.515 m²
Croeselaan 202,Utrecht,"649.000,00 €",90 m²
Boschmansweg 15,Schoorl,"1.850.000,00 €",1.820 m²
Hanespoordoorn 36,Rotterdam,"369.000,00 €",129 m²
Golfpark 152,Lelystad,"649.500,00 €",630 m²
Gemeeneland 2,Vinkeveen,"499.000,00 €",137 m²
Pentatlon 4,Assendelft,"625.000,00 €",205 m²
Kade 14,Piershil,"485.000,00 €",601 m²
Exoolaan 12,Almelo,"435.000,00 €",731 m²
Madeliefstraat 10,Bergeijk,"345.000,00 €",286 m²
Schoonenburgsingel 31,Hoofddorp,"750.000,00 €",283 m²
Burgemeester van Bovenstraat 15,Stevensweert,"325.000,00 €",284 m²
De Rijd 124,Leeuwarden,"349.500,00 €",158 m²
Eisingalaan 11,Almelo,"925.000,00 €",593 m²
Garderenseweg 162,Putten,"498.000,00 €",1.040 m²
Hoofschestraat 35,Grave,"335.000,00 €",81 m²
Schuttersstraat 26,Linne,"200.000,00 €",165 m²
Burgemeester Jaslaan 30,Dordrecht,"575.000,00 €",211 m²
Bergerweg 175,Alkmaar,"1.995.000,00 €",1.980 m²
Lisserdijk 524,Lisserbroek,"789.000,00 €",808 m²
Oude Maasstraat 20,Uden,"1.475.000,00 €",2.337 m²
Rozenweg 37,Lochem,"275.000,00 €",144 m²
Westwal 91,Goes,"415.000,00 €",137 m²
Uiterwaard 4,Lopik,"375.000,00 €",126 m²
Gedempte Schalk Burgergracht 73,Haarlem,"450.000,00 €",129 m²
Waadse Poldergracht 49,Muiden,"1.050.000,00 €",180 m²
Streepvaren 4,Bergschenhoek,"525.000,00 €",202 m²
F.A. Molijnlaan 27,Nunspeet,"695.000,00 €",582 m²
Geerstraat 16,Winssen,"550.000,00 €",1.169 m²
Joan Muyskenweg 18 B,Amsterdam,"625.011,00 €",126 m²
Singel 25,Jubbega,"565.000,00 €",2.800 m²
Hooiweg 25,Etten-Leur,"625.000,00 €",363 m²
Gustav Mahlerstraat 3,Utrecht,"650.000,00 €",123 m²
Weergang 3,Waardenburg,"389.000,00 €",270 m²
Zijpenberg 95,Amersfoort,"595.000,00 €",160 m²
Aalscholver 18,Terneuzen,"449.000,00 €",244 m²
Ravelijn 8,Vijfhuizen,"500.000,00 €",159 m²
Hortensia 13,Dirksland,"585.000,00 €",425 m²
Ekris 35,Woudenberg,"350.000,00 €",163 m²
Noorderdiep 45,Stadskanaal,"495.000,00 €",6.558 m²
Voorstraat 5,Tzum,"240.000,00 €",231 m²
Verdiweg 9,Eelde,"335.000,00 €",212 m²
Amaliastraat 27,Utrecht,"615.000,00 €",77 m²
Crocuslaan 12,Waalre,"579.000,00 €",378 m²
Grote Sloot 369,Schagerbrug,"650.000,00 €",805 m²
G.H.Hoijtinkstraat 101,Alkmaar,"485.000,00 €",198 m²
Liendertseweg 44,Amersfoort,"565.000,00 €",385 m²
Langebuorren 50,Hallum,"350.000,00 €",511 m²
Oude Haagweg 347,Den Haag,"620.000,00 €",282 m²
Blauwe Zegge 4,Den Haag,"935.000,00 €",291 m²
Laarstraat 50 -50a,Zutphen,"500.000,00 €",272 m²
Havikskruid 16,Nijverdal,"675.000,00 €",869 m²
Gerstkamp 12,Hoevelaken,"749.000,00 €",464 m²
De Wherelanden 212,Purmerend,"600.000,00 €",131 m²
Rozendaalseheide 36,Montfort,"635.000,00 €",2.395 m²
Polderkade 24,Oss,"525.000,00 €",387 m²
Zeestraat 91,Noordwijkerhout,"895.000,00 €",441 m²
Groenendael 69,IJsselmuiden,"297.500,00 €",228 m²
Prins Hendrikweg 48,Putten,"675.000,00 €",534 m²
Hooghuizenweg 22,Huizen,"675.000,00 €",310 m²
Bosschendijk 113,Oudenbosch,"1.350.000,00 €",2.680 m²
Wierdestraat 8,Amsterdam,"550.000,00 €",129 m²
Jan Bootlaan 15,Den Haag,"525.000,00 €",149 m²
Witte Baan 12,Prinsenbeek,"419.000,00 €",265 m²
Hegedyk 21,Wier,"339.500,00 €",366 m²
Amsteldijk Noord 33 -B,Amstelveen,"1.800.000,00 €",380 m²
Het Wargaren 24,Lith,"525.000,00 €",880 m²
Hillen acker 51,Heemskerk,"525.000,00 €",241 m²
Oranje Nassaustraat 6,Meerssen,"354.000,00 €",270 m²
Vondellaan 17,Geleen,"400.000,00 €",387 m²
Beemdweide 14,Reeuwijk,"650.000,00 €",258 m²
Beeldsnijderpad 6,Zwaag,"375.000,00 €",140 m²
Op den Berg 5,Maashees,"850.000,00 €",1.927 m²
De Hooghlaan 7,Bilthoven,"2.950.000,00 €",4.440 m²
Hovenlaan 126,Dordrecht,"750.000,00 €",298 m²
Koningsweg 11,Geldermalsen,"429.000,00 €",245 m²
Molenstraat 26,Westdorpe,"350.000,00 €",393 m²
Fluitekruid 83,Klazienaveen,"475.000,00 €",639 m²
Groenling 10,Soest,"895.000,00 €",460 m²
Duinbosstraat 50,Almere,"795.000,00 €",156 m²
Tuilland 17,Doorn,"390.000,00 €",234 m²
Minervasingel 9,Almere,"475.000,00 €",136 m²
Looveen 14,Wijster,"750.000,00 €",5.679 m²
Dr. Schaepmanstraat 61,Nijmegen,"400.000,00 €",120 m²
Paardenstraat 13,Vlissingen,"449.500,00 €",120 m²
Westerweg 2,Limmen,"470.000,00 €",177 m²
Harderwijkpad 19,Emmeloord,"398.000,00 €",418 m²
Baambrugse Zuwe 163 b,Vinkeveen,"2.495.000,00 €",2.012 m²
Zonnebloemstraat 35,Wateringen,"775.000,00 €",406 m²
Vriesdongen 26,Breda,"940.000,00 €",276 m²
Begijnenakker 4,Prinsenbeek,"525.000,00 €",261 m²
Dusseldorperweg 130,Limmen,"400.000,00 €",238 m²
Dingostraat 1,Nijmegen,"525.000,00 €",278 m²
Niersstraat 20,Gennep,"500.000,00 €",160 m²
De Clercqstraat 117,Haarlem,"450.000,00 €",124 m²
Brabantstraat 3,Herpen,"429.000,00 €",298 m²
Boekenstein 54,Heiloo,"400.000,00 €",164 m²
Oosterhoutlaan 38,Amstelveen,"995.000,00 €",176 m²
Landweg 2,Bergen (NH),"2.350.000,00 €",1.925 m²
Heiakker 4,Prinsenbeek,"439.000,00 €",217 m²
Beatrixpark 61,Etten-Leur,"689.000,00 €",458 m²
Pastoor Jansenstraat 8,Weesp,"485.000,00 €",79 m²
Hindeloopenkade 80,Amersfoort,"565.000,00 €",142 m²
Prins Hendrikkade 12,Woerden,"425.000,00 €",80 m²
Belleboom 14,Roermond,"485.000,00 €",448 m²
Piet Paaltjensstraat 9,Almere,"425.000,00 €",250 m²
Fabrieksstraat 56,Warmenhuizen,"625.000,00 €",1.360 m²
Westerkerkweg 97,Venhuizen,"350.000,00 €",237 m²
Jan van Scorelstraat 12,Zaandam,"430.000,00 €",133 m²
Divonalaan 41,Hillegom,"375.000,00 €",152 m²
Rodenrijseweg 49,Berkel en Rodenrijs,"1.025.000,00 €",1.030 m²
Praagsingel 81,IJsselstein,"425.000,00 €",68 m²
Cosmea 1,Dordrecht,"365.000,00 €",279 m²
Albert van Meerveldstraat 54,Zwartebroek,"550.000,00 €",307 m²
Multatulistraat 87,Den Haag,"525.000,00 €",122 m²
Marollenoord 8,Philippine,"429.000,00 €",445 m²
van der Capellenstraat 13,Appeltern,"500.000,00 €",610 m²
Serenadestraat 54,Venray,"285.000,00 €",260 m²
Anholtpier 6,Zaandam,"595.000,00 €",166 m²
Handjesgras 13,Veenendaal,"615.000,00 €",348 m²
Tilstraat H 11,Nieuwe Pekela,"449.000,00 €",1.379 m²
Winkelseweg 2,Hedel,"700.000,00 €",2.695 m²
Laan der Mensenrechten 27,Beverwijk,"425.000,00 €",148 m²
Bark 9,Nieuw-Amsterdam,"795.000,00 €",777 m²
Ypesteinerlaan 7,Heiloo,"795.000,00 €",418 m²
Ulftseweg 26,Silvolde,"895.000,00 €",1.080 m²
Greente 125,Genemuiden,"415.000,00 €",290 m²
Blaakse Wetering 105,Poortugaal,"410.000,00 €",143 m²
Dr Albert Schweitzerstraat 69,Bergambacht,"389.000,00 €",175 m²
Munnekeburenstraat 32,Tilburg,"485.000,00 €",285 m²
Prins Hendrikstraat 73,Alphen aan den Rijn,"1.095.000,00 €",426 m²
Pastoor Thijssenlaan 29,Sterksel,"1.270.000,00 €",7.457 m²
Nijverheidsweg 17 C,Woudenberg,"425.000,00 €",203 m²
Oorweg 12,Haaksbergen,"575.000,00 €",2.750 m²
Busselakker 5,Berkel-Enschot,"775.000,00 €",430 m²
Zilverschoon 8,Duiven,"465.000,00 €",330 m²
Rijksweg 147,Gaanderen,"325.000,00 €",455 m²
Dom Helder Camarastraat 8,Purmerend,"400.000,00 €",172 m²
Emmalaan 16,Kaag,"1.395.000,00 €",519 m²
Calslaan 5,Leiden,"695.000,00 €",183 m²
Sikkinkweg 2 -4,Winterswijk Kotten,"995.000,00 €",27.803 m²
Lievensbergstraat 50,Den Haag,"525.000,00 €",158 m²
Zwartendijk 31,Naaldwijk,"1.500.000,00 €",2.778 m²
Aria 40,Zaandam,"700.000,00 €",202 m²
Zeemanstraat 28,Assen,"315.000,00 €",455 m²
Prinsengracht 36,Zuid-Scharwoude,"375.000,00 €",211 m²
Hollandscheveldse Opg 66 A,Hollandscheveld,"695.000,00 €",1.147 m²
Fluwelensingel 38,Gouda,"925.000,00 €",296 m²
Molenweg 37,Herten,"349.000,00 €",373 m²
Hoepmaker 10,Papendrecht,"820.000,00 €",353 m²
Tijmensenpoort 14,Leusden,"435.000,00 €",170 m²
Peulenlaan 89,Hardinxveld-Giessendam,"325.000,00 €",135 m²
Meije 205,Zegveld,"1.600.000,00 €",10.065 m²
Nieuw-Loosdrechtsedijk 152,Loosdrecht,"560.000,00 €",360 m²
Wolfkampstraat 20,Dalfsen,"325.000,00 €",276 m²
Kogelflesstraat 2,Baarle-Nassau,"489.000,00 €",224 m²
Noordeinde 127,Roelofarendsveen,"440.000,00 €",170 m²
Bleekstraat 2,Deventer,"375.000,00 €",92 m²
Nico Steenbeekstraat 8,IJsselstein,"625.000,00 €",155 m²
Oer de Feart 170,Joure,"595.000,00 €",511 m²
Engelenburgerlaan 13,Brummen,"745.000,00 €",715 m²
Schoren 15,Huissen,"395.000,00 €",295 m²
Rijnlandstraat 1,Stokkum,"550.000,00 €",393 m²
Bovenweg 36,Sint Pancras,"695.000,00 €",608 m²
Oosterstraat 9,Dalfsen,"399.000,00 €",310 m²
Philips Willem van Oranjestraat 17,Buren (GE),"375.000,00 €",296 m²
Singel 222,Vlissingen,"325.000,00 €",195 m²
Paalweg 19,Heino,"875.000,00 €",1.522 m²
Betuwe Singel 28,Lienden,"520.000,00 €",417 m²
Sterreboslaan 15,Huizen,"2.295.000,00 €",2.115 m²
van Marlestraat 17,Kilder,"275.000,00 €",230 m²
Laurens Stommesweg 35,Middelburg,"695.000,00 €",657 m²
Hoogdorperweg 48,Heemskerk,"895.000,00 €",605 m²
Vroedschap 11,Naarden,"847.500,00 €",352 m²
Korte Dwarsweg 10,Ouderkerk aan de Amstel,"2.175.000,00 €",3.575 m²
Kastanjelaan 4,Nunspeet,"398.000,00 €",380 m²
Slochterdijk 10,Froombosch,"519.000,00 €",1.735 m²
Breusterstraat 17,Eijsden,"650.000,00 €",478 m²
Westenengerdijk 55,Otterlo,"1.450.000,00 €",11.120 m²
Kon Julianalaan 18,Amerongen,"450.000,00 €",338 m²
Floralaan Oost 102,Eindhoven,"575.000,00 €",135 m²
Koningshoeven 66 -c,Tilburg,"795.000,00 €",2.100 m²
de Vang 19,Lieshout,"695.000,00 €",700 m²
Mercuryplein 7,Krommenie,"675.000,00 €",411 m²
Hof ter Weydeweg 16,Vleuten,"2.150.000,00 €",11.097 m²
Wijlre 7,Almelo,"595.000,00 €",420 m²
Ploegstraat 24,Eindhoven,"650.000,00 €",115 m²
Everlostraat 20,Rossum (OV),"695.000,00 €",3.145 m²
Groenstraat 25,Duizel,Prijs op aanvraag,678 m²
Prunuspad 18,Wehl,"739.000,00 €",562 m²
Abraham van der Hulstln 10,Bennebroek,"650.000,00 €",256 m²
Oostereind 24,Wachtum,"789.000,00 €",5.632 m²
Berkenlaan 19,Schelluinen,"350.000,00 €",270 m²
Oliemolensingel 179,Enschede,"875.000,00 €",443 m²
Edisonstraat 3,Sittard,"235.000,00 €",184 m²
Smitteweg 4,Ballum,"449.000,00 €",345 m²
Vos de Waelstraat 11,Westervoort,"375.000,00 €",334 m²
Wezer 22,Amstelveen,"695.000,00 €",186 m²
Van Zuylen van Nijeveltstraat 30,Wassenaar,"895.000,00 €",168 m²
Laantje van Heijenbrock 8,Blaricum,"699.000,00 €",225 m²
De Hoevens 110,Hooglanderveen,"399.000,00 €",117 m²
Hoofdstraat 143 a,Zuidwolde (DR),"475.000,00 €",535 m²
Rijksweg 176 B,Plasmolen,"785.000,00 €",1.773 m²
Stanleylaan 122,Utrecht,"395.000,00 €",153 m²
Grintweg 82,Winschoten,"250.000,00 €",360 m²
Omroeplaan 18,Huizen,"479.000,00 €",164 m²
Maanlanderhof 2,IJsselstein,"395.000,00 €",157 m²
Korenpad 2 .,Diessen,"850.000,00 €",1.065 m²
Meindert Hobbemastraat 11,Meppel,"285.000,00 €",147 m²
Nicolaas Beetsstraat 20,Sliedrecht,"309.000,00 €",183 m²
Apeldoornstraat 1,Almere,"325.000,00 €",147 m²
Nieuwstraat 9,Lemelerveld,"525.000,00 €",640 m²
Horsterweg 23,Leusden,"1.100.000,00 €",647 m²
Jan Matthijssenlaan 4,Brielle,"669.000,00 €",330 m²
Leede 82,Roosendaal,"530.000,00 €",182 m²
Soesterweg 407,Amersfoort,"539.000,00 €",291 m²
Twijnstraat 29,Ede,"325.000,00 €",110 m²
Caligastraat 6,Huissen,"385.000,00 €",130 m²
Van Galenlaan 2,Woudenberg,"500.000,00 €",244 m²
Mensinkweg 105,Nijverdal,"325.000,00 €",333 m²
Prins Bernhardstraat 61,Silvolde,"469.000,00 €",678 m²
Willem Landrépad 8,Amersfoort,"419.000,00 €",127 m²
Overflakkee 5,Emmeloord,"349.000,00 €",330 m²
Jan Sluiterstraat 40,Volendam,"650.000,00 €",303 m²
Vaalmanstraat 39,Westervoort,"399.000,00 €",420 m²
Kampvelderweg 46,Ermelo,"695.000,00 €",562 m²
Kralingseweg 2,Capelle aan den IJssel,"1.200.000,00 €",993 m²
Moeder Theresastraat 8,Veenendaal,"795.000,00 €",310 m²
Paulus Potterstraat 2,Hardinxveld-Giessendam,"369.000,00 €",230 m²
Hendrik Smeltweg 17,Enschede,"250.000,00 €",245 m²
Veerstraat 6,Dreumel,"750.000,00 €",2.465 m²
Boterpolderlaan 48,Raamsdonksveer,"319.000,00 €",173 m²
Albert van Dalsumlaan 11,Vlissingen,"639.000,00 €",734 m²
van Hornstraat 5,Gilze,"449.000,00 €",313 m²
Oranjeplein 34,Haarlem,"2.350.000,00 €",333 m²
Spoorlaan 10,Capelle aan den IJssel,"599.000,00 €",282 m²
Dreef 5,Beverwijk,"729.000,00 €",395 m²
Lankforst 2407,Nijmegen,"600.000,00 €",804 m²
Putstraat 31,Eijsden,"695.000,00 €",1.580 m²
de Horn 2 A,Baambrugge,"1.595.000,00 €",6.650 m²
Koninginnestraat 24,IJzendijke,"675.000,00 €",622 m²
Vlaggestraat 7,Prinsenbeek,"579.000,00 €",318 m²
Waterfront 21,Dronten,"319.500,00 €",103 m²
Lobelialaan 8,Ede,"324.000,00 €",115 m²
Kerkakkers 13,Nuenen,"495.000,00 €",508 m²
Lariksstraat 13,Putten,"497.500,00 €",313 m²
Goyerkamp 12,Zwolle,"500.000,00 €",174 m²
Achterkerkstraat 47,Veenendaal,"450.000,00 €",183 m²
Acacia 24,Helmond,"500.000,00 €",356 m²
Tulpenstraat 76,Rijnsburg,"475.000,00 €",169 m²
Westerveer 27,Zwaag,"425.000,00 €",131 m²
Eikenlaan 4,Renswoude,"445.000,00 €",285 m²
Korte Hoefstraat 43,Tilburg,"350.000,00 €",175 m²
Latensteinse Rondweg 2 a,Tiel,"800.000,00 €",745 m²
Hulsbeek 5,Wanroij,"849.000,00 €",2.675 m²
Breedsingel 8,Katlijk,"850.000,00 €",1.860 m²
Melkhoeve 55,Houten,"565.000,00 €",167 m²
Wijkamplaan 39,Baarn,"449.000,00 €",120 m²
Hasseltstraat 66 .,Tilburg,"369.000,00 €",130 m²
Snakkerbuorren 8,Rotstergaast,"499.000,00 €",650 m²
Ten Harmsenstraat 11,Alphen aan den Rijn,"399.000,00 €",153 m²
Generaal Winkelmanstraat 39,Soesterberg,"575.000,00 €",260 m²
Jordaanstroom 37,Zoetermeer,"439.500,00 €",106 m²
Spoorpad 27,Baarle-Nassau,"674.000,00 €",543 m²
Oude Vaart 35,Terneuzen,"225.000,00 €",193 m²
Kastanjelaan 58,Hasselt,"315.000,00 €",73 m²
Valkenswaardseweg 11,Leende,"649.000,00 €",810 m²
Burgemeester van Nienesstraat 1 A + B,Uitgeest,"450.000,00 €",140 m²
Eendenpoel 1,Grave,"749.000,00 €",647 m²
Linzen-oord 16,Houten,"569.000,00 €",350 m²
Ceresstraat 30,Vlissingen,"280.000,00 €",136 m²
Parallelweg 10 1*,Wapenveld,"425.000,00 €",1.149 m²
Wiltslaan 1,Blijham,"525.000,00 €",1.760 m²
Hicksweg 33,Renkum,"289.000,00 €",122 m²
Hekkeslag 51,Uden,"519.000,00 €",238 m²
Dorpsstraat 141,Assendelft,"1.795.000,00 €",23.650 m²
Prinses Margrietlaan 60,Mijdrecht,"420.000,00 €",286 m²
Zuidzijde 44,Bodegraven,"1.375.000,00 €",760 m²
Wilhelminastraat 35,Bodegraven,"1.000.000,00 €",429 m²
Noordeinde 45,Wormerveer,"450.000,00 €",270 m²
Lagedijkerweg 44,Schagen,"875.000,00 €",1.110 m²
1e Achterstraat 2,Tiel,"275.000,00 €",139 m²
Dorpsstraat 70,Jisp,"695.000,00 €",722 m²
Bosgeelster 20,Twello,"675.000,00 €",236 m²
Lange Voren 15,Oosterhout (NB),"995.000,00 €",1.260 m²
Dorpsstraat 10,Bergharen,"750.000,00 €",3.800 m²
Verhagenlaan 29,Emmeloord,"520.000,00 €",513 m²
Dortherweg 29,Epse,"2.650.000,00 €",74.372 m²
Langenboomstraat 4,Goirle,"490.000,00 €",345 m²
de Geelgors 5,Mariahout,"895.000,00 €",950 m²
Kerkpad NZ 10 a,Soest,"895.000,00 €",862 m²
Bloys van Treslongstraat 9,Oud-Beijerland,"295.000,00 €",149 m²
Aalbes 14,Hengelo (OV),"599.500,00 €",296 m²
Hertstraat 53,Volkel,"275.000,00 €",171 m²
Jan Prinsheem 1,Hillegom,"395.000,00 €",180 m²
Vliet 33,Prinsenbeek,"429.000,00 €",236 m²
Edelhert 19,Huizen,"450.000,00 €",167 m²
Rijnsburgerweg 5,Leiden,"1.500.000,00 €",530 m²
Blomstraat 17,Olst,"389.000,00 €",230 m²
Hilvarenbeekseweg 9,Tilburg,"1.495.000,00 €",2.500 m²
Saturnussingel 10,Almere,"765.000,00 €",286 m²
Zuiderveen 20,Winschoten,"247.500,00 €",388 m²
Chamavenstraat 5,Lengel,"1.300.000,00 €",1.637 m²
Grote Pierhof 2,Hoofddorp,"1.000.000,00 €",523 m²
Vlasrootlaan 4,Waalre,"2.750.000,00 €",6.263 m²
Jac Catsstraat 101,Putten,"525.000,00 €",304 m²
Kerkweg 86,Zwolle,"550.000,00 €",235 m²
Molenstraat 35 37,Rhenen,"495.000,00 €",277 m²
Fazanterie 19,Naaldwijk,"685.000,00 €",221 m²
Esdoornstraat 13,Opheusden,"350.000,00 €",240 m²
Steenakker 7,Hedel,"475.000,00 €",254 m²
Emailleplein 11 19,Ulft,"1.150.000,00 €",336 m²
Vlierweg 75,Nunspeet,"339.000,00 €",222 m²
Dr Poptastrjitte 14,Marsum,"209.500,00 €",137 m²
Hilvarenbeekseweg 9,Tilburg,"1.495.000,00 €",2.500 m²
Herstallenstraat 28,Goirle,"698.000,00 €",837 m²
Hoofdweg 96,Lijnden,"599.000,00 €",415 m²
Kapteynstraat 133,Hilversum,"445.000,00 €",189 m²
Hezeweg 35,Emst,"398.000,00 €",297 m²
Borneostraat 70,Heemstede,"650.000,00 €",200 m²
Hoofdstraat 11,Zuidwolde (DR),"598.500,00 €",870 m²
Stanleystraat 81,Barneveld,"519.000,00 €",265 m²
Staartmolen 9,Vianen (UT),"560.000,00 €",244 m²
Dionisiusstraat 18,Heijen,"449.000,00 €",433 m²
Hartschelpsingel 4,Den Haag,"525.000,00 €",167 m²
Johannes van Lochemstraat 4,Mijdrecht,"650.000,00 €",400 m²
Ipestrjitte 7,Stiens,"575.000,00 €",715 m²
Koningin Wilhelminaweg 2,Houten,"497.000,00 €",185 m²
Hazelderstraat 21,Winterswijk,"249.000,00 €",330 m²
de Netelstede 4,Pannerden,"319.000,00 €",225 m²
M. Noordzijstraat 11,Tiel,"400.000,00 €",232 m²
Wolfskuil 18,Ommen,"975.000,00 €",1.385 m²
Eikenlaan 28,Udenhout,"600.000,00 €",458 m²
Zomerschoon 55,Limmen,"549.000,00 €",304 m²
Vlooswijkstraat 24,Terneuzen,"325.000,00 €",155 m²
Jhr Mr A F de Savornin Lohmanstraat 79,Zuidland,"639.000,00 €",589 m²
Jkvr CM v Asch v Wijckln 15,Driebergen-Rijsenburg,"685.000,00 €",273 m²
Nieuweweg 103,Anna Paulowna,"450.000,00 €",978 m²
Osseweg 36 a,Berghem,"595.000,00 €",636 m²
Catharina van Clevelaan 32,Amstelveen,"950.000,00 €",151 m²
Mildenburgallee 80,Spijkenisse,"565.000,00 €",224 m²
Sweelinckstraat 4,Brunssum,"425.000,00 €",234 m²
Beek 26,Assen,"265.000,00 €",180 m²
Dwergroosweide 2,Woerden,"429.500,00 €",172 m²
Geenhovensedreef 17,Valkenswaard,"425.000,00 €",454 m²
Kermenstein 36,Lienden,"619.000,00 €",635 m²
Oude Singel 41,Oudewater,"895.000,00 €",930 m²
Lawickse Allee 20,Wageningen,"699.000,00 €",352 m²
Clinckenburgh 2,Oegstgeest,"1.100.000,00 €",630 m²
Kuilsestraat 1,Herveld,"1.795.000,00 €",25.350 m²
Graaf van Egmontstraat 2,Horn,"425.000,00 €",490 m²
Molenplaatsweg 20,Borger,"795.000,00 €",1.126 m²
Laan van Zuilenveld 50,Oud Zuilen,"879.000,00 €",257 m²
Cloosterstraat 111,Kloosterzande,"312.500,00 €",403 m²
De Kleefse Kamp 76,Herveld,"299.500,00 €",109 m²
Zuidersingel 88 A,Berkel en Rodenrijs,"1.450.000,00 €",770 m²
Aalsmeerderweg 14,Aalsmeer,"1.075.000,00 €",2.575 m²
Dommel 5,Kaatsheuvel,"619.000,00 €",440 m²
Nieuweweg 15,Siebengewald,"685.000,00 €",680 m²
Molenstraat 11,Sint Anthonis,"1.050.000,00 €",1.785 m²
Karmozijnhof 19,Almere,"500.000,00 €",243 m²
Lithse Dijk 42,Lith,"1.187.500,00 €",1.115 m²
Korte van Meeuwenstraat 5,Rosmalen,"489.000,00 €",370 m²
Schimmelpennincklaan 14,Utrecht,"675.000,00 €",140 m²
Boddenkampsingel 126,Enschede,"468.000,00 €",222 m²
Bijsterense Slagen 26,Putten,"599.000,00 €",238 m²
Nieuweweg 2,Rhoon,"1.195.000,00 €",1.010 m²
Koningin Julianalaan 52,Bunnik,"795.000,00 €",430 m²
Dahliastraat 26,Nijverdal,"500.000,00 €",488 m²
Nicolaas Beetsstraat 64,Schiedam,"350.000,00 €",63 m²
Schokker 80,Zeewolde,"315.000,00 €",208 m²
Veenblok 14,Oudenbosch,"375.000,00 €",237 m²
Stevensstraat 15,Sas van Gent,"375.000,00 €",276 m²
Keienberg 61,Amersfoort,"1.450.000,00 €",950 m²
Straatweg 137,Breukelen,"1.549.000,00 €",1.000 m²
Bonkelaar 35,Ottersum,"300.000,00 €",148 m²
van Roggenstraat 13,Gaanderen,"475.000,00 €",514 m²
Entoshof 8,Rijssen,"375.000,00 €",175 m²
Kinkelenburg 26,Ugchelen,"425.000,00 €",176 m²
Klapwijkse eilanden 8,Berkel en Rodenrijs,"650.000,00 €",217 m²
Elzenlaan 48,Dordrecht,"410.000,00 €",191 m²
Oudebildtdijk 276,St.-Annaparochie,"320.000,00 €",760 m²
Juliana van Stolberglaan 47,Den Haag,"1.275.000,00 €",251 m²
Emmalaan 5,Posterholt,"250.000,00 €",255 m²
Zonnedauw 32,Schaijk,"495.000,00 €",333 m²
Schanswijk 21,Elshout,"595.000,00 €",510 m²
Grote Houtplein 8,Ede,"399.000,00 €",104 m²
Visserweert 40,Roosteren,"375.000,00 €",450 m²
Klazina Hoeve 5,Gouda,"385.000,00 €",143 m²
Kuiltjeshei 12,Best,"735.000,00 €",386 m²
Prinses Beatrixlaan 8,Hattem,"1.595.000,00 €",6.095 m²
Suikerpeerpad 36,Amsterdam,"675.000,00 €",121 m²
Parklaan 4,Amstelveen,"3.500.000,00 €",563 m²
Kapelstraat 7,Prinsenbeek,"325.000,00 €",98 m²
Meer en Boslaan 111,Den Haag,"1.995.000,00 €",615 m²
Noord Esweg 36,Hellendoorn,"1.495.000,00 €",7.890 m²
Laan van Welgelegen 6,Werkendam,"775.000,00 €",693 m²
Jac Catsstraat 87,Putten,"495.000,00 €",357 m²
Stellenboschlaan 24,Tilburg,"425.000,00 €",101 m²
Wapserveld 11,Nieuw-Vennep,"1.075.000,00 €",616 m²
Weverstraat 27,Ophemert,"550.000,00 €",314 m²
Schellingwouderdijk 209,Amsterdam,"1.450.000,00 €",240 m²
Leeweg 9,Berkel en Rodenrijs,"595.000,00 €",169 m²
Millseweg 20 b,Wanroij,"1.695.000,00 €",1.926 m²
Molenstraat 47,Monster,"825.000,00 €",410 m²
Oudaen 3 A,Amsterdam,"1.150.000,00 €",115 m²
Zuidendijk 393,Dordrecht,"800.000,00 €",965 m²
Oranjestraat 18,Nuenen,"595.000,00 €",532 m²
Molijnstraat 50,Haarlem,"485.000,00 €",109 m²
Keiweg 119,Oosterhout (NB),"400.000,00 €",244 m²
Oranjelaan 22,Ede,"598.000,00 €",294 m²
Korte Kleverlaan 46 / 46a,Bloemendaal,"995.000,00 €",160 m²
Emily Brontësingel 3,Arnhem,"400.000,00 €",151 m²
Ten Darperweg 17,Wapse,"700.000,00 €",4.270 m²
Gotthardpas 44,Eindhoven,"625.000,00 €",213 m²
Nieuwe Dorpsweg 15,Fijnaart,"289.000,00 €",205 m²
Rosmolenstraat 158,Leusden,"595.000,00 €",296 m²
Koarnleane 19,Nijland,"575.000,00 €",585 m²
Lorentzlaan 85,Heemstede,"1.495.000,00 €",729 m²
Huijgenlaan 11,Bunschoten-Spakenburg,"615.000,00 €",230 m²
Burg.Backxlaan 24,Nieuwleusen,"430.000,00 €",330 m²
Duizendpoot 44,Hengelo (OV),"425.000,00 €",243 m²
F.C. Dondersstraat 9,Utrecht,"1.795.000,00 €",232 m²
Borculoseweg 17 a,Ruurlo,"349.000,00 €",283 m²
Nassaukade 42,Rijswijk (ZH),"985.000,00 €",154 m²
Dampoortstraat 10,Middelburg,"225.000,00 €",76 m²
Hoofdweg 5,Blijham,"425.000,00 €",2.205 m²
Arendsweg 97,Beverwijk,"300.000,00 €",87 m²
Westerwolde 6,Emmeloord,"369.500,00 €",356 m²
Edelsteenweg 23,Berkel en Rodenrijs,"425.000,00 €",143 m²
Voortseweg 30,Eersel,"385.000,00 €",259 m²
Van Balverenweg 109,Bennekom,"395.000,00 €",160 m²
Kroonakker 17,Leende,"700.000,00 €",484 m²
Hoofdstraat 321,Sassenheim,"695.000,00 €",254 m²
De Schans 57,Hoornaar,"425.000,00 €",227 m²
Zestienhovensekade 31,Rotterdam,"725.000,00 €",169 m²
Trompstraat 15,Egmond aan Zee,"595.000,00 €",306 m²
Max Heymansstraat 69,Rotterdam,"575.000,00 €",148 m²
Klaproosstraat 2,Sint-Oedenrode,"385.000,00 €",199 m²
Haaswijkweg Oost 41,Dordrecht,"575.000,00 €",319 m²
Charlotte van Bourbonlaan 6,Veere,"875.000,00 €",403 m²
Bastion 8,Steenbergen (NB),"499.000,00 €",215 m²
Nachtegaalstraat 9,Mill,"585.000,00 €",660 m²
Terlucht 2,'s-Heer Arendskerke,"999.000,00 €",5.517 m²
Kloosterturf 2,Steenbergen (NB),"524.000,00 €",489 m²
Tienraijseweg 10,Meerlo,"669.000,00 €",11.914 m²
Stationsstraat 2,Raalte,"565.000,00 €",643 m²
Duinweg 11,Bosch en Duin,"3.950.000,00 €",3.222 m²
Aveling 4,Sliedrecht,"345.000,00 €",124 m²
Witte Baan 21,Prinsenbeek,"369.000,00 €",180 m²
Traverse 5,Bergambacht,"925.000,00 €",630 m²
Woertheweg 8,Hellendoorn,"400.000,00 €",458 m²
Prins Johan Frisolaan 4,Badhoevedorp,"1.750.000,00 €",1.413 m²
Noordweg 70,Serooskerke (Gem. Veere),"595.000,00 €",503 m²
Hunnenpad 14,Putten,"995.000,00 €",1.805 m²
Achter de Wilgen 4,Aalsmeer,"1.600.000,00 €",753 m²
Westerzicht 729,Vlissingen,"229.000,00 €",145 m²
De Hennepe 437,Tiel,"375.000,00 €",229 m²
Didamseweg 78,Zevenaar,"575.000,00 €",544 m²
Repenhof 13,Bunde,"375.000,00 €",235 m²
Satijnvlinderlaan 9,Eindhoven,"675.000,00 €",703 m²
De Kaneel 7,Woudenberg,"379.000,00 €",227 m²
Stal 132,Drachten,"229.000,00 €",126 m²
Balmerstraat 41,Apeldoorn,"339.500,00 €",185 m²
Nunspeterweg 15,Vierhouten,"549.000,00 €",677 m²
Dorpsweg 30,Sommelsdijk,"575.000,00 €",267 m²
Zandweg 32,Wormer,"350.000,00 €",288 m²
Veenmos 60,Kampen,"389.000,00 €",221 m²
Bovenboer 14,Veeningen,"495.000,00 €",497 m²
Cantate 61,Zaandam,"775.000,00 €",208 m²
Platanenstraat 2 c,Oost-Souburg,"325.000,00 €",212 m²
Menso Altingstraat 13,Sleen,"795.000,00 €",1.000 m²
Zesakkers 2041,Wijchen,"495.000,00 €",287 m²
Jeroen Boschlaan 4,Bilthoven,"1.150.000,00 €",392 m²
Korte Dwarsweg 13,Ouderkerk aan de Amstel,"2.100.000,00 €",780 m²
De Velg 24,Nieuwlande,"309.500,00 €",174 m²
Wickenburglaan 66 en 66 A,Utrecht,"495.000,00 €",311 m²
Prinses Margrietplantsoen 118,Bussum,"695.000,00 €",330 m²
Pernambucolaan 45,Overveen,"1.049.000,00 €",179 m²
William Barlowlaan 133,Amsterdam,"1.275.000,00 €",126 m²
Wielewaal 6,Bergambacht,"309.000,00 €",135 m²
Turnhoutplantsoen 34,Amsterdam,"500.000,00 €",90 m²
Schuitemakerstraat 4,Heemskerk,"850.000,00 €",685 m²
Polakkers 8,Buinen,"375.000,00 €",570 m²
Boelewijk 8,De Wilp,"625.000,00 €",9.271 m²
Westerweg 9,Noordwijk (GR),"249.500,00 €",725 m²
C. Evertsenstraat 98,Hilversum,"789.000,00 €",321 m²
De Dieze 27,Goirle,"450.000,00 €",186 m²
Platte knoop 8,Almere,"1.050.000,00 €",441 m²
Beatrixweg 24 I,Vaassen,"525.000,00 €",435 m²
Stadsedijk 5,Heijningen,"625.000,00 €",1.020 m²
Wethouder Roodenburgstraat 27,Haarlem,"495.000,00 €",106 m²
De Almanak 54,Zaandam,"789.000,00 €",285 m²
Disneystrook 50,Zoetermeer,"475.000,00 €",190 m²
Brielsemeer 1,Zoetermeer,"675.000,00 €",300 m²
De Koop 34,Hoogland,"449.000,00 €",191 m²
Boomdijk 12,Klaaswaal,"1.295.000,00 €",16.610 m²
Kleine Broekstraat 59,Bergeijk,"550.000,00 €",786 m²
Aardenburg 18,Hoogeveen,"495.000,00 €",313 m²
Westduinweg 233,Den Haag,"435.000,00 €",84 m²
Emmastraat 3,Barendrecht,"695.000,00 €",286 m²
Vincentlaan 8,Noordwijk (ZH),"2.100.000,00 €",2.301 m²
De Drift 9,Hoogeveen,"375.000,00 €",249 m²
Emmastraat 2,Numansdorp,"329.500,00 €",135 m²
Dorpsstraat 19,Wilp,"395.000,00 €",190 m²
Kennemerbeekweg 2 A,Hillegom,"565.000,00 €",283 m²
H. Reptonstraat 78,Velserbroek,"550.000,00 €",157 m²
Bouwbergstraat 9,Schinveld,"359.000,00 €",275 m²
Varnebroek 55,Alkmaar,"489.000,00 €",88 m²
Saksen Weimarlaan 6,Breda,"785.000,00 €",176 m²
Burgemeester de Boerlaan 20,Obdam,"695.000,00 €",423 m²
Westerduinweg 10,Petten,"995.000,00 €",4.770 m²
Valkenburgerlaan 28,Heemstede,"1.090.000,00 €",296 m²
Jantina Cristina Langerhorsttuin 11,Heerhugowaard,"325.000,00 €",134 m²
Endeldijk 13,Rotterdam,"465.000,00 €",102 m²
Chrysantenstraat 32,Veghel,"440.000,00 €",433 m²
Wibautstraat 9,Oosterhout (NB),"535.000,00 €",271 m²
Ninaberstraat 22,Zuidoostbeemster,"695.000,00 €",423 m²
Geeneindse Kerkweg 14,Helmond,"835.000,00 €",726 m²
Adrianalaan 131,Rotterdam,"550.000,00 €",213 m²
Heiweg 5,Herpen,"650.000,00 €",5.084 m²
Mahatma Gandhistraat 54,Rotterdam,"1.625.000,00 €",638 m²
Kaai 3,Oude-Tonge,"675.000,00 €",136 m²
Berkendonk 81,Helmond,"345.000,00 €",187 m²
Eisensteinstrook 46,Zoetermeer,"375.000,00 €",123 m²
Thomas de Keyserstraat 387,Enschede,"425.000,00 €",243 m²
Scheldepolder 3,Houten,"589.000,00 €",112 m²
Westenengerdijk 80,Otterlo,"1.450.000,00 €",32.450 m²
Albert Cuypstraat 10,Hengelo (OV),"285.000,00 €",219 m²
Johannes Vermeerlaan 8,Nieuwe Pekela,"250.000,00 €",431 m²
Plein 2,Zoelmond,"600.000,00 €",620 m²
Carel Willinklaan 78,Almere,"625.000,00 €",230 m²
Liesbosweg 160,Etten-Leur,"345.000,00 €",226 m²
Prinsengracht 18,Hasselt,"500.000,00 €",188 m²
Waarden 38,Leusden,"475.000,00 €",197 m²
De Buizerd 109,Almelo,"299.000,00 €",239 m²
De Wetering 13,Dalem,"560.000,00 €",325 m²
Provincialeweg 204,Oosteind,"995.000,00 €",1.800 m²
Aalstraat 8,Volendam,"269.000,00 €",86 m²
Soetendaal 57,Amsterdam,"1.100.000,00 €",182 m²
Onoribo 15,Diemen,"725.000,00 €",146 m²
Heemskerkstraat 103,Twello,"450.000,00 €",247 m²
Torenstraat 84,Wildervank,"249.500,00 €",419 m²
Burgemeester van Erpstraat 14 a,Berghem,"569.000,00 €",485 m²
Linge 66,Tilburg,"875.000,00 €",955 m²
Roerdompplein 10,Enkhuizen,"345.000,00 €",163 m²
Besoyensestraat 78,Waalwijk,"350.000,00 €",225 m²
Molenstraat 44,Gorinchem,"400.000,00 €",70 m²
Strijensestraat 49,Schiedam,"300.000,00 €",88 m²
Enkhuizensestraat 19 a,Den Haag,"925.000,00 €",145 m²
Weteringkade 252,Amersfoort,"650.000,00 €",215 m²
De van der Schuerenmarke 2,Zwolle,"450.000,00 €",202 m²
Rietpolderlaan 17,Muiden,"820.000,00 €",136 m²
Lageweg 10,Noordlaren,"1.700.000,00 €",1.340 m²
Noordenveld 16,Lelystad,"649.000,00 €",574 m²
Wijtgraaf 36,Hierden,"1.065.000,00 €",2.520 m²
Reiskameraad 46,Eindhoven,"420.000,00 €",205 m²
Veldweg 8,Zwolle,"595.000,00 €",342 m²
Openderweg 28,Opende,"675.000,00 €",4.125 m²
Zuiderzeestraat 12,Purmerend,"375.000,00 €",170 m²
Haitsma Mulierlaan 3,Lochem,"1.215.000,00 €",900 m²
Pastoor Thijssenlaan 23,Sterksel,"895.000,00 €",1.494 m²
Kremer 18,Reusel,"335.000,00 €",123 m²
Kruisweg 8,Middelburg,"399.000,00 €",331 m²
Punt 15,Middelburg,"589.000,00 €",117 m²
van Delftstraat 54,Wildervank,"215.000,00 €",166 m²
Landmeerse Loop 3,Tilburg,"449.500,00 €",188 m²
Jan Ligthartstraat 216,Heemskerk,"449.000,00 €",218 m²
Rozenhaag 23,Leusden,"1.195.000,00 €",901 m²
Heer Oudelandslaan 45,Zwijndrecht,"298.000,00 €",218 m²
Scherpenzeelseweg 149,Barneveld,"1.190.000,00 €",5.000 m²
Bonhoefferhage 6,Emmeloord,"624.000,00 €",360 m²
Nieuwehaven 19 C,Edam,"825.000,00 €",128 m²
Kamerlingh Onneslaan 40,Zwolle,"525.000,00 €",247 m²
Kiezellei 1,Langenboom,"895.000,00 €",1.064 m²
Sportlaan 7,Oostvoorne,"545.000,00 €",400 m²
Viveslaan 33,Breda,"375.000,00 €",167 m²
Trinesweg 2,Meijel,"615.000,00 €",3.500 m²
't Kieftenland 52,Limmen,"495.000,00 €",287 m²
Leeghwaterstraat 126,Schoonhoven,"329.000,00 €",132 m²
Borssenburg 34,Amstelveen,"650.000,00 €",134 m²
Koloniedijk 8,Vinkenbuurt,"1.090.000,00 €",9.790 m²
Marie van Zeggelenstraat 43,Spijkenisse,"350.000,00 €",123 m²
Krommenieërpad 76,Wormerveer,"500.000,00 €",200 m²
Hertenlaan 12,Lunteren,"535.000,00 €",298 m²
Maerten van Heemskerckstraat 155,Beverwijk,"825.000,00 €",360 m²
Westerpark 76,Tilburg,"350.000,00 €",130 m²
Heerewaardensestraat 18,Heerewaarden,"535.000,00 €",783 m²
Moldauplantsoen 15,Drunen,"325.000,00 €",143 m²
Oostdijk 11,Oude-Tonge,"425.000,00 €",185 m²
Melati van Javalaan 6,Eindhoven,"575.000,00 €",257 m²
Zijdstraat 62,Aalsmeer,"575.000,00 €",200 m²
Munnikenweg 26,Berkel en Rodenrijs,"995.000,00 €",1.750 m²
Schoolstraat 28,Hoofdplaat,"269.000,00 €",477 m²
Heer Willem van Egmondstraat 5,Polsbroek,"389.000,00 €",220 m²
Aekingaweg 12,Appelscha,"825.000,00 €",21.730 m²
Klaprooshof 13,Nuenen,"550.000,00 €",269 m²
Hezelaarstraat 28,Veghel,"260.000,00 €",56 m²
Pinksterbloem 39,Beilen,"665.000,00 €",826 m²
Lage Maat 11,Wijk bij Duurstede,"825.000,00 €",1.175 m²
Kerkstraat 14,Waardenburg,"925.000,00 €",1.195 m²
Molenvaart 473,Breezand,"539.000,00 €",1.080 m²
Schoutenstraat 50,Mijdrecht,"460.000,00 €",245 m²
Het Veen 47,Lichtenvoorde,"879.000,00 €",1.032 m²
Hoefstraat 13,Heerhugowaard,"475.000,00 €",228 m²
Laarpark 20,Veghel,"630.000,00 €",550 m²
Hoge Giessen 19 I,Hoornaar,"610.000,00 €",265 m²
Sint Urbanusstraat 24,Amstelveen,"600.000,00 €",149 m²
Molenpad 9,Nieuwleusen,"500.000,00 €",680 m²
Buitenwaarden 42,Grafhorst,"350.000,00 €",67 m²
Koningin Emmalaan 30,Ouderkerk aan de Amstel,"700.000,00 €",345 m²
Baken 12,Amstelveen,"1.045.000,00 €",285 m²
Korenbloemstraat 5,Rhenen,"375.000,00 €",171 m²
Laagland 14,Milsbeek,"575.000,00 €",854 m²
Koleind 4,Veldhoven,"500.000,00 €",243 m²
Cees van Gendlaan 14,Willemstad,"350.000,00 €",206 m²
Beemdsteeg 4,Zeeland,"1.795.000,00 €",11.750 m²
Tuinstee 12,Purmerend,"325.000,00 €",149 m²
Tapuitlaan 68,Hoogeveen,"299.000,00 €",253 m²
Holtstek 20,Groningen,"425.000,00 €",84 m²
Pastoor Adamsstraat 5,Roermond,"275.000,00 €",118 m²
Frans Halslaan 7,Bergschenhoek,"795.000,00 €",350 m²
Staten Bolwerk 10,Haarlem,"1.200.000,00 €",177 m²
Gentiaan 59,Haaksbergen,"418.000,00 €",254 m²
Holterweg 118,Lettele,€ 1.895.000 v.o.n.,118.891 m²
Prins Bernhardstraat 43,Drunen,"395.000,00 €",206 m²
Hoogstraat 27,Standdaarbuiten,"650.000,00 €",1.655 m²
Pastoor Dijkmansstraat 7,Eindhoven,"399.500,00 €",269 m²
Madeliefstraat 36,Eindhoven,"339.000,00 €",110 m²
Hoofdvaart 178,Dedemsvaart,"1.150.000,00 €",5.265 m²
Nieuwkuijksestraat 42,Nieuwkuijk,"415.000,00 €",322 m²
Vinkenhilseweg 1,Rockanje,"1.050.000,00 €",9.460 m²
Queridostraat 43,Haarlem,"675.000,00 €",241 m²
Zesstedenweg 184 186,Grootebroek,"875.000,00 €",615 m²
Oosterdiep WZ 165,Emmer-Compascuum,"399.000,00 €",2.329 m²
Beemke 61 en 59A,Netersel,"695.000,00 €",800 m²
Dorpsweg 35 37,Garmerwolde,"695.000,00 €",1.320 m²
Gouwestraat 76,Terneuzen,"259.500,00 €",242 m²
Aengwirderweg 329,Tjalleberd,"675.000,00 €",10.845 m²
Deldensestraat 124,Goor,"775.000,00 €",1.377 m²
Gré Brouwenstijnlaan 3,Oegstgeest,"489.000,00 €",142 m²
Binnendams 68,Hardinxveld-Giessendam,"569.500,00 €",305 m²
Haffmanslaan 11,Nuenen,"695.000,00 €",524 m²
Speulderweg 7,Garderen,"475.000,00 €",260 m²
Willem de Clercqstraat 13,Almelo,"325.000,00 €",342 m²
Vikna 21,Blauwestad,"910.000,00 €",1.264 m²
Kastanjelaan 44,Zwanenburg,"1.440.000,00 €",651 m²
Heinoseweg 29,Dalfsen,"1.100.000,00 €",9.733 m²
Lupine 10,Borne,"700.000,00 €",811 m²
Walstraat 2,Someren,"539.000,00 €",857 m²
Emmerik 38,Westervoort,"942.500,00 €",948 m²
Hillegommerdijk 59,Lisserbroek,"639.000,00 €",410 m²
Dorpsstraat 27,Havelte,"1.175.000,00 €",2.118 m²
Ds. Petersenstraat 18,Veendam,"225.000,00 €",280 m²
Jacob van Oostzanenstraat 12,Heemskerk,"499.000,00 €",183 m²
Mondriaanstraat 1,Bergschenhoek,"600.000,00 €",201 m²
Kleverlaan 113,Bloemendaal,"1.095.000,00 €",174 m²
Watermolen 47,Edam,"945.000,00 €",452 m²
Kootwijkerdijk 20 A,Kootwijkerbroek,"1.090.000,00 €",2.608 m²
Schaepmanstraat 2,Purmerend,"365.000,00 €",241 m²
Hein Meijerstraat 2,Lichtenvoorde,"510.000,00 €",448 m²
Loysonstraat 49,Eygelshoven,"390.000,00 €",755 m²
Hoofdstraat 60,Meedhuizen,"250.000,00 €",621 m²
Iepenlaan 13,Beverwijk,"295.000,00 €",161 m²
Rigastraat 10,Lelystad,"400.000,00 €",148 m²
Distelvlinderstraat 24,Aalsmeer,"825.000,00 €",273 m²
Haarsteegsestraat 51,Haarsteeg,"1.500.000,00 €",18.500 m²
Tigrisstraat 59,Purmerend,"550.000,00 €",199 m²
Vinkenkade 4,Vinkeveen,"750.000,00 €",1.039 m²
Notarisappelgaard 11,Arnhem,"369.500,00 €",189 m²
Stedehof 3,Assen,"410.000,00 €",174 m²
Bloemstraat 13,Leiden,"365.000,00 €",65 m²
Kethelweg 162,Vlaardingen,"399.000,00 €",185 m²
Langbroekerdijk A 2 A,Langbroek,"1.895.000,00 €",1.730 m²
Hattasingel 98,Rotterdam,"675.000,00 €",163 m²
Diemewei 4013,Wijchen,"475.000,00 €",194 m²
Wachtendonk 304,Uden,"285.000,00 €",114 m²
Lindenlaan 6,Hoogeveen,"599.500,00 €",1.364 m²
Vuurdoornstraat 118,Opheusden,"475.000,00 €",349 m²
Jetze Veldstraweg 52,Ouwsterhaule,"539.500,00 €",5.490 m²
Legmeerdijk 140,Amstelveen,"1.950.000,00 €",2.224 m²
Dorpsstraat 1,Noord-Sleen,"1.095.000,00 €",15.720 m²
Bolstraschans 8,Zoetermeer,"400.000,00 €",123 m²
Korfbalstraat 11,Fijnaart,"289.000,00 €",137 m²
Dorpsstraat 65,Hekelingen,"599.000,00 €",366 m²
Sebastiaan van Noyestraat 38,Eindhoven,"369.000,00 €",149 m²
Bantamstraat 26,Haarlem,"530.000,00 €",120 m²
Sweelinckstraat 10,Haarlem,"750.000,00 €",110 m²
Van der Bildtstraat 32,Franeker,"195.000,00 €",126 m²
Papesteeg 6,Tiel,"410.000,00 €",245 m²
Platteweg 18,Oldemarkt,"399.000,00 €",331 m²
Bleekstraat 13,Eindhoven,"600.000,00 €",90 m²
Jean Monnetstraat 9,Herten,"469.000,00 €",237 m²
Akkerstraat 36,Beneden-Leeuwen,"550.000,00 €",259 m²
Tolhuis 16,Kollum,"569.000,00 €",792 m²
Loostraat 53,Huissen,"1.350.000,00 €",2.690 m²
Dr Huber Noodtstraat 117,Doetinchem,"489.000,00 €",893 m²
Berkakker 30,Kaatsheuvel,"499.000,00 €",396 m²
Sumatra 73,Purmerend,"425.000,00 €",115 m²
Prins Mauritslaan 29,Apeldoorn,"945.000,00 €",690 m²
Provincialeweg 97,Oosteind,"895.000,00 €",1.220 m²
Pasteurstraat 14,Hengelo (OV),"519.000,00 €",785 m²
Jachtlaan 258,Apeldoorn,"650.000,00 €",470 m²
Korssendijk 3,Reeuwijk,"1.490.000,00 €",779 m²
Leenderweg 156,Eindhoven,"450.000,00 €",145 m²
Brekkerweg 1,Idsegahuizum,"1.450.000,00 €",6.530 m²
Kerkstraat 23,Zetten,"499.000,00 €",460 m²
De Monding 39,Veenendaal,"495.000,00 €",172 m²
Oudelandseweg 37,Ouddorp,"595.000,00 €",917 m²
Zouavenlaan 139,Oudenbosch,"795.000,00 €",815 m²
Rosa Spierweg 2,Assen,"495.000,00 €",386 m²
Stoeplaan 17,Wassenaar,"4.250.000,00 €",15.070 m²
Hoofdweg 1,Smilde,"350.000,00 €",637 m²
Burgemeester van Engelenweg 28,IJsselmuiden,"295.000,00 €",150 m²
Donk 2,Vessem,"1.300.000,00 €",3.885 m²
Esweg 4,Beilen,"275.000,00 €",457 m²
Duinweg 31,Wassenaar,"1.495.000,00 €",842 m²
Bernhardweg 3,Oijen,"595.000,00 €",732 m²
Vondellaan 16,Baarn,"895.000,00 €",480 m²
Stationswei 26,Molkwerum,"1.095.000,00 €",15.482 m²
De Stille Wille 218,Oost West en Middelbeers,"285.000,00 €",830 m²
Noordkade 153,Waddinxveen,"535.000,00 €",150 m²
Kopjeskampen 12,Laren (NH),"920.000,00 €",304 m²
Ooisestraat 16,Echteld,"895.000,00 €",1.548 m²
Tielsestraat 56,Opheusden,"675.000,00 €",2.475 m²
Rietveld 46,Mijdrecht,"829.000,00 €",275 m²
Wegastraat 7,Emmeloord,"265.000,00 €",239 m²
Ferdinand Huyckstraat 41,Hoogvliet Rotterdam,"325.000,00 €",152 m²
Munnikenweg 97,Beverwijk,"329.000,00 €",168 m²
Eekhool 3,Hilvarenbeek,"795.000,00 €",990 m²
Leenderweg 280,Eindhoven,"595.000,00 €",230 m²
Nieuwstraat 81,Almelo,"195.000,00 €",183 m²
Henri Dunantstraat 9,Oost-Souburg,"219.000,00 €",343 m²
Plevierstraat 46,Maassluis,"435.000,00 €",129 m²
J.W. van Puttestraat 14,Ameide,"825.000,00 €",553 m²
Wijnruit 40,Oosterhout (NB),"889.000,00 €",713 m²
Fluitenbergseweg 32,Fluitenberg,"1.100.000,00 €",13.195 m²
Strandweg 9,Vlissingen,"799.000,00 €",763 m²
Rode Baan 13,Prinsenbeek,"435.000,00 €",265 m²
Grand Canal 24,Almelo,"450.000,00 €",295 m²
Jagershof 25,Etten-Leur,"520.000,00 €",239 m²
Botter 38 16,Lelystad,"325.000,00 €",273 m²
Langendam 37,Zoutelande,"785.000,00 €",835 m²
Miamihof 53,Den Haag,"465.000,00 €",122 m²
Wetering 57,Vriezenveen,"539.500,00 €",404 m²
Robert Johnsonstraat 10,Middelburg,"875.000,00 €",403 m²
it Rûm 10,Heerenveen,"315.000,00 €",195 m²
Klaroen 11,Capelle aan den IJssel,"727.000,00 €",265 m²
Godsweerdersingel 73,Roermond,"850.000,00 €",256 m²
Burgemeester Galleestr 36,Vorden,"700.000,00 €",834 m²
J. Kammingastraat 89,Wildervank,"284.500,00 €",567 m²
Wierdensestraat 162,Almelo,"249.000,00 €",636 m²
Karel de Grotelaan 20,Bergen (NH),"650.000,00 €",320 m²
Bloemhaven 35,Vinkeveen,"895.000,00 €",248 m²
Groene Weide 52,Arnhem,"297.000,00 €",176 m²
Dorpsstraat 24,Ouderkerk aan den IJssel,"550.000,00 €",145 m²
Dennekamplaan 16,Rekken,"498.000,00 €",720 m²
Zwartehofslaan 1,Oldemarkt,"249.500,00 €",383 m²
Meester Haddersstraat 28,Wijster,"599.500,00 €",954 m²
Ruysdaellaan 14,Apeldoorn,"400.000,00 €",144 m²
Korte Molenweg 3,Blaricum,"885.000,00 €",222 m²
Harderwijkerweg 57,Ermelo,"1.050.000,00 €",1.684 m²
Kerkstraat 28,Noordwijkerhout,"1.498.000,00 €",1.800 m²
Linde 13,Veldhoven,"1.139.000,00 €",1.575 m²
Kometensingel 313,Amsterdam,"375.000,00 €",86 m²
Pieter Breughellaan 16,Bilthoven,"495.000,00 €",132 m²
Molenweg 49,Zegveld,"1.050.000,00 €",4.405 m²
Weimarstraat 408,Den Haag,"695.000,00 €",102 m²
Rijndijk 170,Leiden,"775.000,00 €",361 m²
Eger 42,Uithoorn,"925.000,00 €",450 m²
Haaksbergerweg 15,Goor,"429.500,00 €",1.070 m²
Weeresteinstraat 44,Hillegom,"469.500,00 €",150 m²
Deurneseweg 32,Heide,"695.000,00 €",2.010 m²
Luttelherptseweg 2,Herpt,"1.400.000,00 €",31.190 m²
Stationslaan 14,Stadskanaal,"489.000,00 €",530 m²
Dr A J Kraaystraat 26,Ochten,"325.000,00 €",164 m²
Holterweg 36 38,Laren (GE),"745.000,00 €",1.606 m²
Spaanseweg 9,Ouddorp,"789.000,00 €",1.340 m²
Roelenengweg 34,Voorthuizen,"650.000,00 €",542 m²
Ien Dalesstraat 8,Rijen,"598.000,00 €",411 m²
Schoolstraat 6 a,Zuilichem,"800.000,00 €",617 m²
Ganzenmarkt 12,Ootmarsum,"935.000,00 €",262 m²
Reigerslaan 40,Voorhout,"1.050.000,00 €",468 m²
Fazantlaan 13,Eindhoven,"875.000,00 €",278 m²
Hofstraatlaan 3,Winschoten,"185.000,00 €",165 m²
Kozakkenweg 10,Veenendaal,"599.000,00 €",233 m²
Toulousestraat 13,Hengelo (OV),"450.000,00 €",253 m²
Van Zuylen van Nijeveltstraat 54,Wassenaar,"1.450.000,00 €",476 m²
Hulsterdijk 10,Weert,"1.050.000,00 €",1.327 m²
Groot Haesebroekseweg 17,Wassenaar,"4.450.000,00 €",3.375 m²
Marshallstraat 22,Oss,"339.000,00 €",262 m²
Bergerweg 167,Alkmaar,"1.095.000,00 €",1.490 m²
Woordweg 2 a,Groede,"950.000,00 €",594 m²
Rorikstraat 20,Wijk bij Duurstede,"515.000,00 €",319 m²
Weteringshoek 21,Rossum (GE),"985.000,00 €",1.653 m²
Rechtestraat 44,De Rijp,"375.000,00 €",146 m²
Haaswijkweg West 98,Dordrecht,"700.000,00 €",329 m²
Vreelandseweg 31,Nederhorst den Berg,"1.553.000,00 €",742 m²
Ooievaar 5,Nieuw-Lekkerland,"875.000,00 €",777 m²
Harstastate 10,Leeuwarden,"550.000,00 €",577 m²
Hoenderloseweg 11 a,Ugchelen,"550.000,00 €",363 m²
Soesterweg 2 B,Amersfoort,"590.000,00 €",127 m²
Moleneind ZZ 159,Drachten,"260.000,00 €",136 m²
Westlander 127,Schipluiden,"435.000,00 €",95 m²
Beilervaart 46,Beilen,"695.000,00 €",3.200 m²
De Ooster Esch 23,Gramsbergen,"598.000,00 €",987 m²
Baronielaan 172,Breda,"1.595.000,00 €",584 m²
de Halden 32,Haalderen,"385.000,00 €",240 m²
Randweg 17,Oud-Beijerland,"1.595.000,00 €",3.095 m²
Oostzijde 39,Zaandam,"450.000,00 €",49 m²
Luchtenburglaan 13,Den Haag,"575.000,00 €",232 m²
Terbaansweg 17 b,Roermond,"289.000,00 €",267 m²
Wouwerdries 63,Hilvarenbeek,"585.000,00 €",301 m²
Revelsant 13,Emmeloord,"269.000,00 €",234 m²
van Riemsdijklaan 131,Beverwijk,"475.000,00 €",130 m²
Badlaan 32,Surhuisterveen,"275.000,00 €",274 m²
Koekoeksweg 7,Olst,"875.000,00 €",2.210 m²
Burgemeester Brokkenstraat 1,Waalwijk,"1.150.000,00 €",1.020 m²
Houtgoorstraat 8,Chaam,"800.000,00 €",3.167 m²
Hanzestraat 7,Maasbommel,"495.000,00 €",538 m²
Fnidsen 31,Alkmaar,"595.000,00 €",88 m²
Bouvignestraat 55,Hellevoetsluis,"400.000,00 €",442 m²
Pastoor Swelsenstraat 12,Geulle,"300.000,00 €",379 m²
Molenlaan 51,Voorschoten,"595.000,00 €",511 m²
Wienkeskoel 102,Melick,"585.000,00 €",1.478 m²
Teylingerlaan 94 .,Voorhout,"1.675.000,00 €",1.710 m²
Straussweg 40,Bunschoten-Spakenburg,"700.000,00 €",391 m²
Grutto 32,Genemuiden,"795.000,00 €",791 m²
Simon Vestdijkstraat 35 a,Den Haag,"799.500,00 €",234 m²
Koningin Julianastraat 1,Huizen,"800.000,00 €",675 m²
Dorpstraat 57,Beekbergen,"499.000,00 €",292 m²
Hoefsmid 7,Lopik,"375.000,00 €",127 m²
Peperstraat 6,Voorhout,"600.000,00 €",261 m²
IJsselkade 56,Kampen,"850.000,00 €",270 m²
Weeshuisplein 17,Dordrecht,"649.000,00 €",107 m²
Blokwetering 2,Culemborg,"895.000,00 €",335 m²
Bekaf 14,Goedereede,"675.000,00 €",94 m²
Koekoekweg 28,Hengelo (OV),"275.000,00 €",117 m²
Veluwstraat 30 a,Ewijk,"550.000,00 €",2.180 m²
Walstro 40,Leusden,"550.000,00 €",209 m²
Bovenweg 74,Oldeberkoop,"675.000,00 €",14.750 m²
Kerkstraat 33,Elshout,"749.000,00 €",1.715 m²
Zouwendijk 32,Meerkerk,"389.000,00 €",185 m²
Oud Over 110 A,Loenen aan de Vecht,"2.950.000,00 €",1.918 m²
Parkweg 34,Maarssen,"695.000,00 €",237 m²
Grensstraat 16,Nispen,"495.000,00 €",585 m²
Laanweg 8,Schoorl,"1.475.000,00 €",1.010 m²
Dagpauwooglaan 54,Den Haag,"749.500,00 €",236 m²
Munnikenweg 44,Veenendaal,"845.000,00 €",544 m²
Lenny Tristanostraat 16,Rotterdam,"350.000,00 €",160 m²
Julianastraat 4,Egmond aan Zee,"535.000,00 €",159 m²
Rode Klaverweide 16,Heerhugowaard,"675.000,00 €",505 m²
Westeinde 65 -67,Dalfsen,"890.000,00 €",1.970 m²
Tijhofslaan 41,Almelo,"695.000,00 €",602 m²
Roggestraat 30,Apeldoorn,"589.500,00 €",147 m²
Meester Schierbeekstraat 15,Enschede,"275.000,00 €",230 m²
Scheepswerflaan 48,Raamsdonksveer,"769.000,00 €",290 m²
Smidse 24,Schaijk,"489.000,00 €",363 m²
Oud Milligenseweg 30,Garderen,"650.000,00 €",485 m²
Lodesteijnstraat 21,Wassenaar,"699.000,00 €",158 m²
Vliegenstein 5,Hattem,"525.000,00 €",365 m²
Vooronder 6,Nieuw-Amsterdam,"445.000,00 €",585 m²
Thorbeckelaan 84,Pijnacker,"415.000,00 €",120 m²
Nachtegaalstraat 37,Haarlem,"395.000,00 €",80 m²
Lieverman 21,Gemert,"599.000,00 €",401 m²
Acacialaan 3,Renswoude,"447.500,00 €",202 m²
Burgemeester Thomas Wackersstraat 67,Roermond,"359.000,00 €",293 m²
Hiernstraat 19,Waardenburg,"399.000,00 €",246 m²
Noordeindseweg 184 e,Berkel en Rodenrijs,"600.000,00 €",212 m²
Anne Frankstraat 25 .,Ootmarsum,"575.000,00 €",432 m²
Havenstraatse Wal 18,Schoonhoven,"275.000,00 €",80 m²
Brilbeer 20,Heerhugowaard,"450.000,00 €",273 m²
Hoofdstraat West 74,Wolvega,"425.000,00 €",205 m²
Spankerenseweg 25,Dieren,"365.000,00 €",257 m²
Brahmslaan 26,Hoogezand,"350.000,00 €",358 m²
Voslaan 6,Vierhouten,"780.000,00 €",803 m²
Kronenburgerstraat 23,Huizen,"695.000,00 €",210 m²
Gestelsestraat 95,Waalre,"550.000,00 €",490 m²
Bernard Zweerslaan 17,Terneuzen,"299.000,00 €",308 m²
Koningin Wilhelminaweg 46,Oranjewoud,"475.000,00 €",526 m²
Albert Cuypstraat 52,Zwolle,"335.000,00 €",100 m²
Kievitlaan 2,Vlaardingen,"500.000,00 €",326 m²
Rooijsestraat 76,Dreumel,"350.000,00 €",230 m²
Jan Poortmanweg 9,de Wijk,"700.000,00 €",926 m²
Berkenstraat 2,Boven-Leeuwen,"445.000,00 €",395 m²
Jacob van Lennepstraat 25,Breda,"445.000,00 €",199 m²
Kruisbeeklaan 28,Velsen-Noord,"449.000,00 €",150 m²
Noordkade 2,Waddinxveen,"699.000,00 €",455 m²
Laan van Kanaän 11,Beverwijk,"319.000,00 €",130 m²
Valksestraat 9 a,Alphen (GE),"1.250.000,00 €",4.150 m²
Haarlemmertrekvaart 31,Oegstgeest,"4.500.000,00 €",4.389 m²
Theodorus de Leeuwlaan 2,Abcoude,"800.000,00 €",150 m²
Vogelkers 6 b,Poortugaal,"359.000,00 €",95 m²
Stationslaan 9,Groenlo,"469.000,00 €",1.230 m²
Klein Westerwijksestraat 6 b,Hilvarenbeek,"840.000,00 €",1.290 m²
Costerweg 24,Wageningen,"550.000,00 €",158 m²
Dick Ketstraat 7,Eindhoven,"675.000,00 €",247 m²
Staverdense beek 21,Biddinghuizen,"750.000,00 €",571 m²
Goudenregenstraat 41,Zwolle,"298.500,00 €",122 m²
Simone de Beauvoirstraat 5,Nijmegen,"485.000,00 €",135 m²
Bavelselaan 296,Breda,"798.000,00 €",446 m²
Molenstraat 4,Kerkdriel,"275.000,00 €",185 m²
Raadhuisstraat 28 *,Diepenheim,Prijs op aanvraag,2.200 m²
Zandweg 39,Maarssen,"1.875.000,00 €",573 m²
Koepoortsweg 40,Hoorn (NH),"535.000,00 €",130 m²
Parkweg 40,Maarssen,"650.000,00 €",148 m²
Dijkgraafseweg 50,Wageningen,"575.000,00 €",579 m²
E J Boschweg 38,Daarle,"499.000,00 €",425 m²
Nieuwe Laaklaan 20,Putten,"1.100.000,00 €",1.843 m²
Palmboomhof 8,Zwammerdam,"2.175.000,00 €",838 m²
Zevenblad 3,Uitgeest,"375.000,00 €",138 m²
Leeuwerik 30,Bunschoten-Spakenburg,"450.000,00 €",182 m²
Westenesscherstraat 83,Emmen,"795.000,00 €",16.370 m²
Jeroen Boschstraat 45,Terneuzen,"269.500,00 €",210 m²
Boonkamp 28,Ammerzoden,"420.000,00 €",304 m²
Groenstraat 22,Prinsenbeek,"399.000,00 €",252 m²
Vermeerstraat 32,Bleiswijk,"350.000,00 €",164 m²
John F. Kennedysingel 24,Melick,"319.500,00 €",403 m²
Wijdstraat 8,Oudewater,"389.000,00 €",104 m²
Molenstraat 15,Goor,"299.500,00 €",377 m²
Schouwweg 83,Wassenaar,"2.980.000,00 €",2.550 m²
Postelse Hoeflaan 149,Tilburg,"365.000,00 €",143 m²
West Vaardeke 60,Oudenbosch,"850.000,00 €",273 m²
Parelgrijs 52 - 54,Zoetermeer,"725.000,00 €",264 m²
Heikampseweg 30,Heijen,"389.000,00 €",492 m²
Haarweg 14,Tonden,"945.000,00 €",12.145 m²
Oranjestraat 1,Venlo,"415.000,00 €",204 m²
's-Gravenzandseweg 109,Naaldwijk,"360.000,00 €",152 m²
Hoefsmidlaan 3,Voorthuizen,"489.000,00 €",229 m²
Tiberstroom 2,Zoetermeer,"725.000,00 €",338 m²
Harenbergweg 53,Enschede,"925.000,00 €",483 m²
Prieswijk 154,Elim,"375.000,00 €",343 m²
Spaarndammerdijk 96,Spaarndam gem. Haarlem,"550.000,00 €",181 m²
Mgr. Frederixplein 6,Afferden (LI),"299.000,00 €",240 m²
Freya 40,Blauwestad,"550.000,00 €",1.021 m²
Eikenlaan 14,Oudenbosch,"695.000,00 €",600 m²
Hammarskjöldpark 13,Zetten,"499.000,00 €",523 m²
Sterkenstraatje 2,Helmond,"450.000,00 €",129 m²
Hoofdstraat 87,Landgraaf,"250.000,00 €",225 m²
Grolloërstraat 12,Rolde,"445.000,00 €",522 m²
Medemblikhof 63,Arnhem,"369.000,00 €",182 m²
Jac Catsstraat 114,Putten,"795.000,00 €",896 m²
Koeslagstraat 2,Laren (GE),"639.000,00 €",545 m²
Pastoor Willemsplein 1,Appeltern,"600.000,00 €",843 m²
Julianastraat 5,Harskamp,"850.000,00 €",1.470 m²
Reitsmastrjitte 50,Harkema,"495.000,00 €",1.831 m²
De Cloese 7 - 9,Ugchelen,"1.000.000,00 €",875 m²
Hoefpad 21,Biest-Houtakker,"350.000,00 €",126 m²
Baronielaan 7,Goirle,"575.000,00 €",319 m²
Zwaluwenlaan 28,Rhoon,"324.000,00 €",120 m²
Huijgensstraat 18,Terneuzen,"249.500,00 €",152 m²
Alkmaarsingel 249,Arnhem,"375.000,00 €",251 m²
Beatrixlaan 9,Putten,"1.399.000,00 €",1.565 m²
Rozenstraat 26,Giesbeek,"270.000,00 €",229 m²
Achttienhontpad 1,Warmond,"2.495.000,00 €",1.295 m²
Klarendalseweg 300,Arnhem,"300.000,00 €",165 m²
Zeelsterstraat 210,Eindhoven,"317.500,00 €",147 m²
Olieslagweg 15,Enschede,"450.000,00 €",209 m²
Maalbroek 139,Roermond,€ 600.000 v.o.n.,2.380 m²
Zwemmerslaan 7,Haarlem,"1.250.000,00 €",527 m²
Hélène Swarthstraat 1,Spijkenisse,"399.000,00 €",130 m²
Generaal Foulkesweg 87 -A,Wageningen,"1.150.000,00 €",677 m²
Oostdijkseweg 18,Goedereede,"1.100.000,00 €",9.160 m²
Herengracht 10 b,Middelburg,"439.000,00 €",162 m²
Hooge Braak 23,Bakel,"595.000,00 €",457 m²
Chopinstraat 2,Haaksbergen,"550.000,00 €",489 m²
Vlasrootlaan 2,Waalre,"1.750.000,00 €",7.872 m²
Kuipersveld 2,Koog aan de Zaan,"400.000,00 €",128 m²
Vloeddijk 159 b,Kampen,"449.000,00 €",95 m²
Frankenhuis 15,Haaksbergen,"490.000,00 €",237 m²
Hietlandlaan 6,Doetinchem,Prijs op aanvraag,1.094 m²
Drift 3 b,Hijken,"399.000,00 €",497 m²
Haaswijkweg West 90,Dordrecht,"895.000,00 €",492 m²
Baronielaan 25,Stadskanaal,"585.000,00 €",1.372 m²
het Meer 127,Heerenveen,"325.000,00 €",425 m²
Oosterse Lageweg 2,Middelburg,"1.195.000,00 €",2.473 m²
van der Mondeweg 72,Haalderen,"375.000,00 €",290 m²
Leostraat 112,Eindhoven,"400.000,00 €",115 m²
Rijksstraatweg 135,Ridderkerk,"1.200.000,00 €",988 m²
Burgemeester F.H. van Kempensingel 3,Rotterdam,"965.000,00 €",220 m²
Chopinlaan 23,Hazerswoude-Rijndijk,"450.000,00 €",147 m²
Veldwezeltstraat 74 A-B,Maastricht,"945.000,00 €",800 m²
Asterstraat 13,Rosmalen,"435.000,00 €",329 m²
Muldersplein 10,Rottevalle,"325.000,00 €",571 m²
Kapellerweg 32,Sittard,"725.000,00 €",1.200 m²
Sniederslaan 75 75A,Bladel,"1.029.000,00 €",845 m²
Kamerlingh Onneslaan 6,Almelo,"790.000,00 €",549 m²
Wilhelminastraat 17,Dreumel,"600.000,00 €",930 m²
Weergraaf 38,Horn,"525.000,00 €",695 m²
De Savornin Lohmanlaan 28,Vlijmen,"585.000,00 €",406 m²
Molenstraat 29,Zwammerdam,"550.000,00 €",215 m²
Irenestraat 27,Haps,"364.000,00 €",411 m²
Rechtestraat 63,De Rijp,"795.000,00 €",165 m²
Groenhoevelaan 35,Oegstgeest,"498.000,00 €",118 m²
De Kooikampen 9,Nieuwkuijk,"525.000,00 €",243 m²
Schouw 7,Blaricum,"915.000,00 €",513 m²
Smedenstraat 254,Deventer,"895.000,00 €",237 m²
Cluysenaerstraat 27,Landgraaf,"284.000,00 €",241 m²
Bokhovense Maasdijk 12,Den Bosch,"1.850.000,00 €",8.020 m²
Vrijdom 12,Enkhuizen,"450.000,00 €",144 m²
Tubantiasingel 25,Enschede,"275.000,00 €",184 m²
Nieuwe Mollenhutseweg 119,Nijmegen,"589.000,00 €",234 m²
Windmolen 12,Tholen,"650.000,00 €",598 m²
Watertuin 262,Barneveld,"487.500,00 €",224 m²
Mezenhof 11,Middelburg,"545.000,00 €",309 m²
Noord Zuidweg 1,Boven-Leeuwen,"600.000,00 €",1.010 m²
Plein-Zuid 7,Aalten,"575.000,00 €",1.054 m²
C. Fabritiuspark 18,Heerhugowaard,"995.000,00 €",715 m²
Grote Bredeplaats 11,Harlingen,"595.000,00 €",158 m²
Vincent van Goghweg 6,Zaandam,"470.000,00 €",139 m²
Blauwe Hoefsweg 10,Klundert,"525.000,00 €",282 m²
Eibergsestraat 60,Haaksbergen,"498.500,00 €",534 m²
Koeveringsedijk 19,Sint-Oedenrode,"1.450.000,00 €",10.075 m²
Ds. Posthumus Meijjesweg 5,Hoogland,"1.350.000,00 €",1.205 m²
Kruislandsedijk 28,Steenbergen (NB),"985.000,00 €",5.170 m²
Hoogenboomstraat 21,Lemelerveld,"579.000,00 €",812 m²
Kaarder 97,Hoorn (NH),"315.000,00 €",121 m²
Haverland 8 a,Dalfsen,"650.000,00 €",355 m²
Arnhemse Bovenweg 15 A,Zeist,"619.000,00 €",425 m²
Betuwe Singel 4,Lienden,"399.000,00 €",209 m²
Westerweg 170,Alkmaar,"800.000,00 €",475 m²
Wijkhovepad 14,Putten,"550.000,00 €",223 m²
Jufferenstraat 10,Elburg,"575.000,00 €",120 m²
Kloosteresweg 30,Albergen,"889.000,00 €",3.501 m²
Rengelinkstraat 53,Almelo,"299.000,00 €",283 m²
Martinusweg 13,Twello,"895.000,00 €",1.249 m²
Staverdenseweg 83,Elspeet,"569.000,00 €",475 m²
Berkenlaan 1,Epe,"1.450.000,00 €",39.270 m²
Traandijk 45,Klarenbeek (Gem. Apeldoorn),"875.000,00 €",8.000 m²
Uiterweg 42,Aalsmeer,"1.250.000,00 €",625 m²
Erosiekreek 5,Spijkenisse,"300.000,00 €",143 m²
Karstraat 8,Huissen,"725.000,00 €",641 m²
Warmoltsstrjitte 72,Harkema,"375.000,00 €",475 m²
Leemslagenweg 39,Almelo,"499.000,00 €",550 m²
Paardenstraat 28,Hilvarenbeek,"825.000,00 €",471 m²
Berggrind 8,Rheden,"575.000,00 €",253 m²
Molenpad 3,Escharen,"445.000,00 €",710 m²
Prinsenstraat 29,Vlissingen,"349.000,00 €",61 m²
Burgemeester Heeremanstraat 5,Neede,"255.000,00 €",211 m²
Vincent van Goghlaan 39,Oosterhout (NB),"650.000,00 €",913 m²
van der Maelstedeweg 22,Hulst,"308.000,00 €",198 m²
Rijksstraatweg 311,Leersum,"400.000,00 €",185 m²
Voorstraat 68,Franeker,"475.000,00 €",224 m²
Norbertijnerstraat 51,Elshout,"325.000,00 €",177 m²
Sportlaan 44,Ede,"625.000,00 €",655 m²
Fiskwei 8,Holwerd,"239.000,00 €",628 m²
Handelstraat 9,Huissen,"785.000,00 €",1.050 m²
Langeraarseweg 177,Ter Aar,"950.000,00 €",298 m²
Oberon 1,Den Bosch,"650.000,00 €",160 m²
Robert Stolzstraat 216,Hengelo (OV),"349.000,00 €",243 m²
Herenlaan 27,Helmond,"475.000,00 €",115 m²
Dr. Willem Vosstraat 26,Poortugaal,"385.000,00 €",241 m²
Waddenring 10,Barendrecht,"1.295.000,00 €",484 m²
Azaleastraat 24,Terneuzen,"439.500,00 €",201 m²
Elias Beeckmanstraat 28,Wezep,"575.000,00 €",266 m²
Legmeerdijk 40,Amstelveen,"849.000,00 €",166 m²
Neel Doffstraat 20,Buggenum,"398.000,00 €",385 m²
De Noord 33,Ilpendam,"675.000,00 €",152 m²
Paulus de boskabouterhof 25,Almere,"450.000,00 €",245 m²
Noorderweg 59,Huizen,"399.000,00 €",140 m²
Smidstraat 64,Cuijk,"400.000,00 €",360 m²
Jannevroukamp 19,Harderwijk,"975.000,00 €",467 m²
Kouwenoordweg 22,Amsterdam,"600.000,00 €",125 m²
Bautersemstraat 42,Den Haag,"875.000,00 €",147 m²
Duyst van Voorhoutweg 27,Renswoude,"450.000,00 €",228 m²
Kometenlaan 44,Bilthoven,"450.000,00 €",152 m²
Dokter Mees ten Oeverlaan 14,Wilnis,"1.214.000,00 €",890 m²
Burgemeester Mr. H.J. Engelkens-laan 36,Winschoten,"235.000,00 €",523 m²
Oldenzaalsestraat 760,Enschede,"850.000,00 €",2.033 m²
Douwemastrjitte 88,Jirnsum,"239.500,00 €",255 m²
Steenbakkersstraat 36,Krimpen aan den IJssel,"325.000,00 €",227 m²
Badhuisweg 1 R,Cadzand,"1.095.000,00 €",989 m²
Beekstraat 31 29,Epe,"895.000,00 €",610 m²
Patrijsstraat 1,Groet,"519.000,00 €",340 m²
Dommelrodelaan 63,Sint-Oedenrode,"430.000,00 €",212 m²
Vosseleane 11,Woudsend,"385.000,00 €",370 m²
van Ewijcksvaart 18,Anna Paulowna,"375.000,00 €",410 m²
Lijnbaanstraat 11,Wageningen,"445.000,00 €",136 m²
Arnhemseweg 511,Beekbergen,"700.000,00 €",1.054 m²
Louise de Colignylaan 22,Eerbeek,"975.000,00 €",2.285 m²
Henri Jonaslaan 18,Herkenbosch,"625.000,00 €",2.230 m²
Singelstraat 51,Middelburg,"499.000,00 €",111 m²
Buorren 46,Bitgum,"215.000,00 €",320 m²
Rijksstraatweg 96,Hurdegaryp,"289.000,00 €",943 m²
Kwekerijstraat 7,Breda,"450.000,00 €",282 m²
De Eg 17,Groesbeek,"635.000,00 €",497 m²
Visserweert 29,Roosteren,"366.000,00 €",525 m²