Address,City,Lot size (m2)
Bovenweg 223,Sint Pancras,251 m²
Julianastraat 19,Waddinxveen,181 m²
Kuipersgilde 3,Houten,198 m²
De Kamp 1 A,Pannerden,231 m²
Wildrijklaan 8,Sassenheim,423 m²
Tol 4,Oudewater,127 m²
Furkabaan 698,Utrecht,170 m²
Abeelstraat 71,Dordrecht,413 m²
Overegge 8,Zuidveen,235 m²
Gaasterland 59,Amstelveen,137 m²
Oostopgaande 53,Nieuwlande,5.440 m²
Ghijseland 198,Rhoon,290 m²
Diedenweg 10 A,Ede,281 m²
Klaverbeemd 4,Terheijden,219 m²
Burgemeester Schoutenstraat 13,Schaijk,371 m²
Bouwhuisweg 10,Nieuwleusen,2.510 m²
Kerkstraat 20,Linden,560 m²
Kanariehof 25,Ermelo,191 m²
Vlasven 33,Veghel,82 m²
Mozartdreef 24,Veenendaal,280 m²
Waardenborchstraat 28,Holten,333 m²
Schrijvershoeve 22,Helmond,140 m²
Vinkenbaan 5,Gilze,134 m²
Sierra Nevada 70,Assendelft,130 m²
Culenhof 48,Nuenen,135 m²
Gentiaanstraat 84,Apeldoorn,153 m²
Bovenste Boord 17,Linne,1.146 m²
Tilburgweg 45,Arnhem,153 m²
St Gertrudislaan 11,Eindhoven,238 m²
Meerstraat 35,Hillegom,109 m²
Onyx 7,'s-Gravenzande,143 m²
Barend Kuisstraat 42,Nijkerk,158 m²
Aart van der Leeuwstraat 8,Gorinchem,240 m²
Indusstraat 38,Spijkenisse,192 m²
Baardmosstraat 3,Purmerend,126 m²
Lankforst 4205,Nijmegen,165 m²
Jadeplantsoen 17,Almere,144 m²
Lindestraat 10,St. Willebrord,1.427 m²
Prinsenstraat 7,Rijssen,283 m²
Hoenderhof 4,Delfzijl,153 m²
De Nachtegaal 22 G,Surhuisterveen,6.167 m²
Eline Verelaan 17,Oosterhout (NB),236 m²
Watermunt 86,Tegelen,178 m²
Napoleonshoed 41,Oosterhout (NB),134 m²
Bovendonksestraat 47,Hoeven,305 m²
Kleine Hassel 6,Lage Mierde,129 m²
Rosmolen 100,Alphen aan den Rijn,233 m²
Eisenhowerstraat 1,Oss,226 m²
C.M. van Reesstraat 8,Sliedrecht,119 m²
Rietmeent 75,Almere,127 m²
't Muurke 2,Wanroij,1.860 m²
Osingastate 15,Leeuwarden,140 m²
Kamp 13 33,Lelystad,200 m²
Meester A Datemalaan 8,Kesteren,258 m²
Prins Mauritslaan 156 E,Den Haag,228 m²
Bromhaar 11,Nieuw Heeten,268 m²
Waterhoefweg 13,Oisterwijk,414 m²
Prinsenlaan 32,Emmen,1.037 m²
Heerstraat 32,Maasbommel,1.275 m²
Bolderik 21,Venray,178 m²
Saltholm 6,Zaandam,234 m²
Hanendorperweg 25,Emst,597 m²
Dr. Ramaerlaan 26,Castricum,219 m²
Middenweg 71 C,Middenbeemster,1.754 m²
Zandhovenstraat 4,Breda,179 m²
Rivierdijk 655,Sliedrecht,830 m²
Weerdingerweg 27,Valthe,3.845 m²
Wilhelminastraat 15,Meteren,171 m²
Strammerboogh 19,Akersloot,152 m²
Zwarteweg 15,Leusden,570 m²
Roer 9,Deurne,139 m²
Frans Halslaan 13,Akersloot,145 m²
Hondstong 8,Heemskerk,364 m²
Rijksweg 31,Nuland,1.127 m²
Drieseweg 6,Putten,345 m²
Dorpsstraat 16 a,Zieuwent,365 m²
Richtershof 35,Kapel Avezaath (Gem. Tiel),128 m²
Groningerstraat 157,Assen,335 m²
Noordlandseweg 77 C,'s-Gravenzande,1.450 m²
Dennekruid 210,Rotterdam,156 m²
Singel 250,Vlissingen,173 m²
Waalsteenhof 15,Hillegom,211 m²
De Gijster 72,Made,527 m²
Noordstraat 5,Poortvliet,792 m²
Muidenstraat 23,Emmeloord,164 m²
Buitenerf 132,Breda,270 m²
Fluitenkruid 4,Gorinchem,287 m²
Heukelom 7,Afferden (LI),1.793 m²
Maanglans 28,Amersfoort,101 m²
Emmapark 3,Wageningen,129 m²
Dwarsweg 4,Elp,915 m²
Van Lingelaan 81,Maarssen,288 m²
Lebuinusstraat 19,Doetinchem,511 m²
Straat van Dover 88,Amersfoort,133 m²
Trix Terwindtstraat 17,Spijkenisse,165 m²
Brouwhuis 49,Blokker,140 m²
Liefkenshoek 26,Riel,530 m²
Mariënstein 84,Heiloo,187 m²
Cornelis Troostlaan 3,Heeze,1.233 m²
Boterbloem 17,Zeeland,288 m²
Madernolaan 11,Eindhoven,205 m²
Laakboulevard 162,Amersfoort,181 m²
Mantingerzand 71,Ede,145 m²
Cor van Osnabruggelaan 98,Voorschoten,497 m²
Stoelenmatter 20,Best,154 m²
de Weide 8,Lopik,148 m²
Jhr. Ruys de Beerenbroeckstraat 3,Veghel,357 m²
Meester Haddersstraat 12,Wijster,1.674 m²
Aalsburg 1420,Wijchen,133 m²
Eibert den Herderstraat 18,Harderwijk,220 m²
Van Ekelenburgstraat 36,Nieuw-Amsterdam,295 m²
Woude 36 D,de Woude,990 m²
Amaliastein 82,Vianen (UT),738 m²
Halve Maanstraat 12,Oostkapelle,577 m²
Vliegent Hert 86,Lelystad,167 m²
Populier 62,Best,147 m²
Julianastraat 55,Groot-Ammers,390 m²
Kennemerlaan 111,IJmuiden,119 m²
Watermuntlaan 1,Oosthuizen,295 m²
Smederij 148,Dronten,325 m²
Hoofdvaart 175,Dedemsvaart,1.370 m²
Ridderspoor 18,Krimpen aan den IJssel,154 m²
Merelstraat 11,Neede,238 m²
Hollmanstraat 16,Sittard,300 m²
Kerkweg 49,Malden,262 m²
Carolusgulden 3,Dronten,231 m²
Margrietstraat 2,Aalsmeer,150 m²
Pelsakker 54,Breda,180 m²
Rembrandtstraat 78,Nijmegen,143 m²
Watervogel 63,Lathum,430 m²
Bovenstreek 14,Groningen,1.176 m²
Kerkdijk 25,Achterveld (UT),135 m²
Staatssecretarislaan 144,Zwolle,229 m²
Kastanjelaan 7,Lexmond,175 m²
Jolwerf 22,Gouda,176 m²
Arnhemseweg 218 2,Apeldoorn,187 m²
Wortelstraat 13,Harlingen,103 m²
Berkenpark 8,Beuningen (GE),146 m²
St. Antoniuslaan 22,Sassenheim,70 m²
Diepvoorde 3015,Wijchen,129 m²
Breeuwer 113,Hoorn (NH),130 m²
Petrus Dorrstraat 12,Kerkrade,512 m²
Horusstraat 4,Almere,69 m²
Meester Sprenkelsstraat 2,Sint Anthonis,904 m²
Van Boetzelaerlaan 207,Den Haag,160 m²
Essenrode 12,Voorhout,171 m²
Adriaan van Ostadestraat 50,Almere,130 m²
Koningsspil 13,Wieringerwaard,281 m²
Chopinstraat 2,Castricum,305 m²
Zwaluwweg 67,Enkhuizen,139 m²
Zwanenveld 3115,Nijmegen,226 m²
Breedweerlaan 123,Heemskerk,170 m²
Koriander 2,Gendringen,295 m²
Savanne 103,Capelle aan den IJssel,126 m²
Begoniastraat 41,Nieuw-Buinen,764 m²
Angeler 17,Nijkerk,208 m²
Tongerseweg 91,Maastricht,263 m²
Christinastraat 20,Kats,329 m²
Weidmanstraat 16,Maastricht,156 m²
Westerwolde 10,Lelystad,181 m²
Speelkamp 59,Leusden,146 m²
Havenkade 2,'s Gravenmoer,290 m²
Zuiderdiep 203,Valthermond,6.373 m²
P. Ketelaarstraat 8,Raamsdonksveer,132 m²
Standerdlaan 10,Heiloo,234 m²
Mercurion 6,Zevenaar,7.208 m²
Paulus Potterstraat 51,Zutphen,125 m²
Binnenpad 143,Giethoorn,7.852 m²
Singel 123,Odijk,265 m²
Orionstraat 22,Eindhoven,615 m²
Laan van Kanaän 3,Beverwijk,100 m²
Henriette Roland-Holststraat 8,Gorinchem,156 m²
Johannaweg 20,Oosterbeek,193 m²
Eikenstraat 41,Dongen,161 m²
Plataanstraat 52,Made,271 m²
Minderbroederstraat 8,Zierikzee,99 m²
Van Boshuizenstraat 551,Amsterdam,109 m²
Ambon 5,Barneveld,157 m²
Hollandseweg 125,Wageningen,1.156 m²
Hazeleger 2,Hoevelaken,160 m²
Granietstraat 57,Oss,169 m²
Oldenkottebrink 11,Enschede,270 m²
Witkopeend 5,Uithoorn,174 m²
Stationsweg 26 D,Oosterbeek,1.115 m²
Smaragd 6,Mijdrecht,649 m²
Driek van Erpstraat 21,Oss,312 m²
Arkelse Onderweg 76,Gorinchem,662 m²
Scholeksterweide 22,Renswoude,91 m²
Pending 7,Hoogvliet Rotterdam,116 m²
Heeskesacker 1150,Nijmegen,173 m²
Rembrandtkade 16,Wormerveer,122 m²
Kikkerveen 308,Spijkenisse,156 m²
Schuitenberg 25,Roermond,125 m²
Kilianusstraat 5,Stein,255 m²
Irenelaan 24,Vught,204 m²
Ebro 38,Doetinchem,209 m²
Koningsweg 3,Nijverdal,5.855 m²
Staartmolen 19,Vianen (UT),257 m²
Hyacintenlaan 67,Hilversum,273 m²
Braamstraat 33,Monster,87 m²
Melis Stokelaan 50,Beverwijk,137 m²
Telefoonstraat 5 B en C,Tilburg,147 m²
De Voorreep 63,Erica,345 m²
Julianastraat 37 D,Hooge Zwaluwe,201 m²
Jan Hendrik op den Veldestraat 12,Zaandam,254 m²
Goeman Borgesiusstraat 2,Nijmegen,128 m²
Laan van Osnabrück 5,Haarlem,164 m²
Traverse 6,Hellevoetsluis,826 m²
Zijlvest 51,Haarlem,95 m²
Vogelenzang 13,Sliedrecht,570 m²
Tarwedreef 76,Doetinchem,227 m²
Don Rualaan 81,'s-Heerenberg,152 m²
Van der Valk Boumanweg 228,Leiderdorp,584 m²
Ericasestraat 25,Erica,1.710 m²
W. de Vries Robbéweg 46,Gorinchem,195 m²
Stationsstraat 35,Roosendaal,250 m²
Albertina van Nassaustraat 30,Eindhoven,133 m²
Torenstraat 17,Nijkerk,190 m²
Hofmeesterij 58,Huissen,337 m²
Padakker 63,Breda,264 m²
Egelzoom 8,Pijnacker,105 m²
Weteringkade 34,Noordwijk (ZH),90 m²
Potgieterstraat 71,Nijverdal,157 m²
Poelakkerweg 11,Lunteren,370 m²
Willibrordusstraat 1,'s-Heerenhoek,422 m²
Akkersvoorde 22,Spijkenisse,145 m²
Dentgenbachweg 11,Kerkrade,185 m²
Schubertstraat 20,Amsterdam,147 m²
Minahassastraat 63,Haarlem,96 m²
Jacob van Ruysdaelstraat 20,Hoogezand,154 m²
Loodglans 8,Heerhugowaard,158 m²
Mgr. Nolensstraat 40,Panningen,250 m²
Zutphenseweg 111,Lochem,23.050 m²
Zandgolf 34,Eindhoven,412 m²
Sandenburglaan 2,Helmond,605 m²
Lunterenstraat 53,Tilburg,344 m²
Dorpsstraat 14,Ellemeet,291 m²
Dorpsstraat 21,Zwartewaal,210 m²
Sterappel 26,Tiel,238 m²
Pijperhof 7,Raamsdonksveer,1.187 m²
Klapwijkseweg 51,Pijnacker,342 m²
Herfst 73,Dronten,547 m²
Mina Krusemanpark 130,Heemskerk,132 m²
Berliozstraat 3,Alkmaar,152 m²
Valeriaandonk 1,Spijkenisse,130 m²
Crocussenstraat 13,Lisse,148 m²
Haverkampsweg 7,Epe,1.020 m²
Korfstraat 5,Kudelstaart,138 m²
Halsterveld 1,Houten,184 m²
't Slotje 24,Beek en Donk,827 m²
Greppelland 8,Nijkerk,385 m²
De Bargies 65,Emmen,696 m²
Beekseweg 8,Wehl,296 m²
Heilige Stoel 5534,Wijchen,188 m²
Koningsspil 7,Sint Pancras,383 m²
Dongedal 31,Capelle aan den IJssel,152 m²
Diepenbeekstraat 57,Breda,162 m²
Hoefslagstraat 1,Ootmarsum,503 m²
Vossenlaan 1,Bergen (LI),205 m²
Krompbunderstraat 6,Stein,353 m²
Hoveniersberg 14,Roosendaal,167 m²
Vogelakker 24,Almere,923 m²
Deldensestraat 35,Borne,264 m²
Jonathan 31,Hardinxveld-Giessendam,122 m²
van Rechterenlaan 22,Grave,306 m²
Vincent van Goghstraat 4,Lisse,220 m²
Duin en Beeklaan 14,Bloemendaal,1.419 m²
Porta Toga 10,Houten,96 m²
van Aerschotstraat 13,Zevenbergen,207 m²
Erasmussingel 50,Arnhem,171 m²
Maalsteen 20,Borger,369 m²
Perzikkruid 38,Zevenbergen,143 m²
Douzastraat 8,Noordwijk (ZH),137 m²
Drechterland 15,Purmerend,257 m²
Barneveldseweg 16,Otterlo,7.796 m²
Oudewal 20,Warmenhuizen,490 m²
Veldbloemenweg 143,Zaandam,164 m²
Broenskuil 7,Herten,501 m²
Balsemkruid 35,Rotterdam,142 m²
Prof. Oudemansstraat 75,Delft,141 m²
Johan Abersonstraat 48,Purmerend,184 m²
Nieuwstad 64,Burgum,970 m²
Wilsonstraat 40,Goes,127 m²
Graaf Janstraat 2,Zuid-Beijerland,234 m²
Humperdinckstraat 59,Tilburg,95 m²
Ambachtstraat 29,Wageningen,120 m²
Witte Ring 65,Assendelft,146 m²
De Weem 2,Westervoort,479 m²
Zwarte Ring 83,Assendelft,116 m²
Selzerbeek 15,Zaandam,122 m²
Argostraat 22,Eindhoven,157 m²
Rijksstraatweg 109,Heemskerk,583 m²
Tak van Poortvlietstraat 2 a,Zutphen,119 m²
Hillegommerdijk 355 a,Beinsdorp,290 m²
Glazenmaker 8,Oost West en Middelbeers,310 m²
Mars 5,Schijndel,284 m²
Bergmolen 47,Alphen aan den Rijn,140 m²
Ridderhoflaan 91,Koudekerk aan den Rijn,134 m²
Johannes Husslaan 11,Amstelveen,144 m²
Straatweide 2,Prinsenbeek,608 m²
Kooikersdreef 705,Apeldoorn,175 m²
Janneke van der Plaatstraat 9,Zutphen,173 m²
Landmetersveld 803,Apeldoorn,212 m²
Moggendries 30,Eindhoven,184 m²
Zeeweg 202,IJmuiden,139 m²
Eikelaar 4,Geldrop,185 m²
Boomstede 33,Maarssen,147 m²
De Wildert 18,Berkel en Rodenrijs,157 m²
Otellostraat 6,Spijkenisse,106 m²
Ambrosiushof 47,Haarsteeg,210 m²
Runde 40,Assen,165 m²
Paukeslag 142,Etten-Leur,166 m²
Herfststraat 3,Amsterdam,144 m²
Sweelinckstraat 53,Numansdorp,156 m²
Asserpark 4,Wageningen,142 m²
Bouvigne 15,Den Bosch,141 m²
Loenerveld 62,Nieuw-Vennep,304 m²
Meers 5,Geldrop,287 m²
Overslaggronden 15,Kampen,284 m²
Bakemastraat 7,Amersfoort,133 m²
Van Oldenbarneveltstraat 46,Nijkerk,171 m²
Lookhof 1,Angeren,280 m²
Het Kasteel 216,Apeldoorn,196 m²
Het Rinket 6,Meerstad,368 m²
Spoorstraat 126,Leeuwarden,139 m²
Uiterdijkenweg 47 A,Marknesse,2.370 m²
Rijnsburgerweg 94,Leiden,278 m²
Sportlaan 31,Werkendam,929 m²
Hertenkamp 21,Tholen,572 m²
Havikhorst 87,Roermond,710 m²
Schuurmanslaantje 6,Nieuwleusen,789 m²
Boerenhoek 87,Hoogvliet Rotterdam,144 m²
Veldkampje 1,Dalfsen,715 m²
Leeuwerik 7,Bergambacht,116 m²
Boomgaard 9,Schoonhoven,128 m²
Bogerdweg 24,Dreischor,680 m²
Rochtstraat 6,Sleen,490 m²
Haarskamp 69,Ruurlo,3.910 m²
Kastanjelaan 27,Lochem,386 m²
Bladgroen 34,Zoetermeer,124 m²
Willem-Alexanderstraat 24,Duiven,375 m²
Bosstraat 3,Swalmen,310 m²
Hoofdstraat 25,Sint Jansteen,379 m²
Olieslagweg 96,Enschede,209 m²
Douwelaan 2 C,Oentsjerk,297 m²
Karrevracht 6,Uden,311 m²
Valeriusstraat 50,Almelo,152 m²
Rederijkershoeve 115,Apeldoorn,248 m²
Parkwijklaan 205,Almere,154 m²
Weegbree 27,Gendringen,200 m²
Max Havelaarburg 19,Capelle aan den IJssel,142 m²
Ridder van Asenrodeweg 53,Roermond,230 m²
De Nieuwesluis 15 b,Zwartsluis,142 m²
Doornseweg 18,Langbroek,195 m²
Schans 4,Oost-Souburg,523 m²
Elzenlaan 4,Dordrecht,155 m²
Willem de Zwijgerstraat 6,Nijverdal,203 m²
Pimpernelstraat 13,Utrecht,115 m²
Margrietstraat 13,Wijchen,212 m²
Alexandriet 4,Mijdrecht,115 m²
Einsteinlaan 7,Pijnacker,201 m²
Kerkstraat 25,Berghem,190 m²
Anna Johanna van Nassaustraat 7,Vianen (UT),225 m²
IJsselkade 24,IJsselstein,103 m²
Wethouder Steinmetzstraat 37,Amsterdam,132 m²
Brouwersdam 21,Hoofddorp,740 m²
Voorstraat 6,Blije,178 m²
Auroralaan 50,Apeldoorn,445 m²
Izak Osstraat 27,Zwolle,324 m²
Landpaal 3,Huissen,141 m²
Voirt 74,Nuenen,431 m²
Willem Berkhemerstraat 1,Wageningen,160 m²
Markstraat 7,Dordrecht,127 m²
Broekweg 17,Horst,498 m²
Sternweg 2,Groet,271 m²
Willem Claijstraat 15,Berkhout,219 m²
Minoes erf 79,Capelle aan den IJssel,159 m²
Herenstraat 69,Slagharen,1.313 m²
Brasemlaan 4,Helmond,144 m²
Vogelbos 33,Prinsenbeek,368 m²
Hoofdspoor 6,Assendelft,94 m²
Zwolseweg 69,Balkbrug,404 m²
Jachtlaan 320 A,Apeldoorn,290 m²
Sluislaan 31,Moordrecht,168 m²
Violierstraat 35,Eindhoven,152 m²
Het Aangelag 10,Bladel,552 m²
St.-Elisabethstraat 80,Vught,172 m²
Koningin Beatrixlaan 1,Leusden,250 m²
Bosjeslaan 20,Vlissingen,212 m²
Bierbrouwershorst 302,Apeldoorn,243 m²
Eem 13,Nieuwerkerk aan den IJssel,132 m²
Poststraat 20 D,Stadskanaal,577 m²
Willem de Zwijgerlaan 177,Woudenberg,153 m²
Reimersbeek 21,Amsterdam,162 m²
Holleweg 161,Heiloo,530 m²
Hertogstraat 45,Brunssum,129 m²
Victor Slingelandstraat 13,Oosterhout (NB),185 m²
Corlaerstraat 20,Nijkerk,147 m²
Boterbloemlaan 25,Vlissingen,118 m²
Hogeweg 38 a,Oldelamer,1.773 m²
Baflostraat 12,Arnhem,179 m²
Lijnbaanstraat 24,Middelharnis,201 m²
Leurinkstraat 18,Hengelo (OV),185 m²
Sillebeekstraat 20,Valkenburg (LI),387 m²
Minister Treubstraat 12,Enschede,342 m²
Akkerstraat 6,Gilze,270 m²
Sint Antoniushof 126,Oosterhout (NB),140 m²
Apollostraat 46,Spijkenisse,182 m²
Hunzedal 33,Borger,760 m²
Beumeesweg 32 a,Alteveer (GR),1.674 m²
Verremeer 93,Rijsenhout,312 m²
Voorzorgstraat 8,Haarlem,113 m²
Oranjelaan Oostzijde 31,Puttershoek,295 m²
Aleidisstraat 9,Sprundel,540 m²
Anjerstraat 33,Ridderkerk,219 m²
Dorpsstraat 17,Wijngaarden,320 m²
Schalk Burgerstraat 11,Leeuwarden,107 m²
Noordhoek Hegtstraat 81,Enschede,178 m²
Kollermolen 35,Gennep,510 m²
Rigoletto 21,Eindhoven,147 m²
Zuideinde 86,Volendam,50 m²
Veldkampsweg 36,Nijverdal,243 m²
Lombokstraat 17,Dordrecht,83 m²
De Fruittuinen 3,Hoofddorp,160 m²
Junolaan 4 b,Waddinxveen,106 m²
Florastraat 59,Wormer,209 m²
Beatrixstraat 20,Oeffelt,170 m²
Achtererf 73,Tholen,113 m²
't Laar 2,Amersfoort,207 m²
Havensingel 47,Eindhoven,117 m²
Bosmuizenlaar 32,Bavel (Gem. Breda),171 m²
Noordenveld 33,Assen,134 m²
Kievitstraat 69,Neede,345 m²
Piccolo 67,Rotterdam,151 m²
Machteld Sandelijnslaan 36,Hendrik-Ido-Ambacht,215 m²
Dorpsstraat 58,Halle,197 m²
Frieseweg 55,Alkmaar,134 m²
De Bleijdestraat 26,Rijssen,125 m²
Hoogaars 12,Schiedam,68 m²
Roelantstraat 25,Alkmaar,147 m²
Iepenlaan 62,Duiven,158 m²
Molendijk 4,Stad aan 't Haringvliet,2.430 m²
Chrysantstraat 22,Utrecht,64 m²
Marga Klompélaan 99,Rijen,231 m²
Fluitersweg 40,Wenum Wiesel,8.760 m²
Bodenheimstraat 5,Ede,305 m²
Ruth Firststraat 40,Purmerend,145 m²
Het Boschloo 13,Warnsveld,248 m²
Torenstraat 75,Castricum,310 m²
Bûterblom-strjitte 28,Kootstertille,273 m²
Pastoor van Winkelstraat 23,Schaijk,383 m²
Mastgatstraat 16,Middelburg,180 m²
Meerboomweg 10,Hollandscheveld,52.314 m²
Bloemstraat 84,IJmuiden,653 m²
Magelerweg 44,Den Ham (OV),473 m²
Engelbeemd 3,Herpen,190 m²
Schubertstraat 24,Numansdorp,163 m²
Bosserdijk 12,Hoogland,166 m²
Erf 23,Gemert,240 m²
Koningshof 2,Rijpwetering,95 m²
Bareveld 5,Marum,13.610 m²
Willem Weysingel 38,Pernis Rotterdam,246 m²
Heivlinderlaan 14,Culemborg,143 m²
Sternstraat 24,Purmerend,127 m²
Voorstraat 124,Noordwijk (ZH),309 m²
Dorpsstraat 5,Ees,13.150 m²
Lange acker 74,Heemskerk,465 m²
Tolsestraat 1,Opheusden,535 m²
Boomstraat 61,Gemonde,326 m²
Pastoor van der Meijdenstraat 21,Rosmalen,294 m²
Jasykoffstraat 24,Zaandam,155 m²
De Lits 14,Leeuwarden,770 m²
Rupelstraat 41,Helmond,272 m²
Merellaan 168,Capelle aan den IJssel,152 m²
Herman Gorterstraat 26,Haarlem,132 m²
Kruidendreef 74,Dronten,547 m²
Zwarteweg 17,Aerdenhout,3.085 m²
Korte Water 143,Amsterdam,114 m²
Rijksstraatweg 28,Buurmalsen (Gem. West Betuwe),559 m²
Ekster 2,Hoogvliet Rotterdam,210 m²
Salamanderveen 315,Spijkenisse,169 m²
Van der Waalsstraat 4,Geleen,781 m²
Mahatma Ghandhihof 14,Zaandam,120 m²
Seringenstraat 4,Eerbeek,558 m²
Tartinistraat 18,Eindhoven,157 m²
Havercamplaan 9,Heiloo,340 m²
Abersland 2713,Wijchen,220 m²
Nijendal 1,Driebergen-Rijsenburg,1.798 m²
Haaldersbroekerdwarsstraat 9,Zaandam,477 m²
Sint Radboudstraat 22,Amersfoort,385 m²
Poolster 9,Klazienaveen,307 m²
Lingestraat 29,Assen,252 m²
Aalsburg 1424,Wijchen,241 m²
Oostblok 41,Wateringen,144 m²
Rivierdijk 327,Sliedrecht,111 m²
Marokkostraat 167,Alphen aan den Rijn,127 m²
Noorderstraat 20,Winschoten,206 m²
Elandhof 79,Winschoten,833 m²
Spinbolmolen 34,Papendrecht,187 m²
Manegelaan 13,Hoofddorp,156 m²
Kerklaan 2,Vlissingen,588 m²
Scheijbeecklaan 22,Beverwijk,202 m²
Hof van Rome 87,Doetinchem,196 m²
Leisteen 28,Houten,132 m²
Annie M.G. Schmidtlaan 22,Gorinchem,211 m²
Ottersumseweg 24,Gennep,1.190 m²
Venussingel 39,Heerhugowaard,211 m²
Westerdiep 20,Dordrecht,123 m²
Valeriuslaan 10,Doorwerth,182 m²
Beukestraat 3,Krommenie,119 m²
Hoge Dijkje 12,Nijverdal,350 m²
Keizer 7,Wijk bij Duurstede,147 m²
Kennemerland 73,Assen,169 m²
Boompjesweg 4,Landhorst,1.038 m²
Ruinerbrink 178,Emmen,131 m²
De Buorren 29,Lippenhuizen,2.104 m²
Vriezenveenseweg 145,Almelo,261 m²
Vloed 18,Breda,118 m²
Valeriaanweg 121,Utrecht,102 m²
Vincent van Goghlaan 25,Vleuten,132 m²
Pastoriedijk 120,Pernis Rotterdam,141 m²
Herderstraat 15,Zaandam,126 m²
Rubenslaan 161,Bergschenhoek,430 m²
Dorsvlegelweide 27,Nieuwegein,485 m²
De Kist 24,Elst (GE),239 m²
Kapellestraat 2,Oudewater,73 m²
Hogekamp 9,Oldebroek,118 m²
Chamonixlaan 11,Eindhoven,198 m²
Kerkstraat 3,Nieuwkuijk,498 m²
Brigantijn 9,Woerden,137 m²
Dorpsstraat 998,Assendelft,92 m²
Boternesserstraat 26 C,Weesp,185 m²
Langemoor 4,Nieuw-Vennep,198 m²
Houtrakgracht 181,Utrecht,218 m²
Rijssensestraat 122,Nijverdal,246 m²
Dorpsstraat 130,Wormer,275 m²
Muiderslot 39,Amersfoort,123 m²
Appelaarsedijk 18,Fijnaart,877 m²
Narcisstraat 16,Swifterbant,192 m²
Bremstraat 51,Arnhem,233 m²
Luilaantje 39,Egmond-Binnen,560 m²
Schansweg 23,Geertruidenberg,142 m²
Franseweg 66 a,Elst (UT),230 m²
Reinettehof 7,Maurik,264 m²
Zuidende 63,Helmond,152 m²
Hoge Hofstraat 4,Dodewaard,456 m²
Wolvespoor 11,Etten-Leur,166 m²
Dullemansstukken 21,Eelde,223 m²
Constantijnstraat 35,Vroomshoop,172 m²
Cuyleborg 222,Maastricht,136 m²
Punter 45 10,Lelystad,162 m²
Kersentuin 19,Heerjansdam,110 m²
Rabouw 32,Helden,147 m²
Lange Weide 126,Breda,153 m²
Rosanderwaard 47,Capelle aan den IJssel,141 m²
Witbol 22,Kampen,134 m²
Donkereweg 3,Heerhugowaard,500 m²
Braamkamp 183,Zutphen,341 m²
Hessenweg 32,Ede,2.030 m²
Leeuweriklaan 20,Hoogeveen,199 m²
Julianastraat 7,Den Bommel,61 m²
Bellatrixstraat 30,IJmuiden,167 m²
Prins Bernhardstraat 56,Leeuwarden,339 m²
Kampakkers 30,Borger,148 m²
Büllerlaan 121,Beverwijk,178 m²
Blauwkapel 76,Gorinchem,147 m²
De Dieze 51 A,Goirle,326 m²
J.W. Schuurmanstraat 49,Domburg,177 m²
van Goyenstraat 5,Heemskerk,124 m²
Bakhuizen van den Brinkhof 19,Amsterdam,234 m²
Pieter acker 12,Heemskerk,588 m²
Klifrakplantsoen 180,Utrecht,86 m²
Molenplaatsweg 5,Borger,620 m²
Prins Clausstraat 92,Hoensbroek,513 m²
Krelis Annesstraat 40,Oudebildtzijl,305 m²
Zellersacker 2101,Nijmegen,239 m²
Molenstraat 104,Apeldoorn,239 m²
Morgenster 15,Elst (GE),244 m²
Berkenhof 10,Sliedrecht,529 m²
Sint Janstraat 106,Sprundel,6.193 m²
Pallasstraat 176,Emmeloord,185 m²
Kleine Molenstraat 29,Elst (GE),202 m²
Gaandeweg 28,Amsterdam,144 m²
Waverbancken 63,Vinkeveen,135 m²
3e Kekerstraat 59,Amsterdam,118 m²
Walingsdijk 27,Ursem (Gem. Koggenland),610 m²
Usselerveenweg 303,Enschede,3.330 m²
Vesting 23,Wijk bij Duurstede,340 m²
Marijkeweg 15,Vaassen,306 m²
Trilgras 8,De Goorn,268 m²
Waterpoort 26,Heusden (Gem. Heusden),98 m²
Maartenskreek 5,Willemstad,302 m²
Neptunusstraat 14,Rosmalen,557 m²
Landregtstraat 10,Vlissingen,212 m²
Malachietgroen 19,Zoetermeer,122 m²
van Voorststraat 13 b,Huissen,390 m²
Catswende 11,Hillegom,230 m²
Catswende 13,Hillegom,275 m²
Adriaen van Ostadelaan 2,Waalre,400 m²
Breeweg 56,Middelburg,213 m²
Parklaan 9,Prinsenbeek,355 m²
Tichlerstraat 9,IJsselmuiden,178 m²
Steenhuisstraat 10,Vlissingen,108 m²
Minister van Houtenstraat 9,Veghel,179 m²
Martinusweg 2,Herwen,331 m²
Overgouw 111,Almere,239 m²
Kaaplandstraat 55 A,Nijmegen,132 m²
Het Bleekveld 8,Hardenberg,293 m²
Henrik Ibsenstraat 14,Zuid-Beijerland,231 m²
Citerlaan 18,Nieuwegein,124 m²
Texashof 4,IJsselstein,107 m²
Westeinde 164,Nieuwleusen,1.265 m²
Freulepark 66,Zutphen,173 m²
Batalaan 2 c,Best,564 m²
Vosweide 60,Apeldoorn,113 m²
Alexander Dubcekweg 167,Assen,258 m²
Het Erf 19,Bovenkarspel,223 m²
Lanciersstraat 43,Tilburg,100 m²
Elspeterbos 50,Hoofddorp,141 m²
Koereiger 10,Emmen,630 m²
Herman Heijermanslaan 14,Heemstede,361 m²
Pieter Aertsenstraat 8,Meppel,129 m²
De Buiskap 4,Dronten,116 m²
2e Berkendijk 2,Hengelo (GE),8.825 m²
Conradstraat 15,Zaandam,147 m²
Corbulopad 14,De Meern,145 m²
Touwslagerlaan 4,Aalsmeer,575 m²
Tuin van Gerlagh 20,Hoeven,248 m²
Chinesetuinlaan 10,Vleuten,286 m²
De Bovenkruier 14,Klazienaveen,382 m²
Schimmelpenninckstraat 18,Veenendaal,382 m²
Verlengde Parkweg 58,Ede,275 m²
Geert van Woustraat 19,Denekamp,378 m²
Elstweg 30,Beers,715 m²
Apollostraat 9,Aalsmeer,168 m²
Albert Cuyplaan 57,Haaksbergen,276 m²
Swammerdamstraat 15,Terneuzen,178 m²
Wijsthoek 523,Uden,210 m²
Hoefbladstraat 7,Krommenie,131 m²
Sophialaan 1 A,Wassenaar,1.715 m²
Papaverstraat 10,Alkmaar,157 m²
Kleine Wielenpad 7,Almere,156 m²
Koningin Wilhelminastraat 88 A,Reeuwijk,176 m²
Damstraat 16,Hardinxveld-Giessendam,347 m²
Papiermakerserf 123,Eerbeek,135 m²
Bronneberg 27,Herkenbosch,311 m²
Bongerd 25,Malden,338 m²
Fontein Verschuirstraat 12,Alkmaar,165 m²
De Ruyterstraat 114,IJmuiden,159 m²
Het Bosje 14,Elst (UT),291 m²
Hekkerdreef 58,Leusden,125 m²
Lieuwe Jellingastrjitte 51,Britsum,285 m²
Damstraat 13,Ridderkerk,155 m²
Sportlaan 5,Bleiswijk,152 m²
Prins Bernhardstraat 31,Nijverdal,199 m²
Haveloozeweg 4,Dirksland,931 m²
het Egbertink 72,Losser,152 m²
Alex van Strienstraat 2,Culemborg,206 m²
Molièrelaan 29,Eindhoven,148 m²
Roggelelie 4,Gieten,505 m²
Het Zwanevlot 105,Zutphen,231 m²
Hofhooistraat 17,Dreumel,361 m²
Schavenmolenstraat 15,Arnhem,153 m²
Victor de Stuerslaan 7,Arnhem,110 m²
Het Meuke 35,Haaksbergen,152 m²
Wilgenlaan 53,Etten-Leur,177 m²
Grote Haarsekade 53,Gorinchem,345 m²
Het Roefje 14,Hoogeveen,248 m²
Oosterbrink 14,Oosterwolde (FR),1.410 m²
Pieter Langendijkstraat 43,Alkmaar,148 m²
Lagewoud 4,Ede,277 m²
De Gasperilaan 5,Doetinchem,270 m²
Beckumerstraat 48,Hengelo (OV),161 m²
Popart 41,Dronten,176 m²
de Brink 18,Raalte,393 m²
Baanhoek 245,Sliedrecht,260 m²
Wilhelminastraat 43,Huissen,257 m²
Helena Merciertuin 28,Heerhugowaard,152 m²
Oude Schuttingkanaal WZ 57,Roswinkel,4.625 m²
Gudumholm 8,Hoofddorp,146 m²
Hofakkers 2,Westerbork,448 m²
Kruizemuntstraat 28 A,Apeldoorn,310 m²
Ulsheggerweg 30,Lottum,483 m²
De Velde 13,Zwartsluis,655 m²
Prinsensteeg 13,Schiedam,62 m²
Schoolstraat 22,Koewacht,372 m²
Stoofstraat 34,Poortvliet,123 m²
Kroeskarperlaan 7,Voorhout,226 m²
Nieuwstad 30,Gorinchem,102 m²
Hoedekenskerkestraat 34,Arnhem,107 m²
Meidoornlaan 8,Lopik,145 m²
Vinkenbroek 94,Etten-Leur,280 m²
Langsweg 1 A,Dalmsholte,6.820 m²
Langsweg 1,Dalmsholte,4.826 m²
Uranusstraat 4,Dongen,222 m²
Langezand 57,Lelystad,189 m²
Pauwenkamp 47,Maarssen,172 m²
Molenlaan 6,Rijswijk (ZH),150 m²
Groot-Bijgaardenlaan 36,Eindhoven,155 m²
Bredeweg 363,Roermond,260 m²
Emmerstraat 20,Noord-Sleen,25.000 m²
Achterstraat 4,Den Bosch,248 m²
Winterswijkseweg 59,Groenlo,3.740 m²
J.H. Leopoldstraat 16,Almere,297 m²
Reigersbek 9,Purmerend,114 m²
Kalverkamp 1,Leusden,153 m²
Ekelshoek 3,Blaricum,294 m²
Lage Ham 154,Dongen,960 m²
De Wildbaan 20,Ootmarsum,555 m²
Aletta Jacobslaan 22 .,Tiel,257 m²
Mijnspoor 12,Houten,103 m²
Hogeweg 100,Limmen,568 m²
Merlijnshof 30,Prinsenbeek,209 m²
Roemer Visscherstraat 8,Alkmaar,313 m²
Vossenweg 1,Bennekom,331 m²
Welle 2 C,Koudekerke,54 m²
Parallelweg 12,Gorssel,1.914 m²
Molenstraat 17,Zuidhorn,145 m²
Duizendschoon 35,Rijnsburg,430 m²
Caspar Fagellaan 6,Rotterdam,265 m²
Pijlkruidstraat 37,Berkel en Rodenrijs,186 m²
Ruys de Beerenbrouckplein 127,Oosterhout (NB),173 m²
Staringkade 42,Leiden,89 m²
Jessicagang 70,Zoetermeer,298 m²
Noorddonk 83,Steenbergen (NB),285 m²
Archipel 15 59,Lelystad,17 m²
Waalstraat 31,Winschoten,519 m²
Vlinderslag 20,Almkerk,150 m²
Schierstins 12,Lelystad,346 m²
Nieuwe Vlissingseweg 604,Middelburg,226 m²
Prinses Beatrixweg 13,Geldermalsen,176 m²
IJsbaanstraat 9,Zutphen,82 m²
Buurschappenlaan 240,Den Bosch,162 m²
Burgemeester van Roosmalenstraat 19,Uitgeest,235 m²
Laan van Meerdervoort 405,Den Haag,175 m²
Muntstraat 5,Elburg,137 m²
Rietgors 97,IJsselmuiden,137 m²
Meyrooslaan 43,Arnhem,225 m²
Johannis Bogaardstraat 25,Nieuw-Vennep,307 m²
Brahmsstraat 69,Capelle aan den IJssel,131 m²
Ivanovschouw 1,Zoetermeer,115 m²
Beekstraat 5,Toldijk,2.610 m²
J. Kruijverstraat 89,Zaandam,113 m²
Konijnenweide 50,Zoetermeer,158 m²
Ericaplein 2,Eibergen,262 m²
Vuurbloem 1,Leiden,195 m²
Liechtensteinhof 27,Dordrecht,435 m²
Abe Bonnemastraat 11,Bergschenhoek,219 m²
Gravinnendreef 41,Den Haag,115 m²
Van Harenlaan 11,Alkmaar,122 m²
Pieter Bothstraat 26,Enschede,150 m²
J.A. Zandlevenstraat 24,Zaandam,143 m²
Woudakker 6,Noord-Scharwoude,183 m²
Gildenlaan 363 c,Velsen-Noord,102 m²
Hielbijl 59,Oosterhout (NB),115 m²
Berghuisstraat 3,Beverwijk,124 m²
Anton Koolhaaspad 6,Arnhem,120 m²
Zevenbergenstraat 13,Eindhoven,135 m²
Valkseweg 48,Barneveld,347 m²
Maastrichterweg 62 64,Valkenswaard,1.035 m²
Willem de Zwijgerlaan 61,Kaatsheuvel,242 m²
Plantage 174,Beverwijk,211 m²
Vaartweg 16,Dongen,1.035 m²
Prins Alexandererf 43,Nunspeet,135 m²
Oud-Ehrenstein 12,Amsterdam,171 m²
Schutsboom 51,Schijndel,484 m²
Hertenhoek 18,Prinsenbeek,203 m²
Kanaaldijk 126,Koedijk (Gem. Alkmaar),369 m²
Sterappelhof 10,Zoetermeer,83 m²
Marijkestraat 6,Landgraaf,140 m²
Bilderdijkstraat 5,Zutphen,127 m²
Strohulzen 28,Boxtel,228 m²
Bikkeldam 24,Horssen,640 m²
Granaat 11,Eindhoven,393 m²
Jacob Marisstraat 10,Zwijndrecht,112 m²
Nico Kolenbergstraat 15,Lutjebroek,450 m²
De Schokker 18,Egmond aan Zee,198 m²
Molenstraat 21,Oudenbosch,85 m²
Kloeckenmorgen 13,Westervoort,133 m²
IJsvogel 17,Lathum,480 m²
Westerdokstraat 7,Almelo,103 m²
Jenniskensstraat 10,Vierlingsbeek,322 m²
Steeneikzoom 4,Zoetermeer,122 m²
Oeverstraat 36 -38,Rotterdam,37 m²
Peelseloop 5,Heesch,283 m²
Vrijheidslaan 66,Breukelen,170 m²
Sixmastins 26,Stiens,271 m²
Fazant 5,Doorn,123 m²
Joh Poststraat 24,Nieuwlande,663 m²
Albastdijk 69,Roosendaal,221 m²
Sevenumse Dijk 17,Maasbree,6.897 m²
Isabellagriend 1,Herten,1.060 m²
Heer Halewijnpad 10,Amersfoort,149 m²
George Gershwinstraat 98,Zaandijk,122 m²
Schoolstraat 41,Zutphen,92 m²
Lopikerweg oost 163 b,Lopikerkapel,1.440 m²
Delhoevelaan 2,Rozendaal,545 m²
Simon Vestdijklaan 6,Amstelveen,126 m²
Beryldreef 23,Emmen,448 m²
De Klencke 22,Zuidlaren,157 m²
Laan van Avant-Garde 316,Rotterdam,138 m²
Fluweelmos 25,Houten,158 m²
Britsezoom 50,Nieuwerkerk aan den IJssel,252 m²
Hooistraat 22,Tilburg,115 m²
Koningin Wilhelminalaan 46,Naarden,185 m²
Saxofoonweg 89,Almere,134 m²
Berghallee 9,Duiven,121 m²
Veldhofstraat 168,Eygelshoven,199 m²
Duivenhorst 7,Den Dolder,228 m²
De Beukenhaag 8,Zutphen,535 m²
Jan Kortlandstraat 21,Schoonhoven,86 m²
Emmastraat 71,Lekkerkerk,226 m²
Beukenlaan 43,Oud Gastel,231 m²
St. Janstraat 14,Hoeven,296 m²
Pelzerpark 33,Epe,662 m²
Tiendvrij 5,Leusden,535 m²
Pasbrink 68,Winterswijk,135 m²
Oud-Loosdrechtsedijk 226 a,Loosdrecht,755 m²
Markkant 51,Oosterhout (NB),179 m²
Burgwal 79,Kampen,132 m²
Dopheide 32,Amersfoort,188 m²
Breedelaan 131,Heiloo,160 m²
Burgemeester Janssenstraat 12,Venray,140 m²
Leidekkersgilde 18,Houten,234 m²
van der Leckstraat 5,Duiven,249 m²
Arthur Sullivanhof 20,Utrecht,129 m²
Eikenlaan 9,Bunde,319 m²
Tulpstraat 14,Sint-Oedenrode,155 m²
Vermeerstraat 14,Amersfoort,193 m²
Foxel 33,Emmer-Compascuum,1.137 m²
Aaldersbeeklaan 99,Dinxperlo,960 m²
Eikenlaan 14,Leiderdorp,115 m²
Fioringras 20,Leeuwarden,357 m²
De Rosmolen 108,Westervoort,131 m²
Achter de Gracht 3,Huissen,413 m²
Mollekade 15,Heinenoord,250 m²
Vicarielaan 79,IJsselstein,151 m²
Ben Goerionsingel 24,Ede,253 m²
Gitaarhof 8,Etten-Leur,295 m²
Ruggeweg 12,Brielle,275 m²
Weersterweg 11,Wons,515 m²
Meireweikes 22,Oud Gastel,154 m²
Korenmolenweg 10,Haaksbergen,3.350 m²
Noordersingel 7,Barendrecht,362 m²
Rozenplantsoen 10,Moordrecht,165 m²
Vlinderveen 574,Spijkenisse,143 m²
Cato Elderinklaan 20,Almelo,165 m²
Händelstraat 27,Aalsmeer,148 m²
Paulusstraat 12,Deest,4.370 m²
William Barlowlaan 153,Amsterdam,126 m²
Winckelweg 8,Nunspeet,425 m²
Anjerstraat 5,Papendrecht,416 m²
Vlielandstraat 29,Zaandam,94 m²
Provincienlaan 53,Veendam,178 m²
Astersingel 23,Berkel en Rodenrijs,410 m²
Ambachtsstraat 34,Veenendaal,125 m²
Thijs Rinsemastraat 47,Drachten,146 m²
Kienderkamp 31,Harderwijk,364 m²
Kervelstraat 27,Arnhem,144 m²
Rialaan 40,Oostvoorne,221 m²
Van der Hoevensstraat 97,Westervoort,320 m²
Wallestein 5,Loenen aan de Vecht,171 m²
Uelserweg 38,Tubbergen,551 m²
Lijsterbeslaan 6,Bunde,565 m²
Annie Romeinsingel 52,Leiden,151 m²
T.S. Eliotlaan 8,Den Haag,245 m²
Boswei 8,Stavenisse,125 m²
Adelaartlaan 136,Geldrop,152 m²
Herman Kuijkstraat 16,Geldermalsen,177 m²
Schoutstraat 19,IJsselmuiden,226 m²
Hellasstraat 3,Purmerend,102 m²
Julianalaan 18,Nieuwer Ter Aa,1.090 m²
Jan Hoenlaan 6,Montfoort,108 m²
Beekdal 41,Vianen (NB),232 m²
Noorderberg 3,Egmond aan Zee,59 m²
Pastoriepad 21,Hapert,115 m²
van Swietenstraat 8,Helmond,267 m²
Vosmaerstraat 12,Arnhem,115 m²
Jagersberg 22,Roosendaal,562 m²
Schoolstraat 70,Geerdijk,620 m²
Brugakker 6001,Zeist,211 m²
Leenderweg 65,Valkenswaard,273 m²
Veldweg 37,Nunspeet,263 m²
Lepelaar 61,Meppel,171 m²
Begoniastraat 23,Zwolle,132 m²
Goudplevierstraat 97,Zwolle,131 m²
Elzenhage 6,Meppel,235 m²
Venusstraat 12,Leiden,158 m²
Stationspark 26,Veendam,312 m²
Rostockstraat 144,Lelystad,118 m²
Ste Bernaertsstraat 30,Oudenbosch,327 m²
Markeboek 26,Ommen,163 m²
Van Hogelandestraat 2,Den Haag,69 m²
Roemer Visscherstraat 29,Alblasserdam,151 m²
Krulmos 18,Nieuwerkerk aan den IJssel,124 m²
Marterweide 54,Nieuwegein,184 m²
Oostzijde 37,Zaandam,50 m²
Hoofdweg 6,Echten (FR),1.624 m²
Hagenaarpark 48,Maasbracht,323 m²
Hoofdstraat 1,Borger,496 m²
Henriette Polaklaan 80,Zutphen,279 m²
President Steijnstraat 43,Tilburg,128 m²
Stoombootweg 62,Amsterdam,267 m²
Kastanjelaan 14,Lochem,209 m²
Halvenne 40,Leende,232 m²
Glauconiet 9,Deest,142 m²
Grote Drift 30,Beilen,266 m²
Adriaan Loosjesstraat 71,Haarlem,98 m²
Dorpsstraat 62,Dirkshorn,139 m²
Patrimoniumlaan 87,Veenendaal,229 m²
Sportlaan 59,Wissenkerke,278 m²
Lindenlaan 2,Bergen (LI),1.137 m²
Lindenlaan 27,Terneuzen,450 m²
Van Polanenpark 22,Wassenaar,112 m²
Jaagpad 51,Etten-Leur,180 m²
Kamerlingh Onnesstraat 67,Apeldoorn,285 m²
Lage Engweg 31,Putten,268 m²
Grashoen 114,Eindhoven,149 m²
Buitenroede 23,Smilde,278 m²
Jan van Eyckstraat 21,Almere,182 m²
Calagneweg 2,Ovezande,3.030 m²
De Eiken 20,Steenderen,615 m²
Silvoldseweg 105,Terborg,618 m²
Leimuiderdijk 356,Leimuiderbrug,840 m²
Saturnusstraat 26,Purmerend,144 m²
Primulastraat 16,Woerden,116 m²
Marisstraat 55,Duiven,185 m²
Monnikenstraat 13,IJsselmuiden,151 m²
Irene Vorrinkland 12,Heerhugowaard,222 m²
Rozenstraat 73 a,Didam,212 m²
Sportlaan 38,Udenhout,1.045 m²
Vondersestraat 39,Horst,245 m²
Roode Kruisstraat 9,Benthuizen,139 m²
Westkreek 15,Apeldoorn,158 m²
Jan Frederik Helmersstraat 18,Haarlem,99 m²
Greppelland 22,Nijkerk,155 m²
Gestelsestraat 18,Eindhoven,187 m²
Wolferinghaar 5,Emmen,462 m²
Irislaan 14,De Kwakel,169 m²
Jipsingboertangerweg 37,Sellingen,1.505 m²
Burgemeester Vrieslaan 17,Goudswaard,226 m²
Ypesteinerlaan 48,Heiloo,156 m²
Nassaulaan 18,Haarlem,145 m²
Wagnerstraat 8,Dongen,160 m²
Doude van Troostwijkstraat 6,Nieuwer Ter Aa,256 m²
Rotterdamsingel 56,Arnhem,162 m²
Wijnsel 12,Geldrop,165 m²
Walraven van Hallstraat 16,Zaandam,115 m²
Kleinmansbeek 16,Barneveld,182 m²
Stuwmeer 52,Houten,220 m²
Biatlon 25,Assendelft,110 m²
Gebr. Aartspad 4,Hilvarenbeek,532 m²
Schipleisingel 50,Druten,380 m²
Montgolfierstraat 2 C,Helmond,120 m²
Bruinhorst 26,Leusden,193 m²
Rubensstraat 37,Breda,110 m²
Zijpseloop 6,Heesch,146 m²
Anjerstraat 46,Steenbergen (NB),174 m²
Schumannlaan 15,Enschede,181 m²
Mendelssohnstraat 17,Capelle aan den IJssel,191 m²
Kamerlingh Onnesweg 1,Hilversum,126 m²
Heideweg 1,Soest,285 m²
Vogelklos 11,Zeeland,471 m²
Simon Johannesstraat 27,IJsselmuiden,178 m²
Goudplevier 38,IJsselmuiden,134 m²
Eglantierhof 27,Roermond,793 m²
Capella 6,Veldhoven,151 m²
Woelse Donk 36,Gorinchem,375 m²
St. Annakapelstraat 21,Culemborg,249 m²
Krommenhorst 22,Breedenbroek,406 m²
Albert van Dalsumstraat 14,Hengelo (OV),141 m²
Dotterbloem 39,Boekel,531 m²
Heuvelweg 24,Soest,394 m²
P.C. Hooftlaan 24,Uithoorn,157 m²
Cornelis van Vugtstraat 6 *,Zaandam,91 m²
Aristotelesstraat 10,Honselersdijk,183 m²
Sint Josephstraat 140 a,Dongen,190 m²
Willem-Alexanderpark 10,Best,414 m²
Elzehoutstraat 5,Helmond,244 m²
Italielaan 19,IJsselstein,151 m²
Kiwistraat 15,Almere,588 m²
Haverdijk 68,Prinsenbeek,247 m²
Eesveen 10,Zaandam,119 m²
Topaas 56,Hoorn (NH),297 m²
Petrusstraat 20,Breda,175 m²
Heulenslag 56,Bleskensgraaf ca,700 m²
Sweelinckstraat 3,Veghel,636 m²
Perzikgaard 8,Spijkenisse,144 m²
Maarten Lutherweg 146,Amstelveen,156 m²
De Weergang 19,Arnhem,145 m²
Hettenheuvellaan 11,Eindhoven,263 m²
Concorde 13,Buren (GE),591 m²
Ferlemanstraat 8,Terneuzen,131 m²
Verveenstraat 20,Berkel en Rodenrijs,125 m²
Van Brerostraat 85,Apeldoorn,136 m²
Leuvert 11,Beers,12.628 m²
Reggestraat 61,Dongen,126 m²
Varikse zwarte 4,Elst (GE),920 m²
Zuideinde 40,Nieuwkoop,1.195 m²
Westerdorpsstraat 47,Hoevelaken,326 m²
Ad van der Steurzoom 60,Bergschenhoek,123 m²
Van Nijenrodelaan 16,De Meern,140 m²
Hugo de Vriesstraat 24,Leiden,105 m²
Saendelverlaan 154,Assendelft,123 m²
Joseph Bechstraat 17,Zevenaar,278 m²
De Stroekeld 118,Rijssen,226 m²
Maandenweg 59,Almere,663 m²
Klompstraat 25,Apeldoorn,335 m²
IJweg 1646,Nieuw-Vennep,4.225 m²
Beursweg 4,Huizen,522 m²
Kerklaan 11,Loenen aan de Vecht,288 m²
Immenweg 18,Lunteren,9.412 m²
Nieuwekampen 5 A,Vinkel (Gem. Den Bosch),3.436 m²
Cornelis Kraanstraat 32,Rotterdam,130 m²
Edelhertlaan 5,Helmond,239 m²
Clingendaellaan 175,Almere,141 m²
Fellinilaan 145,Almere,268 m²
Middelveld 5,Cothen,155 m²
Erasmusstraat 24,Rotterdam,179 m²
Paulusstraat 3,Sint Anthonis,336 m²
Dr Holwerdastraat 8,Wijk bij Duurstede,204 m²
Sambrestraat 29,Assen,260 m²
Het Veldje 121,Horst,154 m²
Breestraat 8,Heusden (Gem. Heusden),115 m²
Burg. Lemmensstraat 251,Geleen,318 m²
Burg. Lemmensstraat 249,Geleen,316 m²
Jurgensstraat 45,Elsloo (LI),203 m²
Wonge 30,Warmenhuizen,156 m²
Castertstraat 5,Ell,2.956 m²
Hendrik Werkmanhof 14,Veendam,489 m²
Merel 3,Bedum,284 m²
Blauwe Slenk 8,Harlingen,551 m²
Grevelingenhout 37,Bruinisse,952 m²
Raadhuisplein 17,Rijen,322 m²
Jean Monnetstraat 232,Heemskerk,219 m²
Rogstraat 37,Herpen,640 m²
Deurningerstraat 86,Enschede,61 m²
Noordbargerstraat 36,Emmen,621 m²
Esdoornlaan 15,Castricum,257 m²
Bergstraat 4,Neede,352 m²
Spindermolen 9,Hardinxveld-Giessendam,190 m²
Aggelenstraat 9,De Rijp,180 m²
Lipperkerkstraat 116,Enschede,147 m²
Touwslagersbaan 99,Gendringen,145 m²
Madeliefstraat 8,Doetinchem,240 m²
Janbaas 35,Nieuwendijk,224 m²
De Steenzager 45,Veldhoven,167 m²
Mesdaghof 1,Nijkerk,286 m²
Veentien 7,Meppel,159 m²
Zalmstraat 8,Heerewaarden,234 m²
Botterlaan 32,Zaandam,156 m²
Gastakker 69,Breda,251 m²
Park Oosterspaarn 27,Haarlem,259 m²
Lisztgaarde 300,Oss,975 m²
Lemmenslaan 65,Eindhoven,144 m²
Ien Dalessingel 104,Zutphen,395 m²
Brochestraat 3,Almere,210 m²
Leefdaelhof 3,Waalwijk,108 m²
Oranjestraat 71,Ridderkerk,244 m²
Zeemansstraat 11,Zaandam,113 m²
Kruburg 4,Eindhoven,143 m²
Merkendal 8,Arnhem,593 m²
18 novemberring 130,Panningen,508 m²
De Driestal 28,Heiloo,185 m²
Javastraat 5,Roermond,158 m²
Haagakker 16,Rijsbergen,208 m²
Gebroeders Daelstraat 25,Venlo,110 m²
Bouwheerstraat 45,Barneveld,320 m²
Korte Wijden 19,Elburg,239 m²
Tholenstraat 13,Kampen,112 m²
Burgemeester v Raaijstr 18,Beers,366 m²
Bisschop Zwijsenplein 27,Vught,154 m²
Prinsenweg 13,Elst (UT),605 m²
Marijkelaan 15,Bergen (NH),703 m²
Baai 71,Lelystad,168 m²
De Koolmees 50,Vriezenveen,217 m²
Middenstraat 70,Woudenberg,276 m²
Willem van Gulikstraat 4,Arnhem,295 m²
Emmaweg 54,Maarssen,197 m²
Zwarteweg 9 a,Oosterwolde (GE),699 m²
Tasmanstraat 19,IJmuiden,110 m²
Boven Wijde 11,Almere,125 m²
Lage Wei 16,Harderwijk,133 m²
Koningskinderen 23,Eindhoven,140 m²
Piershilstraat 12,Zoetermeer,137 m²
Slimtocht 24,Berkhout,435 m²
Groot Heiligland 38,Haarlem,93 m²
Spaarnestraat 110,Amersfoort,179 m²
Linge 5,Deurne,265 m²
Turfsingel 70,Gouda,116 m²
Schopenhauerstraat 145,Apeldoorn,173 m²
Vlonderkamp 4,Noordwijkerhout,127 m²
Haydnstraat 43,Vlaardingen,122 m²
Klein Paradijs 4,Beekbergen,9.770 m²
Larixstraat 24,Utrecht,84 m²
Zetveld 28,Peize,284 m²
Damastberg 178,Roosendaal,136 m²
Bootstraat 38,Etten-Leur,181 m²
Granaat 4,Zoetermeer,119 m²
Mgr. van de Weteringstraat 5,Utrecht,112 m²
Anton Mauvestraat 19,Leeuwarden,158 m²
Helmgras 4,Monster,123 m²
Bogardeind 88,Geldrop,250 m²
Vervoornstraat 120,Putten,240 m²
Rubrum 11,Akersloot,129 m²
Schokker 22,Zeewolde,184 m²
De Wieken 3,Beek en Donk,132 m²
Minister Loudonlaan 68,Enschede,141 m²
Kastanjelaan 31,Driebruggen,120 m²
Mariëndaal 69,Enschede,282 m²
Prins Bernhardlaan 1,Zutphen,106 m²
Dr. Schaepmanlaan 5,Veghel,409 m²
Vestdijkgaarde 15,Deventer,127 m²
Martinus Nijhofflaan 20,Kloetinge (Gem. Goes),407 m²
Hessenweg 371,Achterveld (UT),890 m²
Het Schip 125,Apeldoorn,312 m²
Pijperstraat 5,Assen,172 m²
Hoogstraat 104,Oosteind,7.535 m²
Vier Wieken 28,Valburg,210 m²
Vliewint 51,Petten,670 m²
Reisvennestraat 72,Valkenswaard,460 m²
Rozemarijntuin 16,Assen,137 m²
Turfmarkt 126,Gouda,211 m²
Hercules 97,Katwijk (ZH),123 m²
Irisstraat 6,Amersfoort,194 m²
Van Doesburg-erf 77,Dordrecht,205 m²
Anton Coolenstraat 1,Gorinchem,146 m²
Kleine Wiel 27,Gorinchem,340 m²
Amen 57,Amen,3.120 m²
Rengersweg 32,Oentsjerk,758 m²
Anfieldroad 97,Amsterdam,164 m²
Singelweg 5,Middelburg,680 m²
Assendelverstraat 61,Haarlem,89 m²
Cornelis Trooststraat 28,Helmond,114 m²
Radenlaan 39,Zwolle,255 m²
Jan Lievensstraat 24,Leeuwarden,120 m²
Tesstraat 6,Boven-Leeuwen,5.295 m²
Schaepmanlaan 3,Vlijmen,744 m²
Oliestraat 16,Grave,105 m²
's-Gravendamseweg 29,Noordwijkerhout,96 m²
Elzeneiland 10,Rijswijk (ZH),244 m²
Wikkestraat 13,Alphen aan den Rijn,143 m²
Evenboersweg 21,Punthorst,1.770 m²
Hoge Boekelerweg 77,Enschede,151 m²
Michelangelohage 3,Emmeloord,403 m²
Roemer Visscherstraat 29,Leiden,106 m²
Jan van der Heijdenstraat 48,Gorinchem,147 m²
Deestraat 29,Poortvliet,153 m²
Kievitlaan 16,Sliedrecht,217 m²
Saksen-Anhalt 20,Arnhem,143 m²
Sir Winston Churchillln 12,Rijswijk (ZH),212 m²
Paul Butterfieldstraat 5,Middelburg,146 m²
Hangerad 36,Rijssen,142 m²
Maagdenpalm 27,Arnhem,304 m²
Molenkamp 19,Bennekom,235 m²
Dubloen 60,Mijdrecht,152 m²
Irisstraat 7,Enschede,221 m²
Zandstraat 58,Doetinchem,218 m²
Wachtmeester 21,Gorinchem,116 m²
De Leek 2,Beilen,499 m²
Jan Braskersteeg 3,Edam,274 m²
Alsteedseweg 54 a,Haaksbergen,8.860 m²
Wedderstraat 48,Vlagtwedde,901 m²
Ellestraat 14,Heikant,840 m²
Oudlandsestraat 61,Steenbergen (NB),135 m²
Hof van Edinburgh 21,Doetinchem,218 m²
Gerstdreef 95,Doetinchem,205 m²
Borculoseweg 41,Neede,615 m²
Lindenlaan 27,Meeden,730 m²
Tuinderij 21,Ursem (Gem. Koggenland),506 m²
Amerikaweg 6,Beekbergen,2.285 m²
Hudsonring 69,Drunen,128 m²
Amstelstraat 53,Oost-Souburg,118 m²
Voorweg 50,Nieuwe Wetering,1.835 m²
Palmgracht 46,Amsterdam,58 m²
Wilgenoord 42,Bodegraven,125 m²
Goudhoeksland 69,Nuenen,273 m²
Hoofdgracht 13,Naarden,668 m²
Cambuurstraat 16,Leeuwarden,121 m²
Galgenberg 12,Rhenen,485 m²
Ambachtsstraat 36,'s-Gravenpolder,263 m²
Reigerskamp 154,Maarssen,128 m²
Kaarder 17,Hoorn (NH),122 m²
Briljant 16,Eindhoven,667 m²
Jean Gilbertlaan 18,Utrecht,320 m²
Doude van Troostwijkstraat 15,Nieuwer Ter Aa,154 m²
Esmoreitplein 2,Amersfoort,150 m²
Lavendelhof 46,Nieuwegein,254 m²
Generaal Boreelpad 27,Eindhoven,311 m²
Abt van Grevenbroekstraat 5,Herpt,162 m²
Utrechtseweg 226,Arnhem,397 m²
Bottelroosstraat 29,Bakel,340 m²
Gerichtenweg 33,Doornspijk,815 m²
Azalealaan 28,Heerhugowaard,143 m²
Raadhuisstraat 9,Diemen,119 m²
Hof van Versailles 46,Amsterdam,111 m²
Cyclamenstraat 41,Eindhoven,142 m²
Le Corbusierstraat 10,Dongen,460 m²
Jan Bijhouwerstraat 85,Purmerend,261 m²
Jacob van Ruysdaellaan 23,Lochem,142 m²
Beethovenstraat 17,Leeuwarden,100 m²
Borredreef 68,Vlijmen,244 m²
Oosterduinplein 15,IJmuiden,135 m²
Jeneverbes 14,Amersfoort,294 m²
d'Hondecoeterstraat 69,Leeuwarden,120 m²
Rijnbandijk 221,Rijswijk (GE),2.475 m²
Beekdal 11,Assendelft,117 m²
Dr. W. Dreesstraat 149,Katwijk (ZH),140 m²
Dommelstraat 4,Geldrop,227 m²
Zwanenstraat 68,Nijmegen,231 m²
Zadel 5,Leusden,144 m²
Zilverschoon 4,Bodegraven,102 m²
Tempellaan 21,Eindhoven,164 m²
Buitenhof 71,Etten-Leur,330 m²
Eventer 7,Berghem,191 m²
Graaf 93,Echt,195 m²
Sportparklaan 3,Horn,3.310 m²
Klapwijkse Zoom 309,Berkel en Rodenrijs,229 m²
Meeuwenweg 15,Zuidwolde (DR),11.950 m²
Neerijnen 62,Barneveld,160 m²
Scheperstraat 26,Sevenum,274 m²
Grintweg 121,Winschoten,644 m²
De Meridiaan 6,Dronten,737 m²
Goudsmidsstraat 45,Hoorn (NH),194 m²
Gravenborch 54,Houten,257 m²
den Dam 27,Breedenbroek,10.400 m²
Koudhoornseweg 4,Garderen,340 m²
Droogmakerij 9,Middenbeemster,342 m²
Breegraven 11,Warnsveld,202 m²
Ouderkerkerlaan 52,Amstelveen,207 m²
Marie van Zeggelenstraat 43 .,Spijkenisse,123 m²
Waterput 11,Cuijk,114 m²
Cederstraat 5,IJmuiden,96 m²
Achterom 61,Hoorn (NH),85 m²
Prof ten Doesschatestraat 137,Heemskerk,374 m²
Kennemerland 18,Den Bosch,147 m²
Lisztstraat 22,Alkmaar,175 m²
Indusstraat 94,Spijkenisse,116 m²
Foswerterstrjitte 40,Ferwert,638 m²
Hofrichterstraat 1,Eibergen,656 m²
Sinte Catharinadal 3,Willemstad,402 m²
Malta 64,Zoetermeer,144 m²
Koningsvaren 48,Bergschenhoek,260 m²
Alkmaarseweg 172,Beverwijk,134 m²
De Waarden 14,Zutphen,113 m²
Laanstraat 19,Soest,457 m²
Haringvlietstraat 28,Lewedorp,116 m²
Bevershoeve 16,Berlicum,717 m²
Waterspoor 39,Wierden,220 m²
Duinweg 19,Wassenaar,740 m²
Lavendelhof 46,Nieuwegein,254 m²
Generaal Boreelpad 27,Eindhoven,311 m²
Abt van Grevenbroekstraat 5,Herpt,162 m²
Utrechtseweg 226,Arnhem,397 m²
Bottelroosstraat 29,Bakel,340 m²
Gerichtenweg 33,Doornspijk,815 m²
Azalealaan 28,Heerhugowaard,143 m²
Raadhuisstraat 9,Diemen,119 m²
Hof van Versailles 46,Amsterdam,111 m²
Cyclamenstraat 41,Eindhoven,142 m²
Le Corbusierstraat 10,Dongen,460 m²
Jan Bijhouwerstraat 85,Purmerend,261 m²
Jacob van Ruysdaellaan 23,Lochem,142 m²
Beethovenstraat 17,Leeuwarden,100 m²
Borredreef 68,Vlijmen,244 m²
Oosterduinplein 15,IJmuiden,135 m²
Jeneverbes 14,Amersfoort,294 m²
d'Hondecoeterstraat 69,Leeuwarden,120 m²
Rijnbandijk 221,Rijswijk (GE),2.475 m²
Beekdal 11,Assendelft,117 m²
Dr. W. Dreesstraat 149,Katwijk (ZH),140 m²
Dommelstraat 4,Geldrop,227 m²
Zwanenstraat 68,Nijmegen,231 m²
Zadel 5,Leusden,144 m²
Zilverschoon 4,Bodegraven,102 m²
Tempellaan 21,Eindhoven,164 m²
Buitenhof 71,Etten-Leur,330 m²
Eventer 7,Berghem,191 m²
Graaf 93,Echt,195 m²
Sportparklaan 3,Horn,3.310 m²
Klapwijkse Zoom 309,Berkel en Rodenrijs,229 m²
Meeuwenweg 15,Zuidwolde (DR),11.950 m²
Neerijnen 62,Barneveld,160 m²
Scheperstraat 26,Sevenum,274 m²
Grintweg 121,Winschoten,644 m²
De Meridiaan 6,Dronten,737 m²
Goudsmidsstraat 45,Hoorn (NH),194 m²
Gravenborch 54,Houten,257 m²
den Dam 27,Breedenbroek,10.400 m²
Koudhoornseweg 4,Garderen,340 m²
Droogmakerij 9,Middenbeemster,342 m²
Breegraven 11,Warnsveld,202 m²
Ouderkerkerlaan 52,Amstelveen,207 m²
Marie van Zeggelenstraat 43 .,Spijkenisse,123 m²
Waterput 11,Cuijk,114 m²
Cederstraat 5,IJmuiden,96 m²
Achterom 61,Hoorn (NH),85 m²
Prof ten Doesschatestraat 137,Heemskerk,374 m²
Kennemerland 18,Den Bosch,147 m²
Lisztstraat 22,Alkmaar,175 m²
Indusstraat 94,Spijkenisse,116 m²
Foswerterstrjitte 40,Ferwert,638 m²
Hofrichterstraat 1,Eibergen,656 m²
Sinte Catharinadal 3,Willemstad,402 m²
Malta 64,Zoetermeer,144 m²
Alkmaarseweg 172,Beverwijk,134 m²
De Waarden 14,Zutphen,113 m²
Laanstraat 19,Soest,457 m²
Haringvlietstraat 28,Lewedorp,116 m²
Waterspoor 39,Wierden,220 m²
Duinweg 19,Wassenaar,740 m²
Bizetstraat 19,Heemskerk,138 m²
Patrijslaan 6,Boekel,240 m²
Johan Huizingastraat 30,Alkmaar,272 m²
Dorpstraat 32,Dreumel,1.800 m²
De Krom 34,Katwijk (ZH),128 m²
Rosendaal 75,Heiloo,156 m²
Haarstraat 104,Rijssen,323 m²
Hakselseweg 22,Ede,203 m²
Kaninefatendreef 6,Alphen aan den Rijn,180 m²
Rijnlaan 232,Utrecht,105 m²
Badhuislaan 62,Bussum,200 m²
Rostockstraat 140,Lelystad,130 m²
Molenhof 4,Kampen,89 m²
Meester Jochemsstraat 20,Meijel,282 m²
Tepestraat 5,IJsselstein,131 m²
Steenweg 40,Moerdijk,215 m²
Schuttershof 4,Arnemuiden,152 m²
Jonkerveld 413,Uden,145 m²
Annie van Hattemtuin 23,Heerhugowaard,327 m²
Speeldries 1,Eersel,320 m²
Kuyckshof 7,Meteren,130 m²
Dr. J.R. Thorbeckelaan 130,Heemstede,158 m²
Bisschop Rythoviusdreef 1 a,Riethoven,50.780 m²
Esdoornlaan 3,Wormerveer,143 m²
Hertogstraat 2 a,Sprundel,372 m²
Giek 22,Huizen,158 m²
Woenselsestraat 337 339,Eindhoven,465 m²
Tadamastraat 21,Zutphen,116 m²
Padweg 21,Oost-Souburg,223 m²
Motet 10,Kampen,269 m²
Maaskade 89 A + B,Rotterdam,114 m²
Kennemerstraatweg 257,Alkmaar,216 m²
Torenstraat 6,Meliskerke,671 m²
Mr. Synco Reyndersplein 11,Appingedam,228 m²
Ladderbeekstraat 112,Velsen-Noord,132 m²
Platolaan 23,Assen,844 m²
Kerkpadsblok 16,Wijhe,847 m²
Breitnerstraat 90,Arnhem,262 m²
Emondsstraat 8,Waspik,369 m²
Papiermolen 43,Hoorn (NH),119 m²
Groene Wetering 24,Gouderak,116 m²
Moreelsestraat 69,Ede,120 m²
Schaepmanlaan 4,Vlijmen,551 m²
Dubbelspoor 23,Capelle aan den IJssel,137 m²
Jan van Nassaustraat 25,Sneek,110 m²
Binnenlandse Baan 12,Barendrecht,325 m²
Scherpenbergsebaan 6,Schijf,8.795 m²
Fuutstraat 20,Sliedrecht,203 m²
Minister Aalbersestraat 23,Maastricht,176 m²
Fang 6,Rottum (FR),330 m²
Eindstraat 24,Veldhoven,249 m²
Prinses Beatrixstraat 55,Bodegraven,115 m²
Le Tourmalet 11,Amsterdam,123 m²
Irenestraat 8,Erp,151 m²
Esdoornhout 7,Assen,295 m²
Koggestraat 46,Wervershoof,147 m²
Zwanensingel 265,Wijchen,165 m²
Hoogheidseweg 6,Venray,546 m²
Nansenstate 30,Ede,157 m²
Kievitstraat 27,Alkmaar,107 m²
Bernhardstraat 30,Rijen,302 m²
Refeling 49,Nuenen,275 m²
Anna van Burenstraat 26,Alkmaar,130 m²
Lengelseweg 24,'s-Heerenberg,225 m²
Willem Walravenhove 39,Nieuwegein,94 m²
Balsa 209,Dordrecht,185 m²
Bosstraat 16,Silvolde,242 m²
Wingerd 34,Vroomshoop,1.078 m²
Ferdinand Bolstraat 62,Leeuwarden,131 m²
Hoefslag 80,Nijkerk,165 m²
Tasveld 13,Rheden,288 m²
van Limburg Stirumlaan 55,Naarden,159 m²
de Vosplantsoen 5,Hulst,292 m²
Waardenborchstraat 35,Holten,320 m²
Waterkerslaan 16,Oosterhout (NB),227 m²
Kennemerbeekweg 23,Bennebroek,177 m²
Legmeerdijk 220 a,Amstelveen,1.005 m²
Zijlroede 21,Leeuwarden,194 m²
Floraronde 7,Uitgeest,421 m²
Elandenburg 137,Barendrecht,128 m²
De Rank 17,Harskamp,110 m²
De Eng 13,'t Goy,175 m²
Meester Kooningsplaats 16,Eindhoven,131 m²
Bovensingel 90,Kampen,120 m²
Grotestraat 92,Borne,373 m²
Hietweideweg 64,Twello,313 m²
Langsakker 1,Laren (NH),1.845 m²
Ubachsberg 29,De Meern,118 m²
van Rechterenlaan 3,Grave,282 m²
Bellefleurstraat 9,Aalsmeer,237 m²
Bremstraat 1,Drunen,206 m²
Nieuwe Land 8,Kampen,384 m²
Schotlandstraat 52,Almere,117 m²
Orlofflaan 66,Barneveld,136 m²
Biltseveste 32,Nieuwegein,145 m²
Vleutloop 18,Heesch,196 m²
Oude Haagweg 709 A,Den Haag,194 m²
Ommelanderwijk 134,Veendam,910 m²
Breeveen 43,Ede,314 m²
Buinerweg 1,Exloo,2.700 m²
Emmastraat 46,Angeren,353 m²
Anna Clasina op 't Landtplantsoen 52,Heerhugowaard,164 m²
Het Kasteel 24,Apeldoorn,110 m²
Jaagpad 27,Etten-Leur,180 m²
Groenplaats 14,Veenendaal,157 m²
Bijsselseweg 11 42,Biddinghuizen,195 m²
Sweelinckplantsoen 96,Zwijndrecht,105 m²
Regenboog 175,Elst (GE),335 m²
Wouwermanstraat 73,Haarlem,139 m²
Krekelplantsoen 1,Almere,318 m²
Wilgenlaan 7,Arnhem,131 m²
Marijkelaan 19,Vlijmen,194 m²
Spant 94,Hoorn (NH),134 m²
Albert Neuhuysstraat 15,Arnhem,181 m²
Schuytstraat 94,Pernis Rotterdam,237 m²
Waalstraat 30,Nijmegen,154 m²
Exportstraat 5,Boxmeer,232 m²
van Heemskercklaan 49,Doorn,231 m²
De Buiskap 5,Dronten,116 m²
Dorpsstraat 170,Enter,320 m²
Gerard Doggerlaan 51,Den Haag,243 m²
Buitenbaan 26,Gorinchem,125 m²
Kersenplukkerserf 1,Arnhem,174 m²
De Kievit 8,Groenlo,255 m²
Bekerpad 6,Oss,420 m²
Malibongwestraat 69,Purmerend,147 m²
Hapseweg 9,Oeffelt,3.718 m²
Wepel 58,Annen,526 m²
Hendrik van Cuyklaan 10,Waalre,2.323 m²
De Kavelen 10,Waalre,234 m²
Frederik van Eedenstraat 17,Papendrecht,117 m²
Nachtegaalstraat 53,Middenbeemster,162 m²
Maaseikerweg 188,Weert,7.785 m²
Zuideinde 6,Abbekerk,1.819 m²
Eikenhorstlaan 3,Wassenaar,1.305 m²
Statenlaan 20,Helmond,128 m²
Houtduif 29,Etten-Leur,137 m²
Bamendaweg 12,Dordrecht,735 m²
Molenweg 12,Liessel,1.200 m²
Vlierboomstraat 9,Alphen aan den Rijn,145 m²
Kruisakker 18,Sint-Oedenrode,312 m²
Ruychrocklaan 115,Den Haag,139 m²
Graafschap 26,Lelystad,325 m²
Elperstraat 6,Schoonloo,29.350 m²
Gedempte Haven 16,Grou,240 m²
Nieuwstraat 78,Leidschendam,229 m²
Evert van 't Landstraat 37,Apeldoorn,120 m²
Zuilenstraat 37 A,Breda,304 m²
Paul Henri Spaakstraat 5,Herten,181 m²
Monnetstraat 10,Zevenaar,228 m²
Ruischerwaard 63,Groningen,282 m²
Weegbree 34,Lelystad,124 m²
Plataanstraat 14,Tilburg,106 m²
Molenvaart 281,Anna Paulowna,1.012 m²
Friezengaarde 2,Alphen aan den Rijn,234 m²
Willem van Velsenstraat 51,Heemskerk,222 m²
Horst 36 24,Lelystad,204 m²
Nijkerkerschans 28,Nieuwegein,214 m²
Wijnkers 33,Elst (GE),372 m²
Vuurvlinder 11,Enschede,359 m²
Wethouder Nijhuisstraat 105,Enschede,235 m²
Keldercroftlaan 33,Heiloo,162 m²
Pagendijk 24,Borculo,265 m²
De Brink 44,Heiloo,143 m²
Rijsdammerweg 2 B,Sellingen,7.381 m²
van Driestenstraat 9,Rijnsburg,636 m²
Ranonkel 26,Berkel-Enschot,261 m²
Brandenborchstraat 27,Almere,176 m²
Krommehoekstraat 19,Beuningen (GE),418 m²
Dokkumerdiep 10,Zaandam,136 m²
Rijksstraatweg 203,Haarlem,237 m²
Willink van Collenstraat 62,Breukelen,123 m²
Zonneroosstraat 3,Eindhoven,107 m²
Veldhofstraat 6,Gorssel,2.100 m²
Goudastraat 12,Wormerveer,367 m²
Condorstraat 16,Gennep,154 m²
Staringstraat 73,Oss,163 m²
Westerzicht 241,Vlissingen,170 m²
St.-Elisabethstraat 78,Vught,384 m²
Stalmeesterslaan 21,Malden,227 m²
Wezelhof 46,Silvolde,180 m²
Merellaan 113,Capelle aan den IJssel,157 m²
Hobbemalaan 54,Alkmaar,152 m²
Kapitein Nemostraat 65,Tilburg,136 m²
Doktersbleek 6,Eibergen,343 m²
Zandhoen 31,Eindhoven,47 m²
Grebbestraat 40,Amersfoort,113 m²
Meyerweg 72,De Knipe,865 m²
Ter Boort 8,Beek en Donk,138 m²
Zwanenbloem 45,Elst (GE),181 m²
Hamerstraat 15,Bussum,170 m²
Henry Fordstraat 42,Zwartewaal,1.473 m²
Heerenweg 96,Heiloo,268 m²
Engelmanstraat 2,Hoofddorp,186 m²
Arnoudstraat 29,Arnhem,132 m²
Kennedylaan 6,Goirle,458 m²
Erve Joost 35,Holten,239 m²
Slimstraat 20,Udenhout,846 m²
Zilverbergweg 5,Overasselt,500 m²
Stadhouderslaan 1 a,Schiedam,175 m²
Ambachtsherensingel 26,Mijdrecht,250 m²
Cunegondisstraat 23,Thorn,405 m²
Zwaluwstraat 17,Oosthuizen,116 m²
Nieuwe Es 26,Wijster,1.370 m²
Laan van de Marel 422,Emmen,141 m²
Varsseveldsestraatweg 124 a,Aalten,2.848 m²
Klokjeslaan 60,Maarssen,209 m²
Da Costastraat 51,Oss,151 m²
Burgemeester van Loonstraat 39,Steenbergen (NB),300 m²
Molenweg 27,Voorthuizen,398 m²
Abraham Bloemaertstraat 9,Waalwijk,515 m²
Calville 39,Boskoop,122 m²
Fluwijnberg 31,Roosendaal,475 m²
Hofstukken 134,Assen,138 m²
Botter 15,Nijkerk,152 m²
Solislaan 57,Capelle aan den IJssel,365 m²
Hondsdraf 12,Eemnes,254 m²
Wassenaarsestraat 178,Den Haag,75 m²
Belle van Zuylenlaan 45,Amstelveen,165 m²
Sportlaan 15,Hoogersmilde (Gem. Midden-Drenthe),599 m²
Brielse Meer 5,Zaandam,105 m²
Krekelmeent 9,Hilversum,182 m²
Schorpioen 65,Schijndel,114 m²
Rosmolenstraat 13,Leusden,145 m²
Zwaluwstraat 4,Anna Paulowna,176 m²
Lynnerkamp 16,Zwolle,177 m²
Blekenweg 127,Haren (GR),300 m²
Van der Valk Boumanlaan 34,Woerden,270 m²
De Weem 12,Westervoort,400 m²
Monnetstraat 14,Zevenaar,240 m²
Den Ilp 58 +loods,Den Ilp,3.267 m²
Inktzwamsingel 11,Vleuten,175 m²
Hoefijzer 11,Hasselt,545 m²
Sporkehout 6,Geldrop,1.171 m²
Het Woltmansland 2,Hasselt,207 m²
Tulpstraat 5,Arnhem,126 m²
Dag Hammarskjöldstraat 11,Hoensbroek,552 m²
Asserstraat 95,Katwijk (ZH),135 m²
Wierdensestraat 86,Rijssen,194 m²
Wethouder H.H. Korteboslaan 55,Rijssen,440 m²
Zwenkgras 9,Leiden,123 m²
Paardebloemweide 53,Woerden,125 m²
Beatrixlaan 17,Nieuwkoop,129 m²
Lupinestraat 7,Beuningen (GE),305 m²
Stremselstraat 39,Purmerend,174 m²
Beethovenstraat 25,Haarlem,140 m²
Dahliastraat 123,Enschede,163 m²
De Pol 14,Doesburg,163 m²
Purmer 55,Lelystad,145 m²
W. Warnaarlaan 70 .,Sassenheim,560 m²
Meenscharsweg 2,Hindeloopen,190 m²
Militaireweg 69,Krommenie,162 m²
Pastoor Hoekx-singel 13,Rosmalen,92 m²
Waalstraat 76,Almere,113 m²
Newtonstraat 7,Schoonhoven,260 m²
Domtorenstraat 22,Tilburg,154 m²
Brittenburg 45,Dordrecht,159 m²
Van den Elsenstraat 25,Diessen,203 m²
Meidoornlaan 14,Sassenheim,96 m²
Corrie Vonkplantsoen 39,Spijkenisse,281 m²
Fonteinkruid 40,Oudkarspel (Gem. Dijk en Waard),393 m²
Klipper 73,Barendrecht,369 m²
Turfsteker 7,Odiliapeel,260 m²
Hoornwerk 35,Zutphen,154 m²
Bronkhorstermaat 7,Giesbeek,490 m²
Kethelweg 61,Vlaardingen,154 m²
Reigerlaan 46,Hoevelaken,134 m²
Molenhoek 6,Pesse (Gem. Hoogeveen),8.240 m²
Klaterbos 110,Hoofddorp,222 m²
Lattropperstraat 85,Denekamp,9.020 m²
Dr. Nassaulaan 20,Assen,1.757 m²
Pastorielaan 28,Veldhoven,554 m²
Veeringzoom 36,Koog aan de Zaan,138 m²
Carmelietenstraat-west 56,Boxmeer,292 m²
Irenestraat 11,Druten,148 m²
Boerderijweg 66,Oud-Beijerland,400 m²
Buitenkwartier 30,Zwartsluis,332 m²
Eerbeekseweg 10,Loenen,762 m²
Burchtenlaan 7,Den Bosch,193 m²
Abel Tasmanstraat 7,Terneuzen,181 m²
Ezelvense Akkers 45,Tilburg,231 m²
Kerkstraat 13 A,Driel,158 m²
Julianastraat 126,Hoogezand,549 m²
Tournooistraat 2,Helmond,113 m²
Bizetstraat 12,Axel,207 m²
De Reusel 4,Goirle,1.145 m²
Narcisstraat 4,Giesbeek,135 m²
Landweerstraat-Noord 12,Oss,212 m²
Afrikalaan 77,Alphen aan den Rijn,223 m²
Stille Omgang 2,Lepelstraat,549 m²
Horstlindelaan 44,Enschede,347 m²
Parkweg 86,Vlaardingen,220 m²
de Hoek 13,Eethen,190 m²
Hoogeindsestraat 110,Helmond,210 m²
Heggerank 10,Cuijk,299 m²
Ouderkerkerlaan 30,Amstelveen,225 m²
van Gheselhof 10,Zeist,318 m²
Brilbeer 28,Heerhugowaard,340 m²
Dr Holwerdastraat 29,Wijk bij Duurstede,181 m²
Tiggeltsebergstraat 62,Rijsbergen,10.000 m²
D. Koddelaan 12,Zoutelande,634 m²
Frankenlaan 20,Tilburg,264 m²
Driewegenweg 3 a/b,Putten,415 m²
Kennedystraat 40,Heel,297 m²
Peppengouw 101,Almere,144 m²
Edelhertweg 41,Almere,141 m²
Rozelaar 3,Geffen,474 m²
M.A. de Ruijterstraat 142,Spijkenisse,135 m²
Spinetstraat 24,Etten-Leur,151 m²
Sint Janstraat 135,Sprundel,1.023 m²
Hertog van Gelrestraat 21,Rozendaal,337 m²
Zandpad 13,Breukelen,620 m²
Koolhof 7,Gilze,166 m²
Bosstraat 73,Swalmen,360 m²
Trageldijk 3,Coevorden,482 m²
Oostereind 20,Wachtum,850 m²
IJzerwerf 4,Nieuwegein,112 m²
Kettingpol 43,Herwen,267 m²
Frederik van Eedenhove 15,Nieuwegein,139 m²
de Wilde Zee 6,Wateringen,144 m²
Beemdstraat 28,Heesch,267 m²
Oranjefontein 45,Purmerend,119 m²
Nijverdalsestraat 71,Wierden,135 m²
De Lutteresweg 13 *,Lutten,28.830 m²
De Lutteresweg 13,Lutten,6.000 m²
Kostverloren 26,Nijkerk,144 m²
Tollenhof 26,Kesteren,154 m²
Ossecamp 10,Castricum,88 m²
van Rijckevorselstraat 8,Loon op Zand,430 m²
Meerkoet 9,Etten-Leur,161 m²
Vinkenbaan 11,Heiloo,251 m²
de Ruijterstraat 11,Son en Breugel,232 m²
Beukestraat 25,Krommenie,121 m²
Johannes Vermeerstraat 33,Spijkenisse,146 m²
Kamillestraat 5,Apeldoorn,143 m²
Schubertlaan 16,Hoogezand,521 m²
van Beethovenlaan 68,Hazerswoude-Rijndijk,188 m²
Klipgriend 73,Almere,195 m²
Singel 136,Bussum,241 m²
Retranchement 38,Gorinchem,150 m²
Groen van Prinstererstraat 39,Arnhem,149 m²
Coudorp 17,Nieuwdorp,590 m²
Wislaan 100,Uden,367 m²
Jan Dorrekenskade-Oost 67,Waddinxveen,73 m²
't Höltje 42,Helden,1.097 m²
De Loet 290,Castricum,95 m²
Burgemeester van der Venstraat 36,Vlijmen,263 m²
Amelterhout 63,Assen,464 m²
Emmerikseweg 64,Zutphen,245 m²
Voorstevliet 17,Werkendam,323 m²
Nijvelaar 7,Den Dungen,535 m²
Bruggemanlanden 73,Enschede,139 m²
Wagenaarstraat 301,Oss,261 m²
Melkwegsingel 1,Zwijndrecht,494 m²
Geel-groenlaan 23,Zoetermeer,126 m²
Swammerdamstraat 20,Amersfoort,130 m²
Blok 1 C,Krommenie,163 m²
Schoolkade 153,Musselkanaal,740 m²
Poolsterstraat 20,Apeldoorn,189 m²
Aetsveld 67,Vinkeveen,185 m²
Loostraat 49 D,Huissen,231 m²
Rialen 14,Assendelft,156 m²
Thaliastraat 133,Arnhem,155 m²
Juckemastate 12,Leeuwarden,162 m²
Ypendael 17,Baarn,310 m²
Kennemerstraatweg 217,Heiloo,360 m²
Brugstraat 5,Limmen,250 m²
Grasdreef 36,Eindhoven,111 m²
Pampagras 7,Houten,134 m²
Ringiastins 15,Leeuwarden,241 m²
Herenweg 46,Vinkeveen,955 m²
Dorpsstraat 104,Neerkant,4.005 m²
Karel Doormanlaan 109,Zoetermeer,159 m²
Molenstraat 76,Bunschoten-Spakenburg,195 m²
J.R. Thorbeckesingel 24,Papendrecht,128 m²
Boekweithof 9,Putten,1.035 m²
Maalacker 30,Vledder,360 m²
Hoofdstraat 5,Sassenheim,431 m²
Havikveld 1,Zoetermeer,294 m²
West 100,Avenhorn,291 m²
Gemondseweg 47,Schijndel,9.680 m²
Breedewaij 58,Hardinxveld-Giessendam,275 m²
Molengracht 34,Den Helder,118 m²
Veenland 5,Assendelft,255 m²
Paramaribostraat 106,Utrecht,63 m²
Willem Hedastraat 15,Alkmaar,87 m²
van der Capellenlaan 38,Zutphen,225 m²
Dahliastraat 7,Koog aan de Zaan,107 m²
Wegedoorn 13,Geldrop,2.326 m²
Simone de Beauvoirstraat 11,Nijmegen,179 m²
De Weverij 15,Steenbergen (NB),235 m²
Van Doesburgstraat 3,Amersfoort,111 m²
Steinstraat 29,Vaassen,181 m²
Noordweg 15,Oostvoorne,1.562 m²
K.J.Blokstraat 19,Wilhelminaoord,571 m²
Tulpstraat 34,Koog aan de Zaan,127 m²
Begoniastraat 18,Zwolle,105 m²
Merbau 157,Dordrecht,205 m²
St. Isidorusstraat 23,Leunen,115 m²
Frans Halsstraat 22,Meppel,135 m²
Braamkamp 308,Zutphen,146 m²
Zuiderlingedijk 5,Heukelum,815 m²
Loolaan 96,Driebergen-Rijsenburg,205 m²
Heemraadsweg 4,Ouderkerk aan den IJssel,720 m²
Kruisbergseweg 56,Doetinchem,574 m²
Tongelresestraat 13,Eindhoven,1.080 m²
Athenesingel 230,Den Haag,124 m²
Leo Gestelstraat 27,Almere,153 m²
Imkersdreef 305,Apeldoorn,198 m²
Stationsstraat 27 a-29,Twello,985 m²
Bongerd 32,Borne,289 m²
Coldenhovenseweg 52,Eerbeek,213 m²
Dovenetelweg 71,Zaandam,150 m²
Hobbemalaan 102,Alkmaar,152 m²
Rembrandtstraat 15,Vlijmen,309 m²
Zernikelaan 57,Schoonhoven,132 m²
Groen van Prinstererstr 8,Hoogezand,201 m²
Zr Persoonsstraat 5,Mariahout,272 m²
Touwslagerstraat 4,Beverwijk,100 m²
Zalkerbos 12,Hoofddorp,258 m²
Engweg 4,Lunteren,615 m²
Berkelstraat 18,Amersfoort,101 m²
Oosterweg M 34,Purmer (Gem. Waterland),704 m²
Van Leeuwenhoeklaan 65,Vlijmen,396 m²
Bruntingerbrink 140,Emmen,153 m²
M.H. Trompstraat 9,Spijkenisse,133 m²
Voirt 19,Nuenen,386 m²
Marnelaan 9,Son en Breugel,254 m²
Christinalaan 3,Vorden,1.146 m²
Kastanjedal 24,Maassluis,199 m²
De Genestetstraat 24,Etten-Leur,165 m²
Millweg 30,Arnhem,123 m²
Appelaarseweg 20,Fijnaart,560 m²
Betsy Westendorpstraat 21,Apeldoorn,167 m²
Juttestraat 5,Schoonoord,436 m²
Fahrenheitstraat 10,IJmuiden,141 m²
Jaspisdreef 5,Emmen,418 m²
Parnassiasingel 20,Helmond,294 m²
Portoricodreef 12,Utrecht,175 m²
Gruttersdreef 103,Apeldoorn,152 m²
Bovenbuurtweg 58,Ede,134 m²
Prins Bernhardstraat 8,Rijssen,205 m²
Caspar van Baerlehof 11,Beverwijk,347 m²
De Haarstraat 17,Nijkerk,214 m²
Spastraat 14,Hengelo (OV),199 m²
Voorlandseweg 32,Apeldoorn,381 m²
Heiveldstraat 72 A,Kerkrade,132 m²
Ruizendaallaan 10,Eemnes,127 m²
Laarwoud 7,Ede,285 m²
Gangeslaan 118,Purmerend,144 m²
Trechterbeker 65,Borger,615 m²
Verenwei 46,Arnhem,170 m²
Cornetkade 20,Leiden,98 m²
Javastraat 19,Den Bosch,141 m²
Eratolaan 11,Eindhoven,210 m²
Texelstroom 2,Emmeloord,171 m²
Pasteurweg 32,Leeuwarden,97 m²
Floralaan 147,Hardenberg,268 m²
Gouwestraat 3,Terneuzen,151 m²
Drontermeer 205,Purmerend,179 m²
Bisonstraat 43,Purmerend,136 m²
Marconistraat 28,Enschede,104 m²
Maarten Lutherweg 132,Amstelveen,156 m²
Lange Bedde 50,Breda,126 m²
Fagotstraat 4,Duiven,255 m²
P.C. Hooftstraat 20,Zoetermeer,139 m²
Boommarterstraat 39,Heijen,200 m²
Achter de Molen 28,Etten-Leur,896 m²
Zeelsterstraat 194,Eindhoven,189 m²
Roerdomp 7,Breda,235 m²
Dominee Bleekerhof 27,Abcoude,562 m²
Kruisweg 33,Bergen (NH),572 m²
Deutzhof 59,Assendelft,236 m²
Fluitenbergseweg 72 a,Fluitenberg,1.029 m²
Kalmoesberg 34,Roosendaal,121 m²
Bellefleur 9,Uden,204 m²
Veldstraat 9,Putten,230 m²
Bisschopsmolenstraat 227,Etten-Leur,247 m²
Zwanenveld 3015,Nijmegen,150 m²
Pastorieweg 11,Krewerd,426 m²
Azuriet 33,Leusden,184 m²
Reyersakker 6,Hedel,219 m²
Willem Lodewijkhof 2,Alkmaar,96 m²
's Heerenwei 51,Zevenbergen,918 m²
Voorlandseweg 37,Apeldoorn,115 m²
Weverskamp 38,Harderwijk,266 m²
John F. Kennedysingel 11,Melick,1.400 m²
Henegouwerhof 41,Bodegraven,161 m²
Julianalaan 24,Nieuwer Ter Aa,808 m²
Admiraal de Ruyterlaan 18,Uithoorn,419 m²
Huiskenshof 1,Roermond,217 m²
Dennenweg 1,Neede,13.500 m²
Fluitenbergseweg 72,Fluitenberg,1.707 m²
Het Boschloo 106,Warnsveld,497 m²
Pollux 43,Berkel en Rodenrijs,97 m²
Van Aremberglaan 6,Wateringen,154 m²
Springfontein 2,Purmerend,163 m²
Aan de Kromme Sloot 133,Uitgeest,154 m²
Amnestylaan 68,Middelburg,285 m²
Buorren 80,Houtigehage,4.544 m²
Van Polanenpark 91,Wassenaar,154 m²
Baambrugse Zuwe 117 A,Vinkeveen,1.408 m²
Kanaalstraat 40,Aalsmeer,137 m²
Liesbergerhout 8,Harderwijk,341 m²
Rodingsveen 160,'s-Heerenberg,764 m²
Irenestraat 1,Nederweert,1.585 m²
Mariastraat 19,Mariahout,685 m²
Clara's pad 12,Heinkenszand,1.020 m²
B. Vethstraat 63,Bergschenhoek,131 m²
Siriusstraat 26,Borne,137 m²
Alewijnlaan 4,Loosdrecht,148 m²
De Verwondering 9,Amersfoort,100 m²
Operadreef 28,Harderwijk,261 m²
Borgercompagnie 237,Borgercompagnie (Gem. Veendam),1.475 m²
Buitenwaarden 24,Grafhorst,382 m²
Sniedersweide 2,Aalten,483 m²
Bruggeschans 13,Leusden,148 m²
Bieskamp 58,Druten,250 m²
Andellaan 27,Noordwijkerhout,215 m²
Malvert 5129,Nijmegen,240 m²
St Theresiastraat 36,Eindhoven,196 m²
Veerpolderstraat 134 -b,Arnhem,107 m²
Aletta Jacobsstraat 61,Assendelft,134 m²
Markeweg 7,Wedde,1.307 m²
Delfland 34,Purmerend,208 m²
Columbusstraat 117,Hoek van Holland,146 m²
De Snieder 96,Groenlo,152 m²
Blauwkapelseweg 9,Utrecht,96 m²
Mgr Zwijsenstraat 17,Eindhoven,172 m²
Ahrdal 15,Capelle aan den IJssel,261 m²
Westerscheldestraat 135,Oost-Souburg,161 m²
De Lint 101,Zevenbergen,195 m²
Postweg 10,Leersum,167 m²
Hogerwoerdstraat 24 +Garage,Haarlem,123 m²
Henri Eversstraat 11,Bergschenhoek,234 m²
Pricksteenweg 58,Kerkrade,260 m²
Heer Arnoldstraat 41,IJsselstein,95 m²
Stiendollen 18,Oudemirdum,850 m²
De Bazelstraat 52,Rotterdam,165 m²
Koewei 107,Arnhem,148 m²
Bossestraat 126 b,Vogelwaarde,1.400 m²
Zuideinde 168,Oostzaan,328 m²
Genderensedijk 2 a,Genderen,629 m²
Heinsbergerweg 126,Roermond,255 m²
Marga Klompélaan 297,Arnhem,131 m²
Ahuislanden 76,Enschede,100 m²
Fortlaan 23,Numansdorp,568 m²
Cattepoelseweg 338,Arnhem,161 m²
Zuidlaan 69,Prinsenbeek,241 m²
Pastoor van Beurdenstraat 73,Tilburg,187 m²
Zuivelstraat 38,Oldenzaal,217 m²
Stedewaarts 15,Assen,342 m²
Nieuwe Veldjes 19,Twello,250 m²
Perengaarde 36,Houten,134 m²
Het Horseler 58,Warnsveld,428 m²
Wilgenlaan 15,Driebruggen,257 m²
Rhenendael 167,Rhenen,200 m²
Rietven 46,Enschede,141 m²
Kamperfoelie 4,Nieuwegein,141 m²
Ringvaartpark 37,Capelle aan den IJssel,527 m²
Zadelmakerstraat 58,Duiven,139 m²
Dr. Schaepmanlaan 69,Heemstede,175 m²
Berkenstraat 31 a,Boven-Leeuwen,394 m²
van Ostadestraat 11,Zaandam,181 m²
Nijlstraat 11,Spijkenisse,200 m²
Vaartdijk 3 s,Wormerveer,600 m²
Elzenhof 20,'s-Gravenzande,142 m²
Wederik 12,Reeuwijk,248 m²
de Hazelaar 10,Boxmeer,500 m²
Reggedal 20,Capelle aan den IJssel,148 m²
Nieuwe Sluisstraat 4 A,Schiedam,30 m²
Couwenhoven 6134,Zeist,171 m²
Korte Loostraat 37,Huissen,351 m²
Saturnusstraat 22,Haarlem,115 m²
Roerstraat 10,Emmeloord,249 m²
Stroodorpe 11 a,Sluiskil,262 m²
Gerbrandystraat 27,Vlissingen,242 m²
Aubade 63,Zaandam,205 m²
Kamelenspoor 448,Maarssen,145 m²
Prins Willem-Alexanderstraat 12,Pannerden,529 m²
Rijksstraatweg 36,Amerongen,1.096 m²
Spiering 6,Hellevoetsluis,235 m²
De Stelling 10 46,Lelystad,117 m²
Frans Halsstraat 3,Goes,180 m²
Lentemorgen 24,Uden,473 m²
Rogge-oord 1,Houten,754 m²
Hoofdstraat 45,Voorthuizen,295 m²
Vaartdijk 3 F,Wormerveer,725 m²
Parkwerf 84,Almere,104 m²
Binnenhof 15,Veldhoven,326 m²
Achter de Hoven 17,Sprang-Capelle,1.065 m²
Frederikstraat 2,Hardinxveld-Giessendam,176 m²
Wagenmaker 74,Wijchen,151 m²
Van de Bleekstraat 54,Terschuur,285 m²
Eelinkstraat 45,Winterswijk,401 m²
Ekersdijk 79,Enschede,210 m²
Fluessenlaan 16,Amsterdam,117 m²
Lage Esweg 71,Nijverdal,9.200 m²
Waghenaerdreef 6,Bergschenhoek,228 m²
Van Middachtenmarke 55,Zwolle,184 m²
Johan Stratiuslaan 12,Wolfheze,762 m²
Giekwerf 19,Zoetermeer,253 m²
Slochterstraat 88,Sappemeer,339 m²
Hazeleger 8,Zeewolde,260 m²
Noordereinde 259,'s-Graveland,126 m²
Prinsessenhof 36,Heemstede,196 m²
Parkweg 14,Rosmalen,441 m²
Poterne 5,Veldhoven,245 m²
Waterput 8,Cuijk,111 m²
het Swennink 15,Losser,311 m²
Johan van Galenplantsoen 16,Rijssen,779 m²
Spinbolmolen 33,Papendrecht,150 m²
Waalstraat 48,Almere,115 m²
Klaas Benninkstraat 33,Genemuiden,81 m²
Saffierdrift 6,Nieuwegein,114 m²
Ludingakerke 4,Drachten,201 m²
Kon.Wilhelminalaan 6,Nieuwleusen,397 m²
Vuurlibel 18,Son en Breugel,195 m²
Akkerwindestraat 38,Wijchen,242 m²
Rijperkerkpark 77,Tilburg,191 m²
Rustenburgerlaan 67,Haarlem,653 m²
Mariëndaal 95,Enschede,295 m²
Bleyenhoevelaan 1,Velsen-Noord,271 m²
Heereweg 59,Lisse,705 m²
Hoofdkade 48,Ter Apel,993 m²
Brouwerskamp 7,Nunspeet,260 m²
Kerkeland 38,Oosterbeek,157 m²
Wevershof 50,Prinsenbeek,140 m²
Van Zuijlen van Nieveltlaan 14,Barneveld,440 m²
Rapen-oord 7,Houten,218 m²
Drostlaan 59,Emmeloord,265 m²
Duinvlietstraat 15,Velsen-Noord,167 m²
Hullerweg 71,Nunspeet,680 m²
Rembrandtlaan 33,Terneuzen,147 m²
L. Zocherplantsoen 53,Velserbroek,117 m²
Kievietsprenk 3,Vlissingen,127 m²
Zacharias Jansenstraat 10,Middelburg,75 m²
Naardenstraat 15,Almere,141 m²
Pinksterbloemweide 12,Woerden,125 m²
Dahliastraat 8,Sint-Michielsgestel,218 m²
Potvisstraat 69,Amsterdam,102 m²
Achterweg 16,Wassenaar,245 m²
Atalantalaan 3,Aalsmeer,181 m²
Grutto 14,Hardinxveld-Giessendam,325 m²
Wagekamp 17,Valkenburg (ZH),143 m²
De Savornin Lohmanlaan 5,Hillegom,270 m²
Maarten Tromplaan 77,Twello,411 m²
Laan oud-Indiëgangers 114,Rijssen,272 m²
Zutphensestraat 151 A,Apeldoorn,307 m²
Oude Azaleastraat 12,Nijmegen,149 m²
Noorderdiep 410,Nieuw-Buinen,912 m²
Eifel 9,Helmond,173 m²
Bloemstede 315,Maarssen,169 m²
Marshallstraat 3,Oss,321 m²
Hoefijzer 11,Warnsveld,290 m²
Raadsherenveld 104,Apeldoorn,189 m²
Notenlaan 98,Sleeuwijk,351 m²
Speenkruid 19,Leeuwarden,181 m²
Lariestraat 35 a,Gemonde,565 m²
Brunellaan 17,Leerdam,413 m²
Bachstraat 10,Groesbeek,404 m²
Middenweg 49,Limmen,405 m²
Maarten Harpertsz. Trompstraat 23,Zutphen,143 m²
Bantswei 9,Anjum,8.177 m²
Whemelaan 5,Nunspeet,405 m²
Waverstraat 19,Eindhoven,210 m²
Vleutenseweg 458,Utrecht,80 m²
Wilhelminastraat 31,Huissen,240 m²
Geesterse Binnenweg 4 a,Borculo,368 m²
Hoflaan 42,Ede,161 m²
Karperstraat 81,Aalsmeer,265 m²
Isidorusplein 9,Beek en Donk,102 m²
Aalscholverlaan 23,Den Bosch,225 m²
1e Wormenseweg 204,Apeldoorn,625 m²
Sima 24,Beuningen (GE),165 m²
Boeg 94,Wijk bij Duurstede,177 m²
Schoenerstraat 22,Nieuw-Lekkerland,157 m²
Carolinenstraat 11,Stramproy,278 m²
Lavendelhof 23,Oosterhout (NB),170 m²
Dorpsstraat 11,IJzendoorn,305 m²
Groenstraat 52,Roosendaal,163 m²
Kinselmeer 24,Zaandam,101 m²
Leeghwaterstraat 10,Uitgeest,169 m²
de Olieslager 6,Heeze,182 m²
Staverdense beek 4,Biddinghuizen,541 m²
Boslaan 75,Dronten,1.596 m²
Noordstraat 60,Bodegraven,458 m²
Oldenzaalsestraat 139,Enschede,169 m²
Kasteel Daelenbroeckstraat 20,Roermond,302 m²
van Galenstraat 2,Borne,549 m²
Kwartelstraat 23,Leeuwarden,118 m²
Vrijburgstraat 40,Vlissingen,940 m²
Groninger Meeuwlaan 81,Barneveld,129 m²
Duinrugstraat 43,Almere,199 m²
Karekietstraat 28,Velp (GE),430 m²
Rijksweg 94,Limmen,243 m²
Strausslaan 3,Oss,532 m²
Eendjespoortstraat 14,Haarlem,67 m²
Torenbergerhout 8,Harderwijk,232 m²
Munnikenweg 125,Beverwijk,127 m²
Echtenstraat 102,Assen,178 m²
Maarschalkstraat 8,Mijdrecht,243 m²
Kraaijenbergstraat 32,Hattem,237 m²
Raanhuisstraat 14,Oosterbeek,222 m²
Drontermeer 17,Purmerend,129 m²
Egelpad 2,Zeewolde,251 m²
Terrastraat 26,Oudorp,180 m²
Graszode 20,Eindhoven,134 m²
Blijdestein 8,Ede,155 m²
Baanstraat 16,Beverwijk,95 m²
Sloetstraat 20,Zutphen,159 m²
Eikelenbergstraat 53,Alkmaar,115 m²
Dille 24,Nijverdal,253 m²
Harpdreef 36,Etten-Leur,165 m²
Beethovengaarde 90,Oss,243 m²
Plantsoenstraat 5,Malden,298 m²
Verfmolen 7,Heerhugowaard,220 m²
Bredeweg 316,Roermond,179 m²
Volgerweg 78,Zuidoostbeemster,13.220 m²
Klaproosstraat 1,Sint-Oedenrode,416 m²
Piacenzastraat 18,Vught,397 m²
Vaartweg 2,Smilde,985 m²
Pieter Verweijweg 20,Hoek van Holland,144 m²
Diependalstraat 2,Arnhem,690 m²
Tarwestraat 1,Putten,195 m²
Hoofdstraat 25 B,Hooghalen,1.836 m²
Volgerweg 78,Zuidoostbeemster,13.220 m²
Otto van Asperenstraat 4,Hoef en Haag,134 m²
Rotstuinlaan 19,Vleuten,104 m²
Spaarnrijkstraat 21,Haarlem,134 m²
Ottersveen 105,Spijkenisse,158 m²
De Wiersse 41,Almelo,135 m²
Turfhoofd 21,Oudenbosch,98 m²
Debussystraat 32,Zevenaar,165 m²
Donkeregaarde 55,Nieuwegein,145 m²
Molenberg 25,Reusel,335 m²
Trompstraat 48,Haarlem,140 m²
Mariënhagen 28,Rotterdam,198 m²
Johannes Vermeerstraat 11,Raamsdonksveer,183 m²
Roekenbos 19,Hoofddorp,128 m²
Geerteveld 32,Koog aan de Zaan,152 m²
Lindelaan 2,Krommenie,165 m²
Ovidiusstraat 12,Sittard,364 m²
Uranusstraat 20,Haarlem,134 m²
Zwanenveld 3752,Nijmegen,172 m²
Prunuslaan 63,Amstelveen,150 m²
Rijenpad 17,Almere,150 m²
Ligusterweg 5,Wijchen,260 m²
Essenerweg 39,Kootwijkerbroek,873 m²
Zwanenzijde 4,Leiden,153 m²
Goudsberg 6,Amersfoort,133 m²
Vlierbes 12,Borne,232 m²
Nassaupark 28,Baarle-Nassau,145 m²
1e Lunarelaan 37,Capelle aan den IJssel,125 m²
Korhoenlaan 70,Heemstede,156 m²
Brinklaan 16 B,Bussum,120 m²
Hittekamp 15,Leersum,219 m²
Nereusburg 33,Nieuwegein,143 m²
Stoofkade 7,Gouda,1.880 m²
Aztekenstraat 52,Purmerend,177 m²
Peel 8 b,Dronten,333 m²
Nagelhoutstraat 8,Holten,200 m²
Corversbos 170,Hoofddorp,140 m²
Getijdelant 70,Volendam,218 m²
Fagotdreef 17,Harderwijk,214 m²
Rijksweg 30,Herten,850 m²
Ahornhout 27,Assen,296 m²
Willem de Zwijgerstraat 102,Veen,218 m²
Ligusterstraat 26,Vaassen,144 m²
Graafschappad 8,Son en Breugel,292 m²
Bernard de la Faillebocht 36,Rotterdam,128 m²
Overtonstraat 8,Haarlem,439 m²
Lijsterbeslaan 35,Hillegom,110 m²
Krabbestraat 17,Eindhoven,162 m²
De Taling 54,Almelo,476 m²
Emmastraat 32,Goirle,180 m²
Koningin Julianastraat 78,Smilde,369 m²
Warmoesstraat 122,Wormerveer,125 m²
Sloelaan 17,Terneuzen,136 m²
Govert Bidloostraat 32 34,Den Haag,105 m²
Viaductstraat 72,Wamel,1.705 m²
Blokwetering 52,Culemborg,452 m²
Dr. Alphons Ariënsstraat 6,Amstelveen,156 m²
Hogesteeg 42,Amersfoort,200 m²
Stuurboord 10,Wijk bij Duurstede,131 m²
Haverschmidtstraat 97,Den Haag,99 m²
Meeuwenkant 54,Emmeloord,267 m²
Seminarielaan 2,Hoeven,505 m²
Tempelhof 31,Dalfsen,431 m²
Landgraaf 44,Eindhoven,148 m²
Enkhuizenstraat 1,Emmeloord,168 m²
A.J. Duymaer van Twiststraat 22,Deventer,130 m²
Romerswaalestraat 4 a,Zuiddorpe,202 m²
Armweide 13,Ruinen (Gem. De Wolden),4.639 m²
Strandwal 60,Vlissingen,197 m²
Meindert Hobbemastraat 63,Almere,204 m²
Zuiderwouder Dorpsstraat 28,Zuiderwoude,610 m²
Moleneinde 24,Diever,972 m²
Drossard de la Courtstraat 44,Gemert,400 m²
Groenendael 114,IJsselmuiden,251 m²
Eerste Hieronymus van Alphenstraat 96,Gouda,93 m²
Rietgors 19,Leusden,173 m²
De Vissert 5,Well (LI),25.445 m²
Benedenberg 17,Bergambacht,4.770 m²
Leliestraat 40,Deventer,613 m²
Heiblomsedijk 15,Berlicum,1.177 m²
Mr. van Zuylen van Nyeveltstraat 2,Waalwijk,145 m²
Ladderbeekstraat 106,Velsen-Noord,129 m²
Keizerstraat 9,Wormer,126 m²
Siciliëstraat 24,Almere,177 m²
Heeskesacker 1124,Nijmegen,210 m²
Baron van Nagellstraat 35,Voorthuizen,390 m²
Verheullaan 60,Bergschenhoek,116 m²
Bennebroekerweg 79,Rijsenhout,738 m²
Rozendael 157,Borger,320 m²
Gitaar 18,Ewijk,283 m²
Ligtenbergerdijk 18,Rijssen,425 m²
Dr. Schaepmanstraat 153,Assen,117 m²
Blaarthemseweg 18,Eindhoven,272 m²
Kamperfoeliestraat 9,Sint-Michielsgestel,182 m²
Gomarusstraat 33,Wagenberg,186 m²
Krekelzanger 89,Boxmeer,512 m²
Dijlehof 18,Amsterdam,90 m²
Slagenland 7,'s Gravenmoer,230 m²
Sint Jozefhof 11,Made,100 m²
Singel 10,Nieuwerkerk aan den IJssel,182 m²
Seisstraat 16,Middelburg,164 m²
Sambeekerf 10,Tilburg,298 m²
Limbahout 6,Zoetermeer,484 m²
Kruidenlaan 117,Nijverdal,249 m²
Vogelakker 30,Almere,932 m²
Luitstraat 22,Almere,129 m²
Duikerlaan 8,Wageningen,116 m²
Beneluxlaan 38,Geleen,199 m²
Insulindestraat 1,Doetinchem,365 m²
Batjanstraat 7,Enschede,142 m²
J.J. Allanstraat 357 A,Westzaan,272 m²
T.W.S. Mansholtstraat 49,Groningen,599 m²
Rijkevoortsedijk 14,Rijkevoort,2.165 m²
Ledeackerstraat 6,Tilburg,143 m²
Heulweg 3 a,Barendrecht,432 m²
De Tol 5,Woudenberg,242 m²
Torenberglaan 44,Eindhoven,286 m²
Rhijnauwensingel 469,Rotterdam,103 m²
Nijhofflaan 5,Blaricum,262 m²
Het Steen 5,Grootegast,495 m²
Schuttevaer 37 a,Hoogeveen,142 m²
Dorpsweg Ransdorp 91,Amsterdam,215 m²
Broersven 4,Heemskerk,224 m²
Tuinkersstraat 3,Voorhout,217 m²
Zevenhuizen 34,Hattem,207 m²
IJsselmondselaan 170,Rotterdam,199 m²
van Borselelaan 15,Veere,150 m²
Benthuizenstraat 15,Zoetermeer,690 m²
Roeklaan 3,Eindhoven,331 m²
Repelsestraat 5,Neerijnen,5.872 m²
Dorpsstraat 40,Bergen (NH),880 m²
Stroomrug 19,Cuijk,578 m²
Claude Debussystraat 59,Zaandijk,187 m²
Horstlaan 2 a,Almelo,273 m²
Meindert Hobbemastraat 71,Almere,204 m²
Buitenbos 5,Meteren,377 m²
Arkumerhemstraat 5,Sneek,158 m²
Berberislaan 143,Winterswijk,205 m²
Helmpad 2,De Zilk,147 m²
Europa-ring 203,Wierden,335 m²
Raaigras 3,De Goorn,286 m²
Johan van der Poortenlaan 65,Spijkenisse,221 m²
Westersingel 11 a,Burgum,900 m²
In de Mehre 32,Susteren,258 m²
Noordveen 2,Beilen,527 m²
Nettelhorst 65,Ede,112 m²
Veerstraat 1 a,Druten,506 m²
Valkenburgerweg 80,Rijnsburg,505 m²
Ruitjensakker 15,Lieshout,355 m²
Bakemastraat 69,Utrecht,123 m²
Watermolenstraat 8,Westzaan,171 m²
Kruislaan 1 B,Oostvoorne,2.290 m²
Kotterstraat 20,Alkmaar,209 m²
Frederik Hendrikstraat 4,Vroomshoop,700 m²
Pasteurlaan 20,Vlijmen,170 m²
Boomgaard 8 a,Koudekerke,243 m²
Zuideinde 188,Westzaan,720 m²
Pachtersveld 113,Apeldoorn,307 m²
Pa Pinkelmanstraat 24,Almere,498 m²
Pijperlaan 60,Zwijndrecht,133 m²
Yukonstraat 2,Spijkenisse,197 m²
Kennemerstraatweg 654,Heiloo,403 m²
Tweede Schoolstraat 5,Gouda,109 m²
Stationsstraat 81,Elsloo (LI),1.150 m²
Robijndijk 153 B,Roosendaal,987 m²
Brigantijn 39,Brielle,139 m²
Warande 196,Schiedam,170 m²
Oostmaasstraat 18,Rotterdam,77 m²
Frederik van Eedenplein 31,Heemstede,252 m²
Watermunt 13,Meppel,523 m²
Dudokplantsoen 5,Bergschenhoek,210 m²
Da Costastraat 92,Putten,283 m²
Grensvaart 15,Breda,160 m²
Dominicushof 51,Vianen (UT),206 m²
Oosterwijk WZ 71,Nieuw-Dordrecht,1.965 m²
Nieuwstraat 2,Helmond,90 m²
Azuurblauw 73,Zoetermeer,119 m²
Oostercluft 474,Steenwijk,148 m²
Santgors 40,Zuid-Beijerland,510 m²
Zwarteweg 10 a,Noordwijk (ZH),1.195 m²
Burg. Gaarlandtstraat 4,Gorinchem,182 m²
Cornelis Mertenssstraat 28,Utrecht,96 m²
Peperstraat 45,Gouda,451 m²
Gouvernestraat 31,Tiel,139 m²
Prozastraat 25,Gorinchem,295 m²
Van Leuffenpad 15,IJsselstein,137 m²
Van Boshuizenstraat 233,Amsterdam,127 m²
Nieuwe Wei 12,Gapinge,142 m²
Maasnielderweg 9,Roermond,618 m²
Prinses Beatrixstraat 20,Arkel,152 m²
Korte Hezeweg 1,Apeldoorn,308 m²
Marterweide 49,Nieuwegein,289 m²
Wilgenbeemd 28,Assen,165 m²
Bachplein 14,Maarssen,333 m²
Dr. Colijnstraat 3,Veenendaal,280 m²
Voorburgstraat 1,Loenersloot,222 m²
Roodkapje 2,Eindhoven,203 m²
Papenstraat 15,Deventer,166 m²
De Vlashoven 18,Noordwijkerhout,624 m²
Murraystraat 21,Pernis Rotterdam,157 m²
Overtonweg 18,Haarlem,133 m²
Chopinstraat 9,Groenlo,431 m²
Bourgondischelaan 23,Amstelveen,145 m²
Duval Slothouwerstraat 50,Doetinchem,158 m²
Dokter Hiemstralaan 108,Gorinchem,217 m²
de Bergkamp 6,Overloon,593 m²
Dijkstraat 43,Brielle,103 m²
Langestraat 10,Braamt,648 m²
Baak van Terneuzen 35,Amersfoort,116 m²
Duivenvoorde 38,Amstelveen,135 m²
Kruizemuntstraat 53,Apeldoorn,167 m²
Kayersdijk 88,Apeldoorn,249 m²
Ilpendamstraat 12,Zaandam,128 m²
Laan van Broekpolder 126,Beverwijk,93 m²
Valklaan 12,Eindhoven,332 m²
Vliervlinder 2,Diemen,131 m²
Joke Smitlaan 116,Voorschoten,120 m²
Haagdoornstraat 48,Arnhem,118 m²
Laan van Mariëndael 4,Sint-Oedenrode,219 m²
Regimentslaan 32,Zuidlaren,235 m²
Vlaanderenlaan 47,Nunspeet,272 m²
Laan van Koot 1,Wassenaar,422 m²
Finsterwoldepad 76,Arnhem,165 m²
Kolibrievlinder 13,Utrecht,135 m²
Purmerland 81 A,Purmerland,935 m²
Hofhooistraat 14,Dreumel,220 m²
Hagenweg 4,Beekbergen,594 m²
Regenwulpstraat 4,Zierikzee,566 m²
Stationsstraat 83,Elsloo (LI),40 m²
Burgemeester Nieuwenhuijsenstraat 54,Limmen,423 m²
Kalmoes 11,Berlicum,250 m²
Smidstraat 16,Ederveen,340 m²
Hegdambroek 1509,Nijmegen,148 m²
Thorbeckelaan 6,Etten-Leur,250 m²
Saltshof 2034,Wijchen,235 m²
Ambachtstraat 62,Hillegom,151 m²
De Lipizzaner 26,Dronten,299 m²
Marconihof 15,Beverwijk,224 m²
Mandenmakerstraat 1,Purmerend,159 m²
Anjelierstraat 19,Leeuwarden,142 m²
Kandelaarweg 91,Rotterdam,51 m²
Dr. J.J.P. Oudsingel 60,Rotterdam,140 m²
Gladiolenlaan 7,Bennebroek,127 m²
Boshuysenstraat 26,Katwijk (ZH),105 m²
Schoolstraat 6,Vrouwenpolder,666 m²
Schoollaan 5,Limmen,1.754 m²
Banakkerstraat 48,Etten-Leur,205 m²
Vinkenlaan 37,Noordwijk (ZH),225 m²
Bruggertstraat 263,Enschede,235 m²
Engelsbergenstraat 79,Eindhoven,467 m²
Douzastraat 24,Noordwijk (ZH),76 m²
Borgersstraat 2,Duiven,573 m²
Kennemerstraatweg 328,Heiloo,545 m²
Tulastraat 11,Rotterdam,111 m²
Boekweitstrjitte 68,Harkema,262 m²
Grensstraat 31,Beverwijk,50 m²
Bilderdijkstraat 12,Zwolle,122 m²
Korte Bergweg 37,Huis ter Heide (UT),391 m²
Dr Berlagelaan 15 m,Eindhoven,137 m²
Vivaldihof 26,Aalsmeer,101 m²
Laan van Zuidbroek 89,Apeldoorn,541 m²
Florastraat 34,Boven-Leeuwen,800 m²
Vrachelsestraat 36,Den Hout,2.225 m²
Blauwe Hoek 60 c,Doornenburg,1.280 m²
Baarsveen 215,Spijkenisse,116 m²
Stoofdijk 9,Dinteloord,385 m²
Beerze 72,Wijk bij Duurstede,232 m²
Cauwelaerseweg 23,Ulvenhout (Gem. Alphen-Chaam),3.477 m²
Schippersdonk 8,Breda,184 m²
Straussstraat 16,Lichtenvoorde,223 m²
Eeuwig Licht 95,Eindhoven,527 m²
Vogelkersgaarde 2,Gouda,420 m²
Lindenlaan 31,Lisse,158 m²
Nijverheidslaan 6,Musselkanaal,536 m²
Onder de Linden 42,Zevenaar,160 m²
Sittardstraat 35,Arnhem,161 m²
Kluinweideweg 1,Vaassen,19.812 m²
Sportlaan 40,Werkendam,596 m²
Schapendrift 3 a,Norg,975 m²
Gestelsestraat 129,Eindhoven,176 m²
Willem de Rijkelaan 41,Vught,124 m²
Lijsterbeslaan 25,Hillegom,110 m²
De Koolmees 17,Vriezenveen,309 m²
Flamingostraat 15,Wijchen,149 m²
Saturnusstraat 41,Sint Nicolaasga,162 m²
Klipperstraat 39,Zaandam,117 m²
Julianaweg 5,Wassenaar,1.590 m²
Rundezoom 21,Ter Apel,852 m²
Hofmuur 13,Houten,141 m²
Marterstraat 10,Bergen (LI),230 m²
Salamanderweide 22,Pijnacker,127 m²
Teugelaan 21,Schoorl,1.173 m²
Middenhoek 24,Loenen aan de Vecht,307 m²
Smaragd 11,Anna Paulowna,144 m²
Izaäk Evertslaan 4,Arnhem,553 m²
Floraplein 6,Eindhoven,199 m²
Kruislandstraat 7,Haaksbergen,558 m²
Badhuisstraat 30,Bergambacht,303 m²
Van der Maasstraat 1,Zoetermeer,127 m²
Frits Diepenlaan 14,Den Haag,263 m²
Loeffstraat 54,Waalwijk,491 m²
Christinalaan 3,Soest,181 m²
Emmastraat 3,Weesp,67 m²
Kromme Nieuwstraat 16,Oost-Souburg,180 m²
Wethouder Verrietstraat 80,Ooij,145 m²
Hof van Brussel 5,Doetinchem,132 m²
Elsweg 48,Apeldoorn,179 m²
Burg Kerssemakersstraat 38,Raalte,535 m²
Verlengde Bonedijkestraat 342,Vlissingen,321 m²
Boomstede 85,Maarssen,148 m²
Rozenstraat 28,Giesbeek,137 m²
Stetse 11,Grootebroek,152 m²
Glashorst 41,Scherpenzeel (GE),447 m²
Zweosplein 10,Herkingen,335 m²
Lage Witsiebaan 88,Tilburg,162 m²
Stadhouderserf 4,Hoevelaken,168 m²
Nijbrecht 6,Vledder,300 m²
Zuiderhaven 43,Harlingen,140 m²
Pastoor Kannelaan 23,Wilnis,164 m²
Annette Versluys-Poelmanstraat 14,Spijkenisse,209 m²
Jan Porcellisstraat 12,Boxmeer,420 m²
Griekenlandstraat 35,Bergen op Zoom,122 m²
Korensingel 9,'s-Heerenberg,740 m²
Genoenhuizerweg 3,Geldrop,968 m²
Lange Hofstraat 8,Zutphen,140 m²
Lammertsweg 45,Enschede,885 m²
Rondedans 2,Zuilichem,728 m²
Molenlaan 82 B,Honselersdijk,1.380 m²
Schoener 116,Amstelveen,146 m²
Hessenweg 253,Achterveld (UT),1.775 m²
Wolvenring 16,Breda,144 m²
Deurningerstraat 22,Hengelo (OV),173 m²
Lange Dreef 22,Veenendaal,145 m²
Heintje Davidspad 57,Zaandam,127 m²
den Bruijl 9,Velp (GE),890 m²
Herikebrink 50,Enschede,172 m²
Karel Doormanstraat 13,Den Bosch,423 m²
Koelgoorn 44,Diever,240 m²
Spoorlaan 28,Veenendaal,197 m²
Neptunus 59,Wijk bij Duurstede,150 m²
Roosje Vosstraat 71,Heemskerk,133 m²
Kampweg 9,Cothen,367 m²
Lithse Dijk 112,Lith,3.796 m²
Dr. Albert Schweitzerlaan 20,Benthuizen,151 m²
Sloetsweg 127,Hengelo (OV),209 m²
Geelvinckstraat 34,Castricum,350 m²
Oostzijde 200 D,Zaandam,112 m²
Schoolstraat 20,Oisterwijk,262 m²
Veldbloemenweg 137,Zaandam,182 m²
Bisschop Schrijnenplein 1,Roermond,673 m²
Vondellaan 23,Eindhoven,361 m²
Oostvierdeparten 1,Noordwolde (FR),8.170 m²
Westrikse Binnenweg 49,Prinsenbeek,152 m²
Mauritssingel 144,Leiderdorp,269 m²
Waag 44,Wijk bij Duurstede,265 m²
Tuinstraat 59,Zaandam,141 m²
Bertus Rimaweg 6,Den Haag,641 m²
Straatweg 153,Breukelen,414 m²
Rivierdijk 590,Hardinxveld-Giessendam,200 m²
Langestraat 77,Zaandam,129 m²
Vijverlaan 37,Arnhem,127 m²
Gerard Honthorststraat 12,Boxmeer,168 m²
Bisschopshof 3,Zevenbergen,450 m²
Zeedijk 13 a,Oudenhoorn,1.604 m²
Eikenlaan 13,Udenhout,325 m²
Bourgondischelaan 17,Amstelveen,161 m²
Pastoor Siebenstraat 6,Sint Odiliënberg,340 m²
Dragsholm 13,Hoofddorp,298 m²
Groen van Prinstererstraat 75,Vlaardingen,70 m²
Oud-Bodegraafseweg 51,Bodegraven,121 m²
Voorstraat 127,Stellendam,410 m²
Schietbaanweg 29,Enschede,208 m²
Harsseveldhoek 31,Enschede,126 m²
Populierenweg 14,Oudorp,164 m²
St. Crispijnstraat 128,Waalwijk,107 m²
Grutterijstraat 85,'s Gravenmoer,141 m²
Reigerstraat 31,Zaandam,113 m²
Laakse Oever 41,Zutphen,272 m²
Burgemeester Meijboomstraat 21,Rijnsburg,315 m²
Sneeuwroem 15,Twello,677 m²
Schotse Hooglandersstraat 61,Waspik,430 m²
Monnickskamp 23,Huizen,196 m²
Molenstraat 12,Berkel-Enschot,465 m²
Hoeveweg 9,Neede,330 m²
Balistraat 29,Enschede,208 m²
Norgerveste 3,Nieuwegein,290 m²
De Moesmate 251,Zutphen,269 m²
Heemsteedse Dreef 156,Heemstede,795 m²
Voorstraat 36,Woudenberg,163 m²
van Bergen IJzendoornpark 29,Gouda,1.575 m²
Roemer Visscherstraat 12,Almere,177 m²
Rondo 314,Sliedrecht,208 m²
Karel de Grotestraat 15,Wijk bij Duurstede,150 m²
Mauvestraat 9,Zaandam,119 m²
Kruilier 13,Oosterhout (NB),342 m²
Lekstraat 31,Spijkenisse,174 m²
Zutphenseweg 108,Eefde,672 m²
Weerhaan 22,Middelburg,238 m²
Collierstraat 51,Almere,223 m²
Stationsstraat 23,Elst (GE),616 m²
Altbroek 20,Zevenaar,258 m²
Perzikgaarde 21,Nieuwegein,129 m²
Carel Fabritiuslaan 4,Oegstgeest,163 m²
Kerkstraat 8,'s-Heerenberg,149 m²
Hudson 46,Den Haag,52 m²
Creutzberglaan 39,Beverwijk,313 m²
Dorpsstraat 9,Peins,713 m²
Lijsterbesstraat 38,Zuid-Beijerland,145 m²
Zigt 2,Warmenhuizen,289 m²
Orchideelaan 31,De Kwakel,164 m²
Rijnsburgerweg 72 A &B,Oegstgeest,720 m²
't Stort 14,Sliedrecht,128 m²
Penninghove 18,Zoetermeer,133 m²
Triangelstraat 37,Eindhoven,241 m²
Ramen 21,Alkmaar,87 m²
Graaf Floris 2 a,Huizen,159 m²
Zoete Brederodepad 5,Hoef en Haag,138 m²
Torenakker 57,Ruinen (Gem. De Wolden),522 m²
Sodawater 40,Houten,116 m²
Dotterbloem 6,Breda,818 m²
Laan van de Highlanders 39,Zutphen,502 m²
Luxemburglaan 53,Eindhoven,259 m²
Valkenweg 146,Apeldoorn,250 m²
Vreebergen 10,Assen,897 m²
Madeliefweide 74,Woerden,149 m²
Merwede 7,Heerhugowaard,153 m²
De Ontvangst 44,Apeldoorn,115 m²
Prins Hendriklaan 11,Brunssum,246 m²
B.G. Ruitenbeekerf 103,Nijkerkerveen,280 m²
Scheidingsweg 46,Roermond,318 m²
Enschedepad 31,Almere,110 m²
Groeningsestraat 25,Groeningen,531 m²
Sterkenburg 29,IJsselstein,127 m²
Purmerenderweg 198,Zuidoostbeemster,478 m²
Stentorstraat 37,Amsterdam,144 m²
Zwanenveld 2311,Nijmegen,252 m²
Eikelkamp 37,Epe,151 m²
Margrietlaan 33,Voorthuizen,1.298 m²
Wilgenlaan 12,Harderwijk,278 m²
Oude Bergerweg 52,Bergen (NH),313 m²
Hollandshof 24,Bodegraven,137 m²
Mauvekant 61,Nunspeet,115 m²
Nootdorpse Landingslaan 354,Den Haag,161 m²
Gerard Doustraat 4,Twello,210 m²
Vuurlijn 42,De Kwakel,1.164 m²
Julianastraat 8,Huissen,495 m²
Stricklaan 1,Heesch,443 m²
Veursestraatweg 48,Leidschendam,840 m²
Raaphorstlaan 71,Den Haag,120 m²
Grevenmacherhof 4,Eindhoven,131 m²
Marsstraat 32,Culemborg,328 m²
Oude Groenestraat 6 30,Oosterhout (GE),338 m²
Poelweg 24,Warmond,1.039 m²
Appelhof 20,Molenhoek,240 m²
Clara Wichmannstraat 76,Ridderkerk,134 m²
de Kroeskarper 38,Bergschenhoek,420 m²
Tolhûswei 40,Leeuwarden,280 m²
Cornelis Doetsstraat 5,Edam,189 m²
Groeneweg 5 A,Weesp,125 m²
Capelleweer 3,Hardinxveld-Giessendam,144 m²
Goodeslaan 14,Heiloo,163 m²
van Limburg Styrumstraat 25,Borculo,360 m²
Francisca Hoeve 41,Gouda,132 m²
Oostwal 27 a,Ootmarsum,212 m²
Arenberglaan 198,Breda,158 m²
Braamlanden 102,Enschede,140 m²
Spoorlaan 1,Heiloo,549 m²
Cingelwal 34,Wehl,528 m²
Adriaan Roggestraat 11,Zaandam,113 m²
Fuga 10,Oss,86 m²
Singel 246,Vlissingen,89 m²
Goudslagersgaarde 15,Den Haag,45 m²
De Veste 17,Heemskerk,385 m²
Swaalingestraat 59,Zoutelande,241 m²
Sint Barbarastraat 19,Vlijmen,288 m²
Kleibroek 10,Castricum,298 m²
Karel Doormanplein 12,Roermond,410 m²
Burgemeester H.J. Wichersstraat 1,Winschoten,570 m²
Harderwijkerweg 37,Harskamp,120.615 m²
De Linie 12,Gorinchem,119 m²
Moerdijkse Postbaan 23,Breda,750 m²
Eikklop 9,Oldemarkt,357 m²
Da Palestrinastraat 69,Purmerend,146 m²
Lorentzweg 109,Hilversum,132 m²
Buurtscheuterlaan 103,Ede,230 m²
Van Swindenstraat 61,Schiedam,75 m²
Baanakker 9,De Rijp,384 m²
Vuurvlindersingel 90,Utrecht,127 m²
Beethovensingel 188,Alkmaar,209 m²
Kerkstraat 233,Oostzaan,167 m²
Vlaardingenweg 847,Arnhem,212 m²
Caliskamp 18,Laren (NH),367 m²
Maandenweg 5,Almere,796 m²
Van Goorstraat 24,Tilburg,125 m²
Aan de Heerstraat 30,Westerhoven,219 m²
Voor-Oventje 30,Zeeland,950 m²
De Wolfshop 50,Heerhugowaard,367 m²
Bredalaan 113,Eindhoven,147 m²
Nieuwenhoornstraat 113,Rotterdam,119 m²
Cuyleborg 244,Maastricht,132 m²
Sint Anthonisdijk 3,Rijkevoort,604 m²
Adelaarstraat 52,Nispen,371 m²
Veldweg 41,Westzaan,289 m²
Merlijnshof 27,Prinsenbeek,141 m²
Dr Johan Picardtlaan 26,Rolde,423 m²
Jasmijnstraat 2,Nuenen,181 m²
Ringbaan-West 141,Tilburg,184 m²
Biezenveld 3,Meppel,235 m²
Koolweg 32,Elsloo (LI),585 m²
Voorende 31,Gorssel,303 m²
Incastraat 61,Purmerend,168 m²
Zebraspoor 424,Maarssen,197 m²
Rozenbos 2,Rheden,1.550 m²
Van Speyklaan 25,Harderwijk,271 m²
De Brink 44,Hardenberg,330 m²
Litslaan 37,Santpoort-Zuid,219 m²
Steigerdijk 127,Heerhugowaard,100 m²
Beethovenstraat 23,Haarlem,140 m²
Jachtlaan 285,Apeldoorn,285 m²
Liekendonk 7,Heeswijk-Dinther,1.089 m²
Elementen 77,Zeewolde,254 m²
Haarstraat 17,Weerselo,1.350 m²
Fransebaan 528,Eindhoven,192 m²
Augustuslaan 55,Beuningen (GE),241 m²
Langbroekerdijk B 27,Langbroek,4.790 m²
Ootmarsumsestraat 495,Almelo,386 m²
Nikestraat 3,Almere,222 m²
Kuunskop 49,Huissen,702 m²
Aalscholver 35,Papendrecht,194 m²
De Maasvallei 50,Oss,95 m²
Vervoornstraat 38,Putten,244 m²
Nassauhof 81,Terborg,130 m²
Margrietlaan 3,Zwartewaal,158 m²
de Marsjes 2,Hellendoorn,486 m²
Korteweide 174,Zuid-Scharwoude,148 m²
Baak van Ouddorp 16,Amersfoort,132 m²
Dordognestraat 6,Heemskerk,137 m²
Marconihof 1,Beverwijk,162 m²
Zoetemanring 2,Zuidland,201 m²
Geuldal 11,Capelle aan den IJssel,161 m²
Schout van Haestrechtsingel 104,Den Bosch,247 m²
Lobeliastraat 28,Arnhem,74 m²
Amiant 6,Leusden,180 m²
Texellaan 29,Son en Breugel,290 m²
Andes 6,Assendelft,225 m²
Tjalk 13 47,Lelystad,158 m²
Bremhoeven 10,Rosmalen,501 m²
Van Rootselaarstraat 5 d,Nijkerkerveen,134 m²
Gebr. Conijnstraat 6,Purmerend,352 m²
De Oude Munt 111,Amersfoort,115 m²
Appelternhof 10,Malden,227 m²
Parallelweg 19,Apeldoorn,168 m²
Raadhuisstraat 58 c,Nijkerk,221 m²
Harpdreef 59,Etten-Leur,137 m²
Zambezilaan 258,Purmerend,160 m²
Keienberg 21,Amersfoort,187 m²
Constantijn Huygensstraat 8,Gouda,67 m²
Dag Hammarskjöldlaan 9,Castricum,196 m²
Trommelstraat 61,Almere,155 m²
Rustenburgsweg 68,Oldebroek,671 m²
Waalstraat 68,Apeldoorn,266 m²
Harlingerweg 59,Franeker,330 m²
Tjalk 30 73,Lelystad,290 m²
Blauwedijk 11,Middelburg,248 m²
Bankraspad 14,Amstelveen,98 m²
Kooienswater 37,Zoetermeer,110 m²
Oude Haarlemmerweg 42,Castricum,166 m²
Schoutsweer 12,Sliedrecht,124 m²
Amersfoortseweg 28 A,Maarn,360 m²
Papaverstraat 23,Purmerend,165 m²
Pauwenlaan 34,Den Haag,230 m²
Amsteldijk Zuid 182,Amstelveen,1.970 m²
Rijnsburgerweg 4 514,Voorhout,267 m²
Tjalk 6,Capelle aan den IJssel,149 m²
de Doelderstraat 11,Terneuzen,136 m²
Hakselseweg 75,Ede,408 m²
Binnenvaart 21,Arnhem,69 m²
Jelgersmastraat 13,Haarlem,117 m²
Graaf Floris 58,Huizen,288 m²
Weteringweg 13,Nijmegen,162 m²
Parklaan 79,Hoofddorp,295 m²
Koeweide 41,Westervoort,154 m²
Meloenstraat 8,Nijmegen,238 m²
Van Leeuwenstraat 18,IJmuiden,73 m²
Lavendelstraat 38,Almelo,226 m²
Louise de Colignystraat 29,Castricum,141 m²
Taurusstraat 16,Spijkenisse,154 m²
Kerklaan 59,Wateringen,286 m²
Willem-Alexanderlaan 2,Haastrecht,189 m²
Uilevlucht 10,Heerenveen,918 m²
Meerkoetstraat 1,Beneden-Leeuwen,195 m²
Copepad 16,Alphen aan den Rijn,157 m²
Oudekerkpad 3,Broek op Langedijk,726 m²
Vechtstraat 1,Assen,453 m²
Goudenregenstraat 32,Tilburg,240 m²
Paulinapolder 58,Amersfoort,175 m²
Sterrebos 16,Hooglanderveen,314 m²
Hertenlaan 58,Lunteren,267 m²
Tulpstraat 19,Goes,229 m²
Jan Steenstraat 8,Sliedrecht,128 m²
Kievitsweer 1,Groot-Ammers,339 m²
Ericalaan 4,Leiderdorp,160 m²
De Ruyterstraat 24,Rotterdam,86 m²
Javastraat 62,Haarlem,83 m²
Kamperzeedijk 75,Genemuiden,361 m²
Winterkoninkje 75,Hoorn (NH),133 m²
Vossendijk 106,Nijmegen,245 m²
Bernard Zweerslaan 1,Voorschoten,322 m²
Landbuurt 40,Leeuwarden,154 m²
Jan van Mierlolaan 10,Amstelveen,139 m²
Wittebollestraat 57,Tilburg,99 m²
Irenestraat 3,Veendam,234 m²
Singel 34,Wijk bij Duurstede,84 m²
IJssel 23,Zaandam,528 m²
Hellendoornseweg 7,Mariënheem,405 m²
Prins Hendrikweg 28,Barneveld,548 m²
Claudiuslaan 42,De Meern,209 m²
Groeneweg 4,Mijnsheerenland,1.040 m²
Oranjelaan 4,Etten-Leur,257 m²
Julianaweg 79,Utrecht,127 m²
Crabethstraat 45,Gouda,257 m²
Wakerdijk 10,Purmerend,139 m²
Vloedlijn 11,Hoogvliet Rotterdam,120 m²
Lageveen 2,Zuidwolde (DR),2.067 m²
Arturo Toscaninistraat 59,Almere,185 m²
Valburgseweg 117,Elst (GE),268 m²
In het Want 8,Enkhuizen,151 m²
Korenbloemstraat 9,Alkmaar,62 m²
Stormerdijkstraat 13,Nieuwegein,162 m²
Karnweide 33,Nieuwegein,137 m²
Koningsvarenstraat 23,Wormer,156 m²
het Witte Zand 41,Overdinkel,397 m²
Hazelaar 120,Liessel,355 m²
De Trippen 16,Swifterbant,333 m²
Heiligenbergerweg 11,Leusden,8.300 m²
van Alcmaerlaan 3,Hoogmade,116 m²
Koraal 38,Katwijk (ZH),123 m²
Zevenbergenstraat 4,Eindhoven,135 m²
Plantage 2,Leiden,220 m²
Kievit 50,Rijssen,223 m²
Prickwaert 168,Sliedrecht,153 m²
Conradstraat 4,Hengelo (OV),190 m²
Namenstraat 13,Haarlem,146 m²
Sikkelstraat 4,Purmerend,108 m²
Verlaat 22,Heerhugowaard,758 m²
Voornhof 79,Voorhout,163 m²
Zoelensestraat 35,Kapel Avezaath (Gem. Tiel),3.370 m²
Cornelia Wilbrenninckstraat 22,Rotterdam,115 m²
Bloemenstraat 66,Milsbeek,720 m²
Sont 5,Zaandam,80 m²
Roggeweg 39,Elspeet,252 m²
van Duivenvoordestraat 30,Rijen,218 m²
Nieuwe Vlissingseweg 438,Middelburg,289 m²
Esdoornstraat 20,Steenbergen (NB),265 m²
Rembrandtlaan 32,Sprang-Capelle,205 m²
Bachlaan 12,Voorthuizen,203 m²
Gerberalaan 40,De Kwakel,246 m²
Meanderhof 109,Middelburg,142 m²
Burgemeester Haspelslaan 188,Amstelveen,146 m²
Schlatmaeckerstraat 26,Nijmegen,314 m²
Bredestraat 41,Huissen,183 m²
Aletta Jacobsstraat 64,Assendelft,120 m²
Kanaalmuur 4,Houten,143 m²
Chamonixlaan 208,Eindhoven,172 m²
Junostraat 30,Alphen aan den Rijn,130 m²
Australiëlaan 29,Alphen aan den Rijn,1.083 m²
Rijksweg 53,Smilde,20.000 m²
Postelkamp 3,Druten,203 m²
Molièrelaan 31,Eindhoven,148 m²
Kaspischestraat 6,Emmeloord,320 m²
Beemsterstraat 569,Amsterdam,381 m²
IJsvogelhof 20,Den Haag,116 m²
Oostzeestraat 206,Lelystad,136 m²
Rhienderinklaan 12,Warnsveld,1.090 m²
Ardennenlaan 14,Oldenzaal,140 m²
Schervenkreek 2,Spijkenisse,129 m²
De Hoeven 33,Druten,289 m²
Vinkenweg 52,Rijnsburg,2.060 m²
Nieuwmoerseweg 34,Achtmaal,28.470 m²
Pronkmos 15,Houten,181 m²
Landlust 11,Hoofddorp,180 m²
Hamersveldseweg 15,Leusden,1.620 m²
Darthuizerberg 19,Amersfoort,287 m²
De Markerichter 1,Borculo,360 m²
Larikslaan 8,Rhenen,144 m²
Prinsengracht 757,Amsterdam,214 m²
Hoogewoud 76,Zwaag,146 m²
Vogelenzangseweg 14 a,Hagestein,580 m²
Ardèchelaan 14,Eindhoven,311 m²
Bieslook 29,Uithoorn,190 m²
Soesterberghof 48,Nootdorp,117 m²
Hoeveveld 23,Molenhoek,1.265 m²
Dorpstraat 63,Echt,770 m²
Callenbachstraat 21,Nijkerk,850 m²
Workumstraat 11,Emmeloord,228 m²
Kinselmeer 2,Zaandam,119 m²
Jan de Jongstraat 2,Den Helder,801 m²
Kruiskamp 11,Swalmen,6.830 m²
Zandweg 18,Burgh-Haamstede,1.818 m²
de Gildekamp 5031,Nijmegen,280 m²
Van der Grondenmarke 34,Zwolle,127 m²
Kanaal O.Z. 9,Tiendeveen (Gem. Hoogeveen),4.060 m²
Parallelweg Zuid 3,Oud Gastel,820 m²
Wachtelstraat 25,Gouda,75 m²
Op de set 126,Nijmegen,230 m²
Venkel 31,Dronten,280 m²
Koornmaat 21,Braamt,690 m²
Donkerbos 24,Alphen (GE),266 m²
Bekermos 20,Nieuwerkerk aan den IJssel,130 m²
Zus Braunstraat 7,Amsterdam,120 m²
Ir Sassenstraat 32 A,Ulft,943 m²
Dianastraat 5,Almere,415 m²
Pauwoog 31,Zeewolde,200 m²
Van Goorswegje 13 a,Hierden,1.227 m²
Ko Donckerlaan 25,Amstelveen,302 m²
Vrijdomweg 46,Vlissingen,145 m²
Hofstraat 9,Hoeven,384 m²
Hof van Sion 6,Rijswijk (ZH),150 m²
Dora Ebbenhof 15,Nuenen,165 m²
Buerweg 7,Bergen (NH),3.000 m²
Jan Rijksenstraat 42,Almere,121 m²
Pekingsingel 81,IJsselstein,110 m²
Lazuursteen 9,Houten,157 m²
IJsvogelhof 18,Den Haag,117 m²
Noorder Parallelweg 8,Velp (GE),172 m²
Stroomrug 23,Cuijk,899 m²
Geerdinkserf 3,Dalfsen,694 m²
Straat van Corsica 152,Amersfoort,157 m²
David Teniersstraat 2,Helmond,288 m²
Jonagoldhof 22,Zoetermeer,154 m²
Bas de Blokrede 22,Capelle aan den IJssel,128 m²
Reuzenpandasingel 156,Heerhugowaard,170 m²
Sneekermeer 32,Zoetermeer,190 m²
Prinses Christinalaan 10,Bathmen,360 m²
Oud-Loosdrechtsedijk 73,Loosdrecht,743 m²
Brinkpoortstraat 5,Deventer,270 m²
Wislaan 82,Uden,215 m²
Bonifatiusstraat 16,Wijk bij Duurstede,191 m²
Gooiergracht 189,Laren (NH),285 m²
Langakkers 30,Druten,253 m²
Briljant 14,Middelburg,126 m²
De Brug 17,Apeldoorn,252 m²
Steltacker 22,Hooge Mierde,543 m²
Schapendrift 55,Blaricum,2.070 m²
Julianastraat 9,Numansdorp,131 m²
Klaprooslaan 42,Hoevelaken,221 m²
Bergeonstraat 16,Heiloo,461 m²
Lupinestraat 28,Capelle aan den IJssel,126 m²
Lindenlaan 45,Zaandam,60 m²
Watertuin 294,Barneveld,138 m²
Stavorenerf 8,Tilburg,279 m²
Jean Lotenpad 3,Middenbeemster,147 m²
Lindenlaan 8,Warnsveld,262 m²
Noorderbreedte 32,De Meern,144 m²
Steenbokstraat 33,Hazerswoude-Rijndijk,107 m²
Kornalijnstraat 31,Leiden,127 m²
G.L.Rutgersweg 51,Neede,885 m²
Sloe 14,Deurne,180 m²
Kerkenmaaijerskamp 58,Velserbroek,135 m²
Henry Fordstraat 6,Zwartewaal,173 m²
Oude Rijksweg 396,Rouveen,857 m²
Anthonie Duyckplein 18,Wassenaar,193 m²
Leeuwesteijn 13,Heenvliet,181 m²
Skâns 2,Winsum (FR),588 m²
Tramstraat 7,Schoonoord,329 m²
Ardealaan 30,Hillegom,220 m²
Geerstraat 38,Bergeijk,331 m²
Louis Zimmermannplein 104,Schiedam,155 m²
Schoolstraat 45,Krimpen aan de Lek,222 m²
Bezaan 19,Veenendaal,167 m²
Wieger Bruinlaan 34,Hoofddorp,155 m²
de Savornin Lohmanstraat 22,Nijmegen,150 m²
Dr. M.L. Kingstraat 56,Landsmeer,146 m²
Veghelsedijk 10 A,Erp,1.250 m²
Schegcamp 34,Houten,234 m²
Schoonzorgseweg 24,Sassenheim,175 m²
Top Naefflaan 46,Amstelveen,116 m²
Struikheide 27,Rotterdam,156 m²
Hoge Wal 59,Goirle,809 m²
Runenberghoek 33,Enschede,215 m²
Bergsmastraat 19,Uithuizermeeden,391 m²
Dokter Beumerstraat 1,Haulerwijk,807 m²
De Velden 218,Schiedam,128 m²
Brouwerijstraat 5,Koudekerke,290 m²
Meidoornlaan 14,Brummen,238 m²
Emminkhuizerberg 12,Amersfoort,137 m²
Jan Vermeerstraat 4,Tiel,157 m²
Hoofdstraat 28,Ossenzijl,729 m²
Hugo de Vriesstraat 67,Leiden,76 m²
Henry Dunantweg 174,Neede,125 m²
Grevelingenhout 170,Bruinisse,1.402 m²
Onder de Bos 103,Hulshorst,6.535 m²
Tivoliweg 60,Hulst,250 m²
Karnsberg 13,Etten-Leur,190 m²
Prins Bernhardlaan 52,Best,319 m²
Operetteweg 100,Almere,633 m²
Zwaluwborch 29,Rosmalen,273 m²
Irenelaan 3,Melick,960 m²
Sint Agneslaan 45,Wognum,460 m²
Bosstraat 47,Nieuw-Vennep,465 m²
Pastoor te Rielestraat 24 a,Braamt,420 m²
Zeelandlaan 13,Heemstede,122 m²
Pr.Beatrixlaan 30,Nieuwleusen,354 m²
Vuurvlinder 148,Apeldoorn,139 m²
Koninginneweg 56,Oud-Beijerland,178 m²
Floralaan 19,Rijnsburg,221 m²
Musschenbroekstraat 5,Eindhoven,155 m²
Pastorielaan 31,Veldhoven,248 m²
Binnenhof 47,Etten-Leur,745 m²
Bredaseweg 9,Chaam,1.271 m²
Penningweg 5 a,Hoevelaken,5.730 m²
Musicalstraat 48,Apeldoorn,164 m²
Kea Boumanstraat 66,Arnhem,108 m²
Maria Louiselaan 4,Oranjewoud,734 m²
Nijeveenseweg 14,Meppel,183 m²
Ringdijk 139,Rotterdam,112 m²
Uitdamstraat 22,Amersfoort,193 m²
Looveen 14 .,Wijster,9.919 m²
De Orion 61,Drachten,211 m²
Wilhelminaplein 7,Stein,285 m²
de Fjord 54,Emmeloord,153 m²
Herman de Manstraat 17,Harderwijk,399 m²
Monethof 39,Hoorn (NH),503 m²
Broek 3 B,Gieterveen,1.198 m²
Kruidenstraat 24,Bemmel,273 m²
Thijssestraat 59,Zaandam,97 m²
Dorpsstraat 31,Enschede,235 m²
De Waarden 179,Zutphen,112 m²
De Twee Roeden 15,Westervoort,770 m²
Jan Stoorvogelstraat 1,Maassluis,263 m²
Renoirhof 13,Hoorn (NH),233 m²
Merellaan 55,Anna Paulowna,146 m²
Huisingehof 24,Assen,475 m²
Johannushof 31,Nijmegen,289 m²
Oranjelaan 1,Moordrecht,156 m²
Poterne 4,Vijfhuizen,95 m²
Margrietstraat 37,Arnhem,163 m²
Acacia 40,Helmond,502 m²
Touwbaan 64,Maassluis,149 m²
Ereprijs 4,Meppel,322 m²
Prinses Marijkestraat 13,Neede,972 m²
Catsstraat 28,Goor,316 m²
Hoekland 8,Enkhuizen,195 m²
Emmastraat 27,Oosterbeek,169 m²
Vossenbrinkweg 51,Delden,600 m²
Burgemeester Van Heemstrakwartier 6,De Bilt,177 m²
Madridsingel 34,Alphen aan den Rijn,261 m²
Duivenvoordestraat 7,Alphen (NB),300 m²
Goudplevierhof 18,Middelburg,236 m²
Rijnlanderweg 1414,Nieuw-Vennep,10.000 m²
Rembrandtlaan 28,Huis ter Heide (UT),1.200 m²
Thorbeckelaan 52,Etten-Leur,459 m²
Bernhardstraat 29,Huissen,175 m²
Koningskers 18,Arnhem,284 m²
Spoorstraat 34,Dorst,775 m²
Papaver 11,Hoogvliet Rotterdam,133 m²
Iman van den Boschpad 2,Hoogvliet Rotterdam,220 m²
Dorpsweg 77,IJsselmuiden,199 m²
Oudegracht 167,Alkmaar,150 m²
Vaart NZ 109,Nieuw-Amsterdam,1.732 m²
Marsstukken 30,Aalden,617 m²
Laan van Zeeman 13,Heiloo,789 m²
Weimersedreef 2 a,Prinsenbeek,710 m²
Kerkstraat-zuid 3,Oeffelt,345 m²
Berkenlaan 33,Oisterwijk,354 m²
Laageinde 79 A,Waalwijk,340 m²
Valkenierslaan 271,Breda,265 m²
Wildenburgstraat 67,Leusden,145 m²
Koolmees 4,IJsselmuiden,292 m²
Goudenrijderstede 53,Cuijk,326 m²
van Gendtlaan 45,Bennebroek,151 m²
Vondellaan 23,Capelle aan den IJssel,158 m²
Goudenregenstraat 66,Capelle aan den IJssel,252 m²
Wolfertsplein 1,Wolphaartsdijk,126 m²
Jolandeplantsoen 6,IJsselstein,142 m²
Klaverstraat 25 A,Rotterdam,116 m²
Ravelplein 12,Gouda,127 m²
Parkelerweg 15,Twello,370 m²
Jacob van Ruisdaelweg 6,Ouderkerk aan de Amstel,166 m²
Elsstraat 44,Huissen,293 m²
Clusiuslaan 20,Limmen,315 m²
Hessenbergstraat 21,Zetten,327 m²
Poelenburgh 7,Monster,253 m²
Dr. Anthon van der Horstlaan 25,Naarden,400 m²
Elzehoutstraat 24,Helmond,157 m²
Want 1,Huizen,304 m²
Aria 34,Zaandam,202 m²
De Hove 18,Mook,115 m²
Kempenland 8,Riel,228 m²
Kromstraat 131,Oss,259 m²
Stellingmolen 36,Mijdrecht,202 m²
Conny Stuartlaan 78,Beverwijk,107 m²
Rens Prinshof 16,Heerhugowaard,231 m²
Hendrik Willem Mesdagstraat 10,Apeldoorn,509 m²
2e Brandenburgerweg 40,Bilthoven,266 m²
Homerusstraat 104,Apeldoorn,413 m²
Burg van Sevenhovenstraat 34,Stadskanaal,785 m²
Sandvisbaai 14,Purmerend,402 m²
Paulus Potterplein 19,Maassluis,125 m²
Postelein 10,Diessen,124 m²
Dr. J. Presserstraat 295,Den Haag,116 m²
Saarland 16,Purmerend,125 m²
Tulpenlaan 55,Bennebroek,170 m²
Gustaaf Gelderstraat 50,Almere,199 m²
Laurierplein 40,Eindhoven,140 m²
Componistensingel 18,Veenendaal,140 m²
Bernhard Fabritiuslaan 53,Gasselte,644 m²
Saturnussingel 218,Almere,100 m²
Amerika 23,Een,3.445 m²
Schildwacht 16,Gorinchem,158 m²
Troelstralaan 5,Hillegom,139 m²
Iepenstraat 18,Haarlem,142 m²
van Kinsbergenstraat 4,Eindhoven,450 m²
Dopheide 6,Leiden,134 m²
Wilhelminapark 30,Valkenswaard,247 m²
Prins Hendrikstraat 94,IJmuiden,55 m²
Kromme Slagen 7,Breda,249 m²
Schipsweg 3,Hattem,1.075 m²
Visserstraat 28,Steenbergen (NB),46 m²
Petrarcalaan 2,Utrecht,130 m²
Molendijk 88,Nieuwe-Tonge,922 m²
Waelstedelanden 30,Enschede,390 m²
Bosboom Toussaintlaan 3,Heemstede,263 m²
Avestein 34,Oss,253 m²
Van Oosten de Bruijnstraat 53,Haarlem,120 m²
Rubenslaan 74,Bergschenhoek,116 m²
Bernhardplaats 38,Hellevoetsluis,150 m²
Marga Klompéstraat 16,IJsselstein,71 m²
Koningin Julianastraat 16,Bergeijk,374 m²
Ligusterstraat 35 C,Amersfoort,496 m²
Elzenstraat 8,Vianen (UT),294 m²
Huygensdreef 19,Leiderdorp,176 m²
Scheuningskamp 4,Beilen,479 m²
Tiendmaatweg 25,'t Harde,225 m²
Zonnedauw 10,Mierlo,165 m²
Stationsweg 8,Oosterbeek,1.476 m²
Brahmsstraat 31,Zevenaar,447 m²
Van de Spiegelstraat 57,Vlissingen,106 m²
Smaragd 35,Mijdrecht,151 m²
Zwanenrecht 5,Assendelft,200 m²
Prins Bernhardstraat 49,Everdingen,470 m²
Zanderijweg 76,Apeldoorn,410 m²
Geneesherenhof 35,Oss,214 m²
Vissersdijk 45,Enkhuizen,90 m²
Prins Bernhardlaan 161,Veenendaal,136 m²
Rondweg 2 b,Schuinesloot,8.370 m²
De Hennepe 381,Tiel,193 m²
Kooilaan 17,Leiden,97 m²
Snekermeer 19,Zaandam,113 m²
Molenweg 51,Oostvoorne,525 m²
Van Limburg Stirumstraat 3,Warmond,112 m²
Bolero 125,Zwijndrecht,194 m²
Oude-Hoofdvaartsweg 25,Assen,1.605 m²
Ten Holtheweg 3 A,Steenwijkerwold,792 m²
Weidestraat 4,Apeldoorn,193 m²
Derpsestraat 21,Deurne,651 m²
De Buiskap 14,Dronten,116 m²
Jacob Roggebroodsteeg 15,Gorinchem,33 m²
Postelse Hoeflaan 104,Tilburg,154 m²
Potgieterstraat 19,Putten,199 m²
Kardeel 7,Zeewolde,197 m²
Weezenhof 6724,Nijmegen,201 m²
Lonnekerspoorlaan 282,Enschede,219 m²
Keizerstraat 6,Doetinchem,1.090 m²
Herman Heijermansstraat 46,Vleuten,133 m²
De Haal 100,Oostzaan,3.120 m²
Magnoliahof 31,Den Bosch,62 m²
Buinerdiep 16,Zaandam,129 m²
Potgieterstraat 19,Putten,199 m²
Zwolseweg 396,Wenum Wiesel,2.125 m²
Beerze 43,Wijk bij Duurstede,235 m²
Willem de Zwijgerlaan 143,Woudenberg,265 m²
Oorgat 3 D,Edam,430 m²
Speenkruid 26,Beilen,275 m²
Ridder Vosstraat 12,Geleen,426 m²
Atalantaberm 21,Houten,120 m²
Berg en Dalseweg 106,Nijmegen,254 m²
Mr. Harm Smeengestraat 12,Ruinen (Gem. De Wolden),578 m²
Den Otterleede 28,Barendrecht,150 m²
Bachstraat 30,Elst (GE),243 m²
Keerenderkerkweg 30,Stein,242 m²
Hoefstraat 26,Heijen,380 m²
Coeshoeck 9,Emmeloord,152 m²
Stoeiing 1,Sterksel,3.000 m²
Berlaarstraat 369,Amsterdam,142 m²
Vedergraslaan 46,Vleuten,119 m²
Van Uytrechtlaan 22,Castricum,280 m²
Cliviastraat 9,Den Haag,170 m²
Hof van Plettenburg 42,Nieuwegein,114 m²
Zadelmakersdonk 534,Apeldoorn,179 m²
Brouwershavenstraat 11,Berkel en Rodenrijs,139 m²
Enterij 29,Boskoop,205 m²
Fuik 43,Monnickendam,173 m²
Klinkenkampweg 10,Norg,266 m²
van Achteveltstraat 36,Zutphen,188 m²
Doyennéperenlaan 27,Vleuten,137 m²
Woestduinlaan 83,Doorn,2.239 m²
Zandstraat 14,Culemborg,132 m²
De IJzeren pot 37,Beusichem,127 m²
Prickwaert 58,Sliedrecht,152 m²
Hillsestraat 19 a,Babyloniënbroek,2.879 m²
De Haer 4,Oosterwolde (FR),637 m²
Witte Baan 16,Prinsenbeek,180 m²
Rijksstraatweg 101,Olst,5.790 m²
Delftlaan 227,Haarlem,153 m²
Rooijsestraat 77,Dreumel,163 m²
Waterwijzer 102,Lelystad,111 m²
Koekoeklaan 8,Leidschendam,776 m²
Laanderhof 13,Berghem,230 m²
Professor Zeemanstraat 19,Zandvoort,237 m²
Beciusstraat 13,Oost-Souburg,275 m²
Decimastraat 30,Leiden,119 m²
Westerstraat 92,Ruinen (Gem. De Wolden),905 m²
Hongarenburg 121,Den Haag,130 m²
Kerkstraat 17,Wouwse Plantage,410 m²
Gropiuslijn 32,Zoetermeer,174 m²
Stroomrug 9,Cuijk,1.000 m²
Snaarmanslaan 6,Alkmaar,208 m²
Dorpsstraat 73,Enschede,255 m²
Westerkade 51,Gouda,131 m²
Olieslagersstraat 19,Winschoten,129 m²
Delfland 21,Purmerend,151 m²
Fokkerstraat 16,Badhoevedorp,299 m²
Narcissenstraat 34,Purmerend,268 m²
Willem Verheidenstraat 2,Grave,380 m²
Raatakkers 4,Fluitenberg,1.222 m²
Sering 2,Cuijk,255 m²
Binnenhof 52,Etten-Leur,129 m²
Dorpsweg 3,Rockanje,510 m²
Korte Bredestraat 6,Nijmegen,276 m²
Herenkamer 7,Enkhuizen,128 m²
Charlotte van Pallandtlaan 31,Heemstede,141 m²
Vikinghof 1,Hoofddorp,331 m²
Saenredamstraat 89,Haarlem,105 m²
Molecatenstraat 23,Arnhem,160 m²
Meiveld 29,Oost-Souburg,199 m²
Het Avontuur 4,Amersfoort,151 m²
Julianastraat 8,Weesp,59 m²
Nieuw-Loosdrechtsedijk 196,Loosdrecht,1.060 m²
Kolklaan 37,Maarsbergen,211 m²
Prinses Marijkeweg 13,Houten,237 m²
Sideriusstraat 12,Sleen,277 m²
Koningslaan 3,Amstelveen,150 m²
Duke Ellingtonlaan 2,Eindhoven,563 m²
IJsselstraat 9,Middelburg,258 m²
Hamersveldseweg 1,Leusden,735 m²
Boeijerstraat 20,De Rijp,140 m²
Meloenstraat 68,Den Haag,121 m²
Wielsekade 25,Lopik,460 m²
Hoofdstraat 191,Epe,890 m²
Mosterdlaan 17,Barneveld,150 m²
Iepweg 17,Hengelo (OV),190 m²
Reinder Brolsmawei 27,Leeuwarden,152 m²
Noordenbos 1,Geertruidenberg,190 m²
Stalkruid 10,Heemskerk,123 m²
Soldeniersveld 102,Apeldoorn,223 m²
Brouwershof 2,Reek,568 m²
Kerkeland 31,Hagestein,425 m²
C.H. Moensstraat 36,Beverwijk,135 m²
Titus Brandsmastraat 11,Oldenzaal,346 m²
Kambalahout 3,Assen,525 m²
Prins Hendrikstraat 87,Alphen aan den Rijn,173 m²
Boslandweg 3,Rhenen,1.090 m²
Pastoor Elsenstraat 49,Helmond,831 m²
Lutulistate 55,Ede,171 m²
Söderblomstraat 208,Hoofddorp,268 m²
Vlaamse Gaai 27,Zeewolde,162 m²
Daliënwaerd 5,Den Bosch,77 m²
Meerlaan 157,Hillegom,262 m²
Graanakker 25,Heesch,344 m²
Utrechtsestraatweg 36 a,Nieuwegein,331 m²
Pinksterbloem 53,Kampen,144 m²
Hoofdweg 5,Peest,21.780 m²
Ganzenvoet 21,Driel,169 m²
Nic Beetsstraat 16,Putten,242 m²
Leidsevaart 218,Haarlem,102 m²
Vreewijk 28,Lisse,83 m²
Krabbescheer 7,Kampen,165 m²
Visseringstraat 20,IJmuiden,107 m²
Bredeweg 14,Roermond,732 m²
van Rijckevorselstraat 4,Driebergen-Rijsenburg,365 m²
Debijelaan 5,Schoonhoven,383 m²
Nobelstraat 93,Brielle,146 m²
Esdoornstraat 1,IJmuiden,89 m²
Het Ronsel 7,Hapert,344 m²
Leidekkersgilde 31,Houten,230 m²
Rockanjestraat 9,Almere,180 m²
Beversweer 5,Sliedrecht,105 m²
Faunalaan 53,Veenendaal,140 m²
Boswachtersveld 302,Apeldoorn,140 m²
De Ronge 58,Heiloo,432 m²
Schadewijkpad 2 b,Twello,1.000 m²
Pijlkruidmeen 27,Harderwijk,143 m²
Leerlooierstraat 12,Oss,201 m²
Damloperwerf 5,Leiden,150 m²
Grachtweg 19,Zierikzee,438 m²
Pimpernel 8,Dronten,977 m²
Jasmijnweg 8,Nunspeet,187 m²
Burgemeester Jansstraat 16 a,Kerkenveld,5.420 m²
Julianaweg 341,Utrecht,102 m²
Hoogravenseweg 108,Utrecht,146 m²
Laureijnestraat 38,Philippine,141 m²
Dwarslaan 8,Scheemda,235 m²
Ticheldreef 11,Druten,226 m²
Middendam 2,Alphen (GE),713 m²
Plaswijcklaan 17,Rotterdam,110 m²
Donaulaan 102,Purmerend,254 m²
Groeneweg 63,Schijndel,1.335 m²
Oosterenbanweg 44,Renesse,688 m²
Den Binnen 2,Nuenen,1.010 m²
Rozenpad 22,Berkel en Rodenrijs,146 m²
Maarse & Kroon Hof 40,Aalsmeer,189 m²
Carry van Bruggenstraat 1,Smilde,296 m²
Orchideestraat 4,Ittervoort,347 m²
Jan Lubbertsenlaan 15,Hoevelaken,313 m²
Parallelweg 144,Koog aan de Zaan,303 m²
Ruigenhoek 34,Gorinchem,140 m²
Essenburgh 20,Zeewolde,250 m²
Beiaardiershoeve 112,Apeldoorn,293 m²
Pastoor van Beijnenstraat 11,Hilvarenbeek,247 m²
Uitslagsweg 70,Hengelo (OV),328 m²
Rijksweg Zuid 12,Swalmen,178 m²
Sportlaan 8,Oldenzaal,998 m²
Parklaan 1,Lochem,649 m²
Korte Voren 19,Lochem,448 m²
Inktzwamsingel 23,Vleuten,140 m²
Esplanade 25,Hellevoetsluis,1.043 m²
Vlierlaan 180,Oosterhout (NB),200 m²
Valkenhoeve 31,Leusden,144 m²
Enkweg 10,Dieren,267 m²
Ringdijk 5,Vianen (UT),155 m²
Alberdingk Thijmstraat 22,Etten-Leur,153 m²
Zwingelstraat 8,Oss,177 m²
Paul van Ostaijenlaan 28,Berkel en Rodenrijs,256 m²
Hartmanstraat 18,Leiden,79 m²
Ebbehout 5,Zoetermeer,174 m²
Verdistraat 139,Bunschoten-Spakenburg,188 m²
Van der Duyn van Maasdamlaan 95,Hillegom,200 m²
Da Costastraat 67,Lekkerkerk,117 m²
Noordvlietstraat 25,Leeuwarden,153 m²
Buitenring 48,Middelharnis,166 m²
Wilsondreef 15,Ede,143 m²
Holtstek 14,Groningen,140 m²
Stationsweg 71,Velsen-Zuid,302 m²
Zwanendreef 4,Stolwijk,149 m²
Beeklaan 506,Den Haag,168 m²
Bosrank 79,Oude Wetering,251 m²
Erasmusstate 15,Ede,143 m²
Pastoor van Breugelstraat 156,Bosschenhoofd,1.105 m²
Ad van der Steurzoom 36,Bergschenhoek,123 m²
Kerkstraat 34 a,Kwintsheul,452 m²
Vinkelsestraat 35,Heesch,876 m²
Beemsterstraat 3,Edam,146 m²
Adama van Scheltemalaan 12,Blaricum,401 m²
Geukerdijk 4 a,Haaksbergen,481 m²
Verlengde Blokkenweg 8,Ede,470 m²
Zevenhuizerstraat 166,Bunschoten-Spakenburg,10.330 m²
Hermelijnakker 11,Houten,261 m²
Hoptuin 7,Wijk en Aalburg,134 m²
Leeuwerikstraat 59,Schoonhoven,118 m²
Veenmos 87,Boekel,254 m²
Op de Peperkamp 10,Wellerlooi,306 m²
Mosselweg 9,Blaricum,497 m²
Cissy van Marxveldtstraat 101,Almere,287 m²
Rhodenstraat 1,Rhoon,245 m²
Heemraadsingel 16,Raamsdonk,324 m²
Nabuccosingel 113,Nieuw-Vennep,174 m²
Herman Gorterstraat 4,Haarlem,132 m²
Houtsnijderslaan 4,De Meern,158 m²
Vaart Zz 94,Appelscha,608 m²
J.J. Allanstraat 447,Westzaan,820 m²
Groenerein 11,Cadier en Keer,1.305 m²
Beggelderdijk 8,Dinxperlo,458 m²
Nassaupark 2,Bosschenhoofd,511 m²
Armstronglaan 23,Reeuwijk,267 m²
Herdershof 45,Warnsveld,148 m²
Broekstraat 124,Nijmegen,391 m²
Koperwieklaan 12,Bilthoven,383 m²
Buitenkruier 86,Stompetoren,365 m²
Zevenhuizenseweg 33,Apeldoorn,373 m²
Van Schaikstraat 12,Oss,270 m²
Nicolaas Beetslaan 34,Assen,1.035 m²
Eindenhoutstraat 26,Haarlem,208 m²
Hoogstraat 13,Mill,647 m²
Hoefblad 1,Nieuwleusen,255 m²
Broedplaats 14,Apeldoorn,96 m²
Tuinfluiter 30,Nieuwe Niedorp,120 m²
Belcampohof 5,Almere,130 m²
Sterreschans 48,Oegstgeest,112 m²
Geerstraat 27,Etten-Leur,1.825 m²
Ring 12,Oud-Vossemeer,133 m²
Burgemeester Heijnenstraat 11,Swalmen,125 m²
Kruisherenborch 74,Rosmalen,134 m²
Galeistraat 39,Zaandam,97 m²
Burg. Vogelslaan 28,Oisterwijk,465 m²
Viscontistraat 72,Almere,124 m²
Kromgouw 60,Almere,175 m²
Hoge Rijndijk 159,Leiden,272 m²
Donsvlinder 38,Leiden,203 m²
De Bourbonstraat 23,Apeldoorn,332 m²
Wilhelminalaan 47,Hillegom,283 m²
Bernhardlaan 31 G,Groningen,269 m²
Koen Rozendaalstraat 7,Middenbeemster,193 m²
Hoefstraat 5,Dreumel,389 m²
Pieter Brueghellaan 10,Lopik,250 m²
Stoker 13,Druten,244 m²
Jacques Bloemhof 84,Hoorn (NH),206 m²
Doeveslag 107,Vollenhove,263 m²
Op de Bos 15,Maastricht,530 m²
Waemelslant 17,Westervoort,146 m²
Stevenzandsestraat 25,Tilburg,145 m²
Ouderkerkerlaan 23,Amstelveen,294 m²
van Bennekomlaan 9,Werkhoven,475 m²
Anjelierstraat 75,Barneveld,177 m²
Gouverneur Holvoetstraat 24,Den Bosch,583 m²
Berglaan 132,Zoetermeer,205 m²
Ringbaan-West 339,Tilburg,290 m²
Koningin-Julianalaan 67,Leersum,726 m²
Waterstadboulevard 150,Harderwijk,127 m²
Graafvorkhoek 8,Enschede,368 m²
Zilverschat 12,Cuijk,189 m²
De Hoek 4,Est,317 m²
Vlijtseweg 60,Apeldoorn,210 m²
Lingedijk 89,Gellicum,4.524 m²
Kruisstraat 120,Stein,560 m²
Amer 1,Chaam,653 m²
Oude Graafseweg 188,Nijmegen,245 m²
de Warring 43,Heerenveen,203 m²
Midden-Scheepvaartstraat 18,Hoek van Holland,111 m²
Herenweg 25,Rijnsaterwoude,330 m²
Willem Klooslaan 24,Vlissingen,217 m²
Tapiola 3,Almelo,278 m²
Avenbeeck 65,Hillegom,441 m²
Carthagolaan 10,Hillegom,141 m²
Parelduiker 12,Leusden,218 m²
Tongelaer 88,Hillegom,136 m²
Horsterweg 174,Ermelo,4.505 m²
Kikkerstraat 19,Den Haag,30 m²
Gladiolenveld 59,Castricum,277 m²
Rijnstraat 30,Den Bosch,162 m²
Wijnesteijnstraat 17 5,Nieuwegein,102 m²
Prins Bernhardlaan 3,Amersfoort,522 m²
Zilverdistel 23,Den Bosch,181 m²
Herenweg 280,Vinkeveen,895 m²
Kolderveense Bovenboer 11,Nijeveen,4.380 m²
Johannes Vermeerlaan 26,Hillegom,127 m²
Merelweg 11,Mill,629 m²
Wijnesteijnstraat 17 4,Nieuwegein,95 m²
Tolstoistraat 35,Zaandam,154 m²
Pegasusstraat 34,IJmuiden,140 m²
Marga Klompéstraat 49,Herten,339 m²
Eksterlaan 4,Huizen,2.131 m²
Korte Loostraat 20,Huissen,530 m²
de Genestetlaan 17,Soest,1.650 m²
Molenspil 16,Krommenie,118 m²
Brandenburgstraat 29,Uden,168 m²
De Deel 31,Biddinghuizen,228 m²
de Steeg 36,Angeren,289 m²
Sandbergstraat 1,Abcoude,475 m²
Bogerdlaan 7,Limmen,334 m²
Torenmolenerf 24,Gouda,185 m²
Jhr. Huydecoperstraat 11,Nigtevecht,314 m²
Citroenvlinderstraat 11,Veenendaal,131 m²
Ettenseweg 74,Sprundel,7.975 m²
Jaagweg 39,Avenhorn,520 m²
Stoffels 105,Uden,945 m²
Burgemeester van den Boschstraat 41,Amerongen,1.080 m²
Breelaan 108,Bergen (NH),660 m²
Lanen 91,Harlingen,126 m²
Jan Mankesstraat 9,Nunspeet,166 m²
Poortwachter 106,Amstelveen,135 m²
Alpert van Metzhof 1,Amsterdam,81 m²
Capelseweg 222,Capelle aan den IJssel,182 m²
Europaweg 116,Nieuw-Schoonebeek,969 m²
Smidse 109,Schaijk,377 m²
Pop Dijkemaweg 96 C,Groningen,949 m²
1e Esweg 96,Wierden,350 m²
Akkerstraat 45,Gaanderen,436 m²
Schelpweg 21,Strijen,560 m²
Dr. Kortmannweg 14,Venray,3.060 m²
Willem van Arkellaan 2,Gorinchem,120 m²
Heereplaats 23,Rozenburg (ZH),219 m²
Jan van Ghestellaan 1,Rotterdam,203 m²
Zwolseweg 8,Ommen,972 m²
Boskamp 32,Roden,510 m²
P. Ellingstraat 27,Almere,396 m²
Reggestraat 2,Nieuwegein,91 m²
Pasteurlaan 2,Vlijmen,212 m²
Proostdijstraat 40,Mijdrecht,216 m²
Striene 3,Maasdam,426 m²
Beverveen 403,Spijkenisse,118 m²
Loenensestraat 179,Den Haag,103 m²
Schoterlandseweg 16,Jubbega,2.400 m²
Papenpad 4 c,Zaandam,113 m²
Witte de Withplein 36,Hellevoetsluis,233 m²
Platinastraat 31,Apeldoorn,255 m²
Machiel van Marlepad 14,Zaandam,115 m²
Venneweg 7,Goirle,432 m²
Hunnenpad 2,Putten,2.075 m²
Melissehof 23,Wierden,310 m²
Tiberstroom 6,Zoetermeer,268 m²
Henri Dunantsingel 56,Castricum,265 m²
Noorderes 26,Assen,430 m²
Vergeet-mij-nietjestraat 29,Almere,166 m²
Mesdagstraat 10,Groenlo,434 m²
Secretaris Mulderweg 26,Nunspeet,156 m²
Het Spul 35,Leusden,193 m²
De Heerd 27,Hoevelaken,235 m²
Sluisstraat 4,Veghel,371 m²
Nibbixwoudstraat 8,Amsterdam,81 m²
Meeresteinstraat 22,Tilburg,1.046 m²
Molenweg 14,Klarenbeek (Gem. Voorst),355 m²
Sientje Mesdag-van Houtenstraat 137,Spijkenisse,162 m²
Kleine Wiel 33,Beneden-Leeuwen,243 m²
Bernhard Fabritiuslaan 26,Gasselte,768 m²
Olmenlaan 155,Zwanenburg,147 m²
Straatweg 105,Breukelen,239 m²
President Van Rijenlaan 96,Hoeven,209 m²
Mandenmaker 12,IJsselstein,99 m²
Corneliusstraat 56,Steenbergen (NB),270 m²
Kempen 57,Haarlem,180 m²
Wilde-Landweg 20,Nunspeet,717 m²
Waardenburgstraat 7,Tilburg,150 m²
Kalverkampen 24,Spier (Gem. Midden-Drenthe),501 m²
Munnekenweg 5,Ruinen (Gem. De Wolden),10.024 m²
Boorn 33,Zwolle,413 m²
Scheerwoldestraat 24,Emmeloord,233 m²
Roerstraat 39,Oost-Souburg,132 m²
Oude Zeeweg 51 a,Noordwijk (ZH),669 m²
Wolfsdonk 9,Bavel (Gem. Breda),403 m²
Molendijk 32 D,Stad aan 't Haringvliet,657 m²
Rode Ring 118,Assendelft,169 m²
Lieve Geelvincklaan 37,Loosdrecht,299 m²
Oude Baan 15 A,Hulten,430 m²
Agostraat 35,Ter Apel,550 m²
Nachtegaalstraat 29,Oosterhout (NB),270 m²
Spitsbrug 10,Afferden (LI),10.025 m²
Johan Winklerwei 441,Leeuwarden,149 m²
Lunalaan 2,Aalsmeer,260 m²
Griftlaan 8,Eindhoven,141 m²
Jonkheer Ramweg 21,Schalkwijk,525 m²
Vellerselaan 116,Barneveld,139 m²
de Pirk 90,Vaassen,150 m²
Nieuwe Maanderbuurtweg 69,Ede,231 m²
Kon Wilhelminaweg 46,Amerongen,269 m²
Lothariusstraat 5,Wijk bij Duurstede,177 m²
Vuursteen 56,Heemskerk,333 m²
Kleine Huiswei 18,Teteringen,134 m²
Wessel Gansfortweg 79,Rotterdam,134 m²
De Ontvangst 149,Apeldoorn,103 m²
Koningin Beatrixstraat 47,Nunspeet,342 m²
Ooftstraat 3 a,Utrecht,79 m²
Sprietzeil 52,Almere,179 m²
Hein Tuijpstraat 22,Volendam,102 m²
Mecklenburgerstraat 4,Leiden,78 m²
Johan Willem Frisostraat 44,Zoetermeer,183 m²
Esplanade 22,Hellevoetsluis,580 m²
Jensemaborg 9,Stadskanaal,668 m²
Jollesstraat 5,Arnhem,1.368 m²
Oudegracht 201,Alkmaar,47 m²
Hoflanderweg 105,Beverwijk,633 m²
Koperwiek 10,Boxmeer,223 m²
Molenhei 20,Vught,134 m²
Dalgrond 2,Surhuisterveen,511 m²
Laurastraat 9,Hengelo (OV),317 m²
Buizerd 38,Blaricum,198 m²
Europaweg 4,Helmond,867 m²
Meester Piparduslaan 22,Den Bosch,233 m²
Lierstraat 50,IJmuiden,211 m²
Regthuysstraat 7,Leidschendam,122 m²
Garderenseweg 21,Putten,555 m²
Vulcanusstraat 5,Apeldoorn,280 m²
Bitgumerdyk 1,Menaam,4.340 m²
Van Polanenpark 336,Wassenaar,169 m²
Mariniersweg 10,Oud-Beijerland,211 m²
Pelmolen 25,Maassluis,198 m²
Notarisappelgaarde 10,Amersfoort,184 m²
Heemskerkerweg 95,Beverwijk,210 m²
Noordikslaan 4,Almelo,478 m²
Boslaan 7,Zeist,496 m²
Dijk 1 A,Montfort,150 m²
Buurkerkhof 9,Utrecht,48 m²
Govert Oostwoudpad 7,Zwaag,133 m²
De Stanzerij 2,Alphen (NB),293 m²
Vlettevaart 3,Steenbergen (NB),270 m²
Tullekensmolenweg 103,Lieren,666 m²
Kelderweg 13 B,Ouddorp,678 m²
Buitenhof 12,Meteren,120 m²
Kasteelstraat 12,Vlissingen,110 m²
Newtonlaan 49,Vlijmen,225 m²
Copernicuslaan 14,Hoogeveen,508 m²
Boschdijk 385,Eindhoven,169 m²
Taagdreef 39,Utrecht,141 m²
Cammingastraat 23,Franeker,283 m²
Robijndrift 48,Nieuwegein,128 m²
Zeelsterstraat 52,Eindhoven,151 m²
Schuitvlotstraat 6 a,Grijpskerke,2.953 m²
Dam 38,Arkel,144 m²
Schoonebekerstraat 19,Utrecht,88 m²
Eikenhof 10,Ede,157 m²
Hazeleger 16,Amerongen,153 m²
Dr. Poelsstraat 59,Oosterhout (NB),118 m²
Grote Bredeplaats 25,Harlingen,233 m²
Jac Catsstraat 93,Putten,293 m²
Havikenhof 14,Varsseveld,448 m²
Zuiderkade 9,Ede,232 m²
Schildmanstraat 60,Hendrik-Ido-Ambacht,190 m²
Elmore Jamesstraat 12,Middelburg,197 m²
Arcadialaan 41,Alkmaar,165 m²
Keplerstraat 223,Nijmegen,25 m²
Kostedeweg 5 -5A,Vorden,1.245 m²
Achterweg 84,Nieuwe Wetering,247 m²
't Kerkestuk 38,Reeuwijk,148 m²
Veldsweg 93,Nijverdal,226 m²
Zaling 106,Papendrecht,198 m²
Cassinstraat 25,Middelburg,544 m²
Vogelwikke 16,Leusden,170 m²
Duizendguldenkruid 3,Amersfoort,158 m²
Zaagmolenweg 18,Beek en Donk,221 m²
Marknessestraat 30,Tilburg,147 m²
Julianalaan 6 A,Zevenaar,320 m²
Scholekster 18,De Lier,248 m²
Ter Apelkanaal Oost 80,Ter Apelkanaal,950 m²
Middelweg Oost 48,Wijk bij Duurstede,150 m²
Jeroen Boschstraat 80,Rijen,271 m²
Hoefsmid 25,Oldenzaal,134 m²
Anna Boelensgaarde 14,Amersfoort,175 m²
Havikskruid 49,Berghem,286 m²
Jan Muisstraat 25,Roggel,213 m²
Veenslagen 34,Amersfoort,219 m²
Willem de Clercqstraat 85,Almelo,277 m²
Laan van Gildestein 11,Nieuw-Vennep,300 m²
Keteldiepstraat 9,Enschede,150 m²
Urnenveld 4,Goirle,1.600 m²
Bluesroute 45,Middelburg,273 m²
Beverhoeve 22,Leusden,157 m²
Merelplantsoen 48,Roelofarendsveen,145 m²
Douglashout 64,Eindhoven,135 m²
Badhuisstraat 67 69,Vlissingen,245 m²
Saksenpoort 6,Houten,128 m²
Willem Alexanderstraat 25,Randwijk,216 m²
Keulse Vaart 100,Diemen,123 m²
Prins Clausstraat 1,Nunspeet,137 m²
Lange Dreef 94,Rijswijk (ZH),174 m²
Jan Oldenburgerstraat E 114,Nieuwe Pekela,461 m²
Vondellaan 30,Oosterhout (NB),148 m²
Zuiderlicht 47,Heerhugowaard,236 m²
Vastertlanden 60,Enschede,167 m²
Burgemeester Albertiplein 19,Krommenie,166 m²
Raadhuislaan 7,Maarn,332 m²
Beatrixstraat 41,Emmen,231 m²
Waterdrieblad 28,Oudkarspel (Gem. Dijk en Waard),374 m²
Bosstraat 1,Udenhout,578 m²
Corlaerstraat 35,Nijkerk,398 m²
Triangelstraat 23,Eindhoven,250 m²
Blauwe Beugelstraat 6,Rijsenhout,360 m²
Gargonstraat 29,Serooskerke (Gem. Veere),634 m²
Rio Grandelaan 49,Overveen,185 m²
Kolk 3,Oud Ade,166 m²
Eerste Stationsstraat 67,Zoetermeer,719 m²
Akkerwinde 4,Alblasserdam,103 m²
Pellekaanstraat 4,Koog aan de Zaan,132 m²
Prins Hendriklaan 19,Rijswijk (ZH),210 m²
Reaal 29,Hoorn (NH),219 m²
Drostenkamp 11,Raalte,358 m²
Statenlaan 140,Middelburg,135 m²
Barbesteinweg 19,Heinkenszand,15.480 m²
De Nova Cura 152,Drachten,268 m²
Easter Omwei 44,Hurdegaryp,503 m²
Kennemerstraatweg 119,Alkmaar,250 m²
Wierdensestraat 132,Rijssen,2.100 m²
Pagnevaartweg 4,Oudenbosch,1.008 m²
Sleutelbloem 36,Breda,139 m²
Burgemeester Joostenlaan 5,Roermond,310 m²
Smeetsstraat 45,Stein,578 m²
Binnenweg 5,Elspeet,235 m²
Marijkeplein 7,Etten-Leur,208 m²
Kolklaan 35,Maarsbergen,211 m²
Weststraat 27,Aardenburg,169 m²
De Streep 5,Assendelft,125 m²
Zadelmakerstraat 3,Sevenum,280 m²
Brunstingerstraat 20,Beilen,173 m²
Koningin Wilhelminastraat 20,Huizen,288 m²
Maandenweg 19,Almere,737 m²
Kromwijkerkade 27,Woerden,153 m²
Lievelandsbuurt 2,De Rijp,231 m²
Terborgseweg 6,Dinxperlo,635 m²
Jacob Catsstraat 19,Castricum,189 m²
Dobbenwal 79,Assen,295 m²
Spoelsterstraat 10,Haaksbergen,212 m²
Gezina van der Molenlanden 10,Enschede,689 m²
Valkenierslaan 227,Breda,130 m²
Patrijzenlaan 35,Doorwerth,140 m²
Dr Cuijpersstraat 4,Oudenbosch,321 m²
Oostertuinen 56,Beverwijk,127 m²
de Gildekamp 2361,Nijmegen,178 m²
Steenakker 20,Nuenen,212 m²
Ommerweg 18,Zuidwolde (DR),1.770 m²
Prins Hendrikkade 69,Zaandam,90 m²
Barbara van Meertenstraat 7,Zaandam,121 m²
Acacialaan 6 A,Doetinchem,618 m²
Samuelstraat 4,Nijverdal,250 m²
de Schop 41,Lieshout,248 m²
Sientje Mesdag-van Houtenstraat 133,Spijkenisse,157 m²
Moensplein 16,Beverwijk,128 m²
IJssellaan 72,Gouda,146 m²
Paddevenweg 2,Veldhoven,1.025 m²
Frans Hanegraafstraat 20,Hank,518 m²
Haven 38,Maassluis,64 m²
D.J. van Wijkstraat 14,Geldermalsen,357 m²
Hemelboog Binnen 8,Heerhugowaard,355 m²
Bovenbrugstraat 13,Arnhem,181 m²
Kastanjelaan 4,Stadskanaal,676 m²
Seringweg 25,Nunspeet,160 m²
Marialaan 15,Milheeze,629 m²
Vlielanderstraat 30,Pernis Rotterdam,115 m²
Zuidstraat 11,Westkapelle,154 m²
Schoolstraat 32,Apeldoorn,57 m²
Hopveld 15,Beneden-Leeuwen,152 m²
Noachstraat 33,Leiden,192 m²
Valkenkamp 34,Driebergen-Rijsenburg,159 m²
Wilgenlaan 44,Renswoude,131 m²
Onze Lieve Vrouwestraat 10,Heteren,678 m²
Anton Mauvelaan 27,Vlissingen,130 m²
Catshoek 13,Alkmaar,131 m²
Boorsmastraat 14,Katwijk (ZH),124 m²
Achterdijk 31,Ouderkerk aan de Amstel,590 m²
Lange Heul 203,Bussum,140 m²
Boschovenseweg 2,Baarle-Nassau,969 m²
Gerbrandystraat 24,Vlissingen,620 m²
Korenbloemstraat 32,Scharendijke,498 m²
Padangstraat 38,Haarlem,102 m²
Jan Luykenstraat 20,Utrecht,63 m²
Kuilenven 10,Goirle,815 m²
Engewormer 8,Wormer,240 m²
Hoefblad 121,Best,133 m²
Lindestraat 17,Hendrik-Ido-Ambacht,310 m²
Dr Zamenhofpad 4,Schiedam,99 m²
Acacialaan 28,Diessen,459 m²
Oude Bredasepostbaan 2 a,Hoeven,12.940 m²
Sint Janstraat 29,Nuland,370 m²
Brandnetel 31,Zwaag,124 m²
Zilvermeeuwstraat 19,Maassluis,199 m²
Zouavenstraat 6,Den Bosch,420 m²
Beatrixlaan 49,Vlissingen,130 m²
Abeelenlaan 1,Bennebroek,475 m²
Bennekomseweg 75,Wageningen,1.453 m²
Albert Schweitzerstraat 2,Groesbeek,782 m²
Atalanta 30,Krommenie,132 m²
Lange Noordstraat 33,Middelburg,318 m²
Veldstraat 7,Putten,401 m²
Liniestraat 18 C,Ochten,525 m²
Lekdijk 21,Hagestein,500 m²
Broekweg 38,Ouddorp,2.000 m²
Schoutsakker 13,Schoorl,1.563 m²
Oosteresstraat 74,Borger,226 m²
Kabeljauwallee 23,Doorwerth,1.298 m²
Van Ghemmenichstraat 27,Franeker,112 m²
Graaf van Loonlaan 9,Heythuysen,457 m²
Ds Pasmastraat 17,Bunnik,300 m²
Westkapellelaan 7,Den Haag,214 m²
Oranjebuorren 8,Ternaard,485 m²
Vollenhovekade 54,Amersfoort,100 m²
Gruttostraat 38,Hellevoetsluis,175 m²
Eikstraat 50,Nieuwegein,178 m²
Kasteelsepad 9,Doornenburg,355 m²
Bernard Zweersstraat 19,Zaandijk,388 m²
Kennedydreef 72,Ede,145 m²
Zwerfkei 76,Malden,257 m²
Aalbersestraat 6,Landgraaf,110 m²
Nuenenseweg 60,Geldrop,207 m²
Volmachtenlaan 17,Norg,878 m²
Klaverstraat 7,Den Bosch,238 m²
Oostersingel 2,Berkel en Rodenrijs,518 m²
Linge 8,Apeldoorn,147 m²
Wolfsculen 25,Mill,299 m²
Rietdekkersdreef 907,Apeldoorn,190 m²
Elft 56,Hippolytushoef,455 m²
Oude Dijk 6,Nuenen,1.230 m²
Vrouwenpolder 3,Amersfoort,303 m²
Nieuwlandstraat 15,Tilburg,246 m²
Stekelbaars 9,Leusden,129 m²
Henriëtte Roland Holststraat 27,Noordwijk (ZH),181 m²
Raiffeisenlaan 46,Utrecht,171 m²
Binnenstraat 11,Herpen,258 m²
Ooievaarlaan 75,Apeldoorn,295 m²
De Breembos 4,Nuenen,307 m²
Zevenblad 9,De Meern,116 m²
Heuvelstraat 13,Deurne,980 m²
Boven Boukoul 25 a,Swalmen,693 m²
Monroedreef 30,Ede,208 m²
Wachtpostdijk 2 b,Goor,1.987 m²
Schapendrift 7,Blaricum,421 m²
Oosterlaan 103,Driebergen-Rijsenburg,317 m²
Prinsenlaan 1,Heemstede,97 m²
Laan van Blois 247,Beverwijk,165 m²
Kerkweg 26,Den Horn,690 m²
Aleoeten 34,Capelle aan den IJssel,135 m²
Jan van Amstelstraat 32,Gemert,167 m²
Sneeuwuil 11,Emmen,210 m²
Ameland 35,Zaandam,103 m²
Harmen Addinkstraat 3,Steenderen,208 m²
Brederostraat 5,Maarssen,155 m²
Rechterensweg 5,Rouveen,3.365 m²
Rietgansstraat 13,Putten,372 m²
Zandvoortselaan 129,Zandvoort,452 m²
Tweelingenlaan 42,Eindhoven,411 m²
Lijsterstraat 20,Woerdense Verlaat,360 m²
Margrietstraat 17,Lithoijen,800 m²
Dommel 23,Someren,540 m²
Honingland 7,Dalfsen,166 m²
Pieter Lieftinckstraat 13,Woerden,119 m²
Tollensstraat 3,Capelle aan den IJssel,142 m²
Zweringweg 178,Enschede,180 m²
Uithovensestraat 5,Hedel,457 m²
Koningstraat 1,Velp (GE),412 m²
Gravensingel 185,Dordrecht,165 m²
Solidarnoscstraat 2,Haarlem,109 m²
Schooldwarsstraat 12,Wolvega,565 m²
Pathmossingel 193,Enschede,135 m²
De Goorns 3,Emmen,918 m²
Clausstraat 14,St. Willebrord,640 m²
Kemphaanstraat 36,Wormer,122 m²
Pastoor Geertmanstraat 30,Enschede,207 m²
Regenwulplaan 18,Den Bosch,239 m²
Fonteinkruid 30,Purmerend,169 m²
Voorstraat 35,Wijk aan Zee,153 m²
Kupstraat 7 A,Spaubeek,329 m²
Zenobiagang 48,Zoetermeer,165 m²
Vechtstroom 22,Zoetermeer,308 m²
de Hofstede 18,Lienden,1.585 m²
Burgemeester van Trichtlaan 56,Wilnis,165 m²
Zwanenvliet 58,Streefkerk,341 m²
Reuzenpandasingel 190,Heerhugowaard,160 m²
Stationsdwarsweg 65,Rijssen,2.500 m²
Lauwers 66,Hoofddorp,296 m²
Weberstraat 144,Amersfoort,117 m²
Aurorastraat 14,Almere,237 m²
Dominee Honderslaan 10,Wassenaar,264 m²
Tweede Oosterparklaan 248,Utrecht,135 m²
Theodorus de Smethstraat 12,Deurne,729 m²
Koningin Julianalaan 47,Leusden,293 m²
Huygenhoekring 13,Heerhugowaard,123 m²
Dorpsstraat 19,Neerkant,1.440 m²
Molenstraat 71,Oudenbosch,90 m²
Hertogin Hermingardisstraat 14,Oss,234 m²
Oudendijk 64,Oud Gastel,493 m²
Badhuisstraat 15,Haarlem,225 m²
Van Hoockerkenstraat 2,Castricum,386 m²
Cor Spaanslaan 26,Den Haag,155 m²
Dwarswal 12,Veldhoven,403 m²
Winterpolder 104,Houten,165 m²
Kalmoeslaan 29,Rijnsaterwoude,183 m²
Molenzichtweg 12,Bergen op Zoom,2.110 m²
Van Amerongenerf 28,Veenendaal,261 m²
Andijkstraat 95,Emmeloord,168 m²
Visstraat 28,Tholen,101 m²
Vaandrigstraat 11,Etten-Leur,380 m²
Het Schild 2,Balkbrug,228 m²
Spoorbaan 31,Hellevoetsluis,119 m²
Laan van Kans 31,Den Haag,323 m²
Welsummerweg 26,Dalfsen,3.415 m²
Latestraat 5,Netersel,399 m²
Boeier 03 6,Lelystad,573 m²
Wanyng 13,Goor,238 m²
Huyssitterweg 46,Leidschendam,1.040 m²
Jan van Galenstraat 43,Veghel,146 m²
Brinkgreverweg 202,Deventer,294 m²
Fort Orthenlaan 11,Den Bosch,273 m²
Oostdam 3,Woerden,518 m²
Lakensnijdersgilde 39,Hasselt,136 m²
Crookewitstraat 1,Wijk bij Duurstede,153 m²
Vigelandstraat 21,Den Haag,274 m²
Lansruwe 10,Maastricht,135 m²
Menno ter Braaklaan 10,Oegstgeest,121 m²
Kievitslaan 30,Vinkeveen,174 m²
Braillelaan 63,Vlijmen,315 m²
Zutphenseweg 8,Lochem,450 m²
Karmijn 54,Winssen,243 m²
Elstar 44,Berkel-Enschot,935 m²
Kadoelenweg 115,Amsterdam,2.610 m²
Oudstraat 24,Dongen,226 m²
Czarinastraat 24,Zaandam,95 m²
Bergstraat 10,Leerdam,130 m²
Klarenbeekseweg 30,Klarenbeek (Gem. Apeldoorn),1.950 m²
Senffpad 11,Amersfoort,183 m²
Orpheuslaan 47,Eindhoven,325 m²
Langestraat 75,Huizen,113 m²
Echternachstraat 1 a,Wilbertoord,171 m²
Sixlaan 14,Hillegom,219 m²
Delftlaan 219,Haarlem,152 m²
Jamboreelaan 3,Biddinghuizen,493 m²
De Magistraat 12,Borculo,737 m²
Sternstraat 6,Wormer,768 m²
Jan Nieuwenhuyzenlaan 12,Monnickendam,171 m²
Wilgenroos 23,Purmerend,114 m²
De Hilver 56,Goirle,270 m²
Prins Hendrikstraat 45,Hardinxveld-Giessendam,160 m²
J.W. Hagemanstraat 39,Eibergen,850 m²
Talma-lanen 17,Woerden,148 m²
Mr. P.A. Bergsmastrjitte 1,Damwâld,1.591 m²
Stinzenlaan Noord 114,Breukelen,180 m²
Dokter Nillesenstraat 14,Winssen,264 m²
Ebbenerve 23,Oosterwolde (GE),535 m²
Keenwerf 29,Gouda,129 m²
Suze Groeneweglanden 17,Enschede,226 m²
Keldercroftlaan 5,Heiloo,153 m²
Kruisstraat 4,Rhenen,129 m²
Lijsterbes 37,Heiloo,134 m²
Ommerweg 125,Hellendoorn,12.110 m²
Amalialaan 4 a,Baarn,510 m²
Schubertstraat 24,Heemskerk,145 m²
Kellerberg 47,Gennep,210 m²
Johannes Wildeboerstraat 10,Ferwert,222 m²
Van Uytrechtlaan 6,Castricum,430 m²
Mauritshuis 84,Capelle aan den IJssel,173 m²
Kleine Haarsekade 30,Gorinchem,175 m²
Rubensstraat 41,Papendrecht,496 m²
van Heemskerkstraat 27,Veghel,113 m²
De Scheifelaar 316,Veghel,332 m²
Piet Stoffelenstraat 12,Steenbergen (NB),221 m²
Molenbergweg 13,Herkenbosch,2.131 m²
Het Rode Hert 60,Amersfoort,213 m²
Kennedysingel 11,Reeuwijk,488 m²
Ter Wee 2,Hasselt,2.086 m²
Gerda Brautigamstraat 14,Zaandam,129 m²
De Boerstraat 27,Poeldijk,112 m²
Emmastraat 16,Steenwijk,248 m²
Govert Flinckstraat 13,Apeldoorn,170 m²
Landbouwstraat 19,Wildervank,4.275 m²
Slagveld 7,Brielle,100 m²
Steigerdijk 24,Heerhugowaard,108 m²
Loogstraat 18,Wilsum,255 m²
Van Hogendorplaan 3,Woudenberg,235 m²
Akkerwinde 22,Werkendam,285 m²
Mispelstraat 24,Den Haag,127 m²
Noorderhoofdstraat 70,Krommenie,259 m²
Zandvoortselaan 212,Bentveld,784 m²
Beekeerdhamel 2,Assen,1.004 m²
Duinkerkenlaan 16,Eindhoven,219 m²
Wilhelminastraat 34,Berkel en Rodenrijs,155 m²
Landjonker 72,Poortugaal,409 m²
Populierenlaan 64,Beverwijk,104 m²
Kerkbrink 17,Groet,448 m²
Duindoornhof 5,Bentveld,473 m²
Gijsbrecht van Nijenrodestraat 138,Breukelen,525 m²
Morgenster 15,Nijverdal,266 m²
Ruseschans 23,Zoetermeer,320 m²
Dokter Willemslaan 1,Slagharen,841 m²
Mezenlaan 15,Beneden-Leeuwen,242 m²
Middellaan 7,Veenendaal,232 m²
Fenixhof 5,Zwolle,64 m²
Langbroekerdijk A 93,Langbroek,690 m²
Vrijlandtstraat 48,Pernis Rotterdam,149 m²
Laan van Othene 36,Terneuzen,388 m²
Palembangweg 17,Almere,63 m²
Barneveldpad 42,Almere,121 m²
Sprietzeil 64,Almere,207 m²
Govert Flinckstraat 10,Zaandam,126 m²
Asterstraat 18,Barneveld,182 m²
Oranje Nassaustraat 10,Geldermalsen,401 m²
Anjelierstraat 15,Oosterhout (NB),146 m²
Strandkrab 3,Bergen op Zoom,214 m²
Viskorf 33,Borne,153 m²
Bovenboerseweg 27,Wanneperveen,385 m²
Scheggertdijk 3,Almen,3.000 m²
Homaat 5,Westerbork,430 m²
H.H. Schefferlaan 2,Hardenberg,363 m²
Heikestraat 62,Tilburg,135 m²
Molendijk 64,'s Gravenmoer,800 m²
Oostweg 65,Krabbendijke,277 m²
Polderzicht 15,Wijk en Aalburg,587 m²
Brink 15,Dwingeloo,855 m²
Stiffelio 68,Eindhoven,282 m²
Mosterdsteeg 16,Alkmaar,71 m²
Gagelveld 6,Reusel,410 m²
Parkdreef 6,Huissen,980 m²
Keurhove 110,Middelburg,140 m²
Nieuwe Streek 4,Kolhorn,113 m²
Waterwereld 42,Eindhoven,212 m²
Prins Hendrikstraat 3,Gorinchem,170 m²
Willem van der Voetstraat 34,Monnickendam,223 m²
Zevenbergseweg 36 a,Berghem,1.705 m²
Biggenweide 23,Zoetermeer,130 m²
Westeinde 107,Schermerhorn,480 m²
Monseigneur van Enckevoirtstraat 2,Sambeek,277 m²
Vondellaan 54,'s-Gravenzande,136 m²
Moesson 3,Zeewolde,123 m²
Veeringzoom 28,Koog aan de Zaan,135 m²
Populierenlaan 32,Stolwijk,1.289 m²
Op het Bergske 24,Landgraaf,320 m²
Graaf Ottosingel 191,Zutphen,136 m²
Laan van Henegouwen 13,Roosendaal,305 m²
Van Heutzstraat 1,Enschede,141 m²
Grote Vuurvlinder 3,Tiel,345 m²
Mozartstraat 3,Molenhoek,128 m²
Wildbaan 49,Etten-Leur,361 m²
Makreelstraat 19,Almere,126 m²
Sandenburghlaan 51,Veere,308 m²
Strombolihof 9,Rotterdam,153 m²
Hannie Schaftstraat 80,Leidschendam,172 m²
Nieuwstraat 12,Venhuizen,260 m²
Parkwijklaan 75,Almere,251 m²
Tormentilgaarde 6,Nieuwegein,1.010 m²
Stationstraat 12,Uden,460 m²
Anemoon 26,Haaksbergen,685 m²
Bernhardstraat 64,Delden,241 m²
Weverijstraat 6,Domburg,161 m²
Lankveld 13,Erp,761 m²
Iependreef 6,Bleiswijk,100 m²
Vollenhovekade 6,Amersfoort,99 m²
de Gouwe 29,Landsmeer,1.144 m²
Grootestraat 2,Batenburg,2.191 m²
Kraaiekamp 43,Elst (GE),378 m²
Leestenseweg 8 a,Zutphen,1.110 m²
van der Duyn van Maesdamstraat 100,Twello,148 m²
Oude Bredaseweg 96,Etten-Leur,981 m²
Damsigtstraat 68,Voorburg,194 m²
Vredenoord 36,Heiloo,177 m²
Luitje Broekemastraat 38,Purmerend,185 m²
van Oldenbarneveltstraat 10,Putten,300 m²
Quitoplantsoen 21,Den Haag,174 m²
Waterviolier 74,Amersfoort,144 m²
Zernikehof 9,Nijkerk,565 m²
Julianalaan 1,Reeuwijk,168 m²
Boschhoeve 11,Nuenen,266 m²
L. van Wijkplein 15,Heemstede,720 m²
Albertijn 8,Mijdrecht,198 m²
Vogelwikke 1,Bodegraven,264 m²
van Wijngaardenstraat 3,Raamsdonksveer,216 m²
Beatrixweg 17,Vaassen,431 m²
Gangeslaan 34,Purmerend,134 m²
Gildelaan 42,Eindhoven,122 m²
Noordwal 60,Leerdam,80 m²
Rijsenburgselaan 47,Driebergen-Rijsenburg,122 m²
Zicht 16,Berghem,483 m²
Roggeveld 53,Veenendaal,154 m²
Lange Kerkdam 35 a,Wassenaar,303 m²
Heemraadschapslaan 84,Amstelveen,176 m²
Paukenstraat 74,Uden,273 m²
Julianaweg 8,Zevenhuizen (ZH),847 m²
Venrayseweg 26 d,Overloon,2.040 m²
Herenstraat 101,Bussum,383 m²
Banierhof 6,Rotterdam,59 m²
Kennedylaan 23,Sterksel,1.419 m²
Lekdijk 25,Tienhoven aan de Lek,455 m²
Albert John Luthulistraat 4,Purmerend,144 m²
Gerard Douhof 41,Nijkerk,290 m²
Burg Kerssemakersstraat 43,Raalte,480 m²
Pastorij 7,Veldhoven,870 m²
Hoge Weere 130,Zwaag,138 m²
Sluisweg 50,Dongen,505 m²
Schotakker 22,Epe,790 m²
Kransvederkruid 17,Amersfoort,122 m²
Suezweg 43,Purmerend,290 m²
Ceintuurweg 20,Sint-Michielsgestel,953 m²
Profietstraat 17,Ootmarsum,475 m²
Blauwborst 6,Hoogkarspel,262 m²
Prinses Ireneplein 14,Bergeijk,127 m²
Van Broekhuisenstraat 35,Ammerzoden,479 m²
Moerasmos 8,Veenendaal,502 m²
Julianastraat 74,Boekel,1.232 m²
Julianalaan 64,Hoevelaken,163 m²
Edisonplein 5 5a,Breda,150 m²
Torenmolen 10,Papendrecht,138 m²
Roghorst 347,Wageningen,321 m²
Deurningerstraat 470,Enschede,609 m²
Jan van Ghestellaan 30,Rotterdam,291 m²
Reigersbek 49,Nieuwegein,169 m²
Erenstein 14,Zeewolde,207 m²
Bosbraam 26,Assen,235 m²
Sparrenlaan 27,Dorst,333 m²
Dennis Leestraat 39,Stampersgat,311 m²
Zuiderzeestraatweg 585,Wezep,419 m²
Oostmaasstraat 32,Rotterdam,81 m²
Bizetlaan 13,Vlijmen,233 m²
Zwaanstraat 37,IJmuiden,137 m²
Bloemheuvellaan 19 b,Apeldoorn,232 m²
Johan Evertsenlaan 16,Maassluis,276 m²
Leijsbornstraat 14,Putten,335 m²
De Aalscholver 10,Lichtenvoorde,214 m²
De Lannoystraat 11,Vlissingen,110 m²
Shetlandpad 8,Zoetermeer,117 m²
Berend Demmerstraat 18,Volendam,68 m²
Willem Dreeslaan 10,Zaandijk,98 m²
Jorisstraat 27,Breda,138 m²
Vossenlaar 1,Bavel (Gem. Breda),269 m²
Walenburg 8,Amstelveen,126 m²
Laagstraat 33,Rijen,215 m²
Westerweg 81,Alkmaar,163 m²
De Ossenboer 24,Enschede,702 m²
Oude Koudekerkseweg 5,Middelburg,107 m²
Woerdense Verlaat 7,Woerdense Verlaat,823 m²
Mare 79,Pijnacker,191 m²
Gerbrandtslaan 2 a,Schoorl,1.430 m²
Ootmarsumsedijk 51,Oldenzaal,155 m²
Kleine Sparrenlaan 4,Bennebroek,680 m²
Snijders Weer 1,Assendelft,508 m²
Den Hoorn 5,Zoetermeer,300 m²
Burgemeester Van der Heidelaan 64,Vleuten,202 m²
Dorpsdijk 45,Vrouwenpolder,231 m²
Iepenlaan 3,Bloemendaal,265 m²
Koningin Emmalaan 5,Blaricum,1.954 m²
Mendelssohnstraat 12,Capelle aan den IJssel,255 m²
Dijkven 9,Zaandam,130 m²
Charlotte van Pallandtlaan 40,Voorburg,113 m²
Hoofdstraat 20 en 20 I,Borger,353 m²
Kromme Gat 24,Hardinxveld-Giessendam,725 m²
Wielewaalhof 104,Stadskanaal,310 m²
Tineke Guilonardlaan 1,Amstelveen,490 m²
Uitdamstraat 16,Amersfoort,281 m²
Zuiddijk 296,Zaandam,119 m²
Acaciasingel 48,Den Bosch,70 m²
Herfsttuin 41,Barneveld,467 m²
Scholeksterstraat 2,Zierikzee,600 m²
Molenstraat 50 B,Zaandam,85 m²
Johan Spruijtstraat 20,Grashoek,495 m²
Reekerkooglaan 28,Heerhugowaard,151 m²
Haydnstraat 32,Eindhoven,174 m²
De Savornin Lohmanstraat 5,Noordwijkerhout,172 m²
Leersumseberg 12,Amersfoort,240 m²
Potskampstraat 49,Oldenzaal,870 m²
Woudrichemstraat 121,Arnhem,222 m²
Jordaenslaan 55,Vlissingen,171 m²
Vermeerlaan 4,Woudenberg,160 m²
Wittenburg 61,Nijkerk,314 m²
Leidseweg 245,Voorschoten,243 m²
Schout en Schepenenstraat 27,Den Helder,154 m²
Verdistraat 34,Twello,724 m²
Ladderbeekstraat 16,Velsen-Noord,139 m²
Vos de Waelstraat 3,Westervoort,251 m²
Mars 14,Duiven,223 m²
Brinklaan 14 B,Bussum,102 m²
Kloosterstraat 8 A,Chaam,12.580 m²
Clematis 34,Dirksland,318 m²
Neerwal 154,Helmond,115 m²
Boerdijk 5 a,Enter,659 m²
Fransebaan 491,Eindhoven,256 m²
Zonnebloemstraat 1,Terneuzen,172 m²
Kamvaren 16,Purmerend,228 m²
Vrijheidsakker 5,Etten-Leur,119 m²
Vriezenbeemden 6,Helmond,480 m²
de Tocht 16,Benthuizen,145 m²
Dollardlaan 97,Scheemda,860 m²
Vloedstroom 51,Katwijk (ZH),182 m²
Rulstraat 50,Oosterhout (NB),600 m²
Dobbelerserf 3,Helmond,291 m²
Winkler Prinsstraat 36,Tilburg,175 m²
van Alewijkstraat 2 G,Beerzerveld,210 m²
Weverstraat 14,Nuenen,224 m²
Waltmanstraat 49,Zwaanshoek,196 m²
Ceintuurbaan 298,Bussum,491 m²
Holskottelanden 30,Enschede,269 m²
Voorn 6,Oostzaan,127 m²
Schermer 8,Amersfoort,165 m²
Beets 88 a,Beets,771 m²
De Driekoningen 15,'s-Heerenberg,586 m²
Prins Hendrikstraat 118,Zaandam,137 m²
Asschatterweg 44,Leusden,5.540 m²
Korenbloemstraat 79,Putten,180 m²
Balfortstraat 76,Breda,132 m²
Ridderstraat 28,Heusden (Gem. Heusden),93 m²
Kluisstraat 66,IJsselmuiden,562 m²
Prinsenweg 33,Elst (UT),227 m²
Rembrandtstraat 2,Tiel,340 m²
Kanaaldijk N.W. 47,Helmond,1.234 m²
Dorpsstraat 29,Pesse (Gem. Hoogeveen),824 m²
Bogardeind 178,Geldrop,1.122 m²
Aresstraat 26,Almere,169 m²
Mariënstein 8,Heiloo,201 m²
Kosterskamp 20,Den Ham (OV),711 m²
Elsje van Houweningenstraat 62,Gorinchem,132 m²
Klaverhof 8,Purmerend,130 m²
Klaverhof 8,Purmerend,130 m²
Beethovenweg 4,Eelde,341 m²
Groen van Prinstererstraat 40,Soest,469 m²
Rivierdijk 163,Sliedrecht,288 m²
Mariastraat 65,Apeldoorn,232 m²
Boerhave 5,Tubbergen,219 m²
Larenseweg 58,Holten,623 m²
Marsstraat 44,Haarlem,145 m²
Irisstraat 51,Koog aan de Zaan,114 m²
Bankenlaan 50,Beverwijk,3.728 m²
Seevank 86,Zwanenburg,153 m²
Groen van Prinsterersingel 40,Gouda,202 m²
Kalkoenstraat 29,Breda,127 m²
Ed Hoorniklaan 2,De Meern,183 m²
Leliestraat 9,Woerden,205 m²
Tynaarlosestraat 35,Vries,566 m²
Nieuwendamstraat 35,Zaandam,107 m²
Brederolaan 50,Etten-Leur,179 m²
Boeierhof 1,Lisse,39 m²
Prinses Beatrixstraat 91,Arkel,118 m²
Tuilland 15,Doorn,156 m²
Onder Zeil 34,Enkhuizen,244 m²
Geert van der Zwaagweg 35,Heerenveen,295 m²
Mahatma Gandhistraat 48,Rotterdam,361 m²
Theo Hendriksehof 2,Beverwijk,166 m²
Carterlaan 31,Goes,192 m²
Heemskerkstraat 22,Apeldoorn,184 m²
Arkelse Onderweg 33,Gorinchem,260 m²
Klompstraat 1,Apeldoorn,109 m²
Westerpark 130,Tilburg,132 m²
Alexandriëstraat 77,Rotterdam,151 m²
Pronkridder 46,Assen,174 m²
Paul Krugerstraat 61,Assen,136 m²
Gele lis 44,Puttershoek,223 m²
Moezel 116,Drachten,302 m²
Vermeerstraat 42,Bleiswijk,163 m²
Veldstraat 14,Beegden,666 m²
Valutaboulevard 12,Amsterdam,70 m²
Hemma Oddastrjitte 1,Leeuwarden,1.185 m²
Moldaustroom 47,Zoetermeer,129 m²
de Marsjes 71,Hellendoorn,436 m²
Merwedestraat 1,Maasdam,494 m²
Ambachtsherenlaan 146,Zoetermeer,113 m²
Verlengde Kerkeboslaan 12,Wassenaar,1.494 m²
Zandschelstraat 14,Goirle,250 m²
Hopklaver 5,Hendrik-Ido-Ambacht,146 m²
Amaliahof 23,Ruurlo,205 m²
Oranjelaan 17,Bodegraven,140 m²
Geerland 72,Kudelstaart,204 m²
La Reinestraat 1,Andijk,168 m²
Westerweg 381,Heiloo,678 m²
Europaweg 329,Nieuw-Schoonebeek,19.055 m²
Westenenkerweg 12,Apeldoorn,315 m²
Wildschutweg 9,Wijdewormer,260 m²
Wallestein 25,Loenen aan de Vecht,223 m²
Raadhuisstraat 7,Maurik,604 m²
Nonnenwater 4,Gouda,119 m²
Kortenhoefsedijk 8,Kortenhoef,370 m²
Oppers 96,Wolvega,2.720 m²
Stanleystraat 29,Hulst,287 m²
Lageweg 38,Ouderkerk aan den IJssel,1.748 m²
Noteboomstraat 15,Winterswijk,170 m²
Udenseweg 10 a,Zeeland,8.173 m²
Brinkgreverweg 232,Deventer,292 m²
Coornhertlaan 15,Eindhoven,979 m²
Pôlle 12,Rotsterhaule,4.598 m²
Hoogstraat 18,Wijk bij Duurstede,435 m²
Westerbosje 2,Exloo,1.305 m²
Zesstedenweg 245,Grootebroek,650 m²
Wislaan 215,Uden,224 m²
Julianaweg 71,Wijk aan Zee,1.690 m²
Roerdomplaan 98,Aalsmeer,170 m²
Willinklaan 6,Oegstgeest,196 m²
Goudsbloemstraat 8,'s-Gravendeel,502 m²
Generaal Kraijenhoffstraat 91,Naarden,253 m²
Rietgras 27,De Goorn,565 m²
Hordijk 135,Rotterdam,313 m²
Den Ilp 27 A,Den Ilp,315 m²
Kleefsestraat 1,Uden,458 m²
Ooststraat 18,Kortgene,206 m²
Groot Hoefblad 4,Grootegast,650 m²
Het Lariksbos 6,Apeldoorn,255 m²
Bovenste Molenweg 3,Venlo,4.290 m²
Sweelinckstraat 6,Gorinchem,141 m²
Tramwijk ZZ 132,Nieuw-Weerdinge,1.531 m²
Drususlaan 37,De Meern,181 m²
Willem Zelleweg 61,Goes,296 m²
Boelestein 39,Amersfoort,144 m²
Baansingel 154 B,Alkmaar,114 m²
Kruisweg 1099,Hoofddorp,365 m²
Dijkstraat 13,Hansweert,243 m²
Contrabas 51,Etten-Leur,134 m²
Neckardal 17,Capelle aan den IJssel,188 m²
Kastanjelaan 10,Terneuzen,489 m²
Frans Naereboutrede 7,Capelle aan den IJssel,200 m²
Werf 8,Eibergen,217 m²
Dolomiet 14,Eindhoven,270 m²
Valettaweide 7,Hellevoetsluis,947 m²
Sjorsstraat 33,Almere,122 m²
Steenbergenstraat 17,Eindhoven,135 m²
M. van Zantenstraat 26,Nieuwer Ter Aa,148 m²
Meerzicht 1,Abcoude,203 m²
Vaartdijk 12,Assendelft,1.156 m²
Geversstraat 26,Oegstgeest,204 m²
Kruisnetlaan 206,Hoogvliet Rotterdam,156 m²
Prins Constantijnlaan 2,Badhoevedorp,624 m²
Norbertushof 12,Vianen (UT),680 m²
Koningin Julianalaan 23,Voorschoten,151 m²
Groenstraat 20,Melick,1.890 m²
Delwijnsestraat 42 a,Delwijnen,985 m²
Grotestraat 72,Cuijk,459 m²
Hertogensingel 103,Oss,445 m²
De Kuil 29,Uitgeest,480 m²
J F Kennedylaan 37,Uithuizen,561 m²
Wolfpad 66,Alkmaar,131 m²
Scheepswerf 7,Huizen,243 m²
Elsakkersstraat 57,Hilvarenbeek,268 m²
Achterweg 4,Limmen,1.164 m²
Theebos 18,Limmen,256 m²
Biesheuvellaan 23,Vlijmen,588 m²
St Odastraat 5,Eindhoven,151 m²
Commissaris Kortmannlaan 5,Den Bosch,162 m²
Kastanjelaan 29,Grijpskerk,630 m²
Oudeweg 35,Ossenzijl,630 m²
Witte Hoeflaan 54,Oss,728 m²
Laan naar Emiclaer 28,Amersfoort,93 m²
Bertus Aafjeshove 4,Nieuwegein,268 m²
Prof ten Doesschatestraat 305,Heemskerk,156 m²
Bisschop Willebrandlaan 67,Zwolle,208 m²
De Brandt 14,Dalfsen,8.400 m²
Carmelietenstraat 2,Oudorp,168 m²
Seringenstraat 19,Beneden-Leeuwen,228 m²
't eerste Môrn 5,Vrouwenparochie,548 m²
Oude Singel 50,Schoonhoven,74 m²
Paradijsvogelweg 57,Almere,3.325 m²
Irenelaan 27,Beusichem,246 m²
Burgemeester Nieuwenhuijsenstraat 29,Limmen,255 m²
Markiezinnestraat 8,Geldrop,346 m²
Bruins Slotlaan 38,Nijkerk,290 m²
De Ripse Schans 2,Rijpwetering,306 m²
Hendrik Marsmanhove 42,Nieuwegein,371 m²
Eemstraat 30,Enschede,161 m²
Cruijscamplaan 24,Heiloo,151 m²
Haruku 35,Barneveld,139 m²
Delweg 12,Ulft,590 m²
Hoekvensedreef 22,Achtmaal,18.627 m²
Golfslag 1,Hellevoetsluis,715 m²
Van Veen's park 12,Smilde,1.692 m²
Hoog Geldrop 46,Geldrop,397 m²
Noordikslaan 17 a,Almelo,805 m²
Topaasstraat 16,Enschede,178 m²
Gageldonk 13,Udenhout,310 m²
Nijverheidsstraat 12,Kerkdriel,1.955 m²
Hoofdstraat 14,Rolde,250 m²
Huismansweg 13,Schoorl,2.300 m²
Erve Derkman 8,Oldenzaal,447 m²
Jeudje 57,Hoorn (NH),118 m²
Tarthorst 641,Wageningen,135 m²
Burgzatenstraat 5,Amersfoort,250 m²
Ekenstein 22,Lelystad,192 m²
Neerlandstraat 1 a,Geldrop,573 m²
Dorpsstraat 39,Aarle-Rixtel,530 m²
Neerstraat 65 a,Roermond,100 m²
J M van der Meystraat 56,Assendelft,192 m²
Van Merlenlaan 9,Heemstede,1.150 m²
Asturiëstraat 25,Lent,152 m²
van de Puttestraat 13,Gouda,122 m²
Heuvelsepad 34,Ede,350 m²
Cederstraat 7,Drunen,237 m²
Weteringstraat 65,Baarn,166 m²
Knotwilgenstraat 55,Schoonhoven,131 m²
Kamillestraat 23,Terneuzen,147 m²
Reutumbrink 4,Enschede,96 m²
Jupiterlaan 8,Apeldoorn,244 m²
Zevenhoeksweg 14,Zwiggelte,6.410 m²
Hertheuvelsehoef 2,Eersel,4.640 m²
Musholm 129,Hoofddorp,194 m²
Uddelermeer 17,Amersfoort,212 m²
Rieteiland 31,Rijswijk (ZH),157 m²
Loogkruidstraat 15,Almere,131 m²
Terheijdenseweg 241,Breda,147 m²
Eikenwal 134,Uden,258 m²
Jos Colerstraat 10,Rotterdam,1.515 m²
Komstraat 8 -10,Lobith,266 m²
Enkeerdlaan 29,Ruurlo,551 m²
Lavendelstraat 22,Apeldoorn,153 m²
Mr. P.J. Troelstraweg 36,Leeuwarden,226 m²
Prins Bernhardlaan 124,Middelharnis,188 m²
Benthuizenstraat 2,Ochten,244 m²
Gemullehoekenweg 63,Oisterwijk,490 m²
Van Goghstraat 10,Drunen,566 m²
Oudendijk 29,Heemskerk,1.432 m²
Barthold van Heesselstraat 22,Aarle-Rixtel,385 m²
J.H.B. Koekkoekstraat 42,Hilversum,131 m²
Duiventorenstraat 62,Naaldwijk,112 m²
Prinses Wilhelminasingel 4,Zuidoostbeemster,273 m²
Aan de Heerstraat 32,Westerhoven,223 m²
Drossaardstraat 30,Oosterhout (NB),304 m²
Prins Bernhardstraat 34,Leeuwarden,135 m²
Boskkamp 70,Augustinusga,523 m²
Jan Bosboomstraat 8,Boxmeer,293 m²
Klaasbos 6,Lichtenvoorde,422 m²
Muiderslotstraat 16,Tilburg,126 m²
De Kievit 88,Dronten,179 m²
Pieter Lastmanstraat 36,Meppel,250 m²
Bruggemeestersstraat 1,Nieuwerbrug aan den Rijn,182 m²
Italiëlaan 6,Eindhoven,170 m²
Laan van Nieuw Meerten 47,Lienden,389 m²
Roosendaalseweg 32,Putten,305 m²
Distel 30,Zeewolde,429 m²
Bisschop Luwunstraat 3,Haarlem,123 m²
Prinsessenweg 121,Nieuwegein,217 m²
Weegbree 14,Nieuwegein,368 m²
M A Reinaldaweg 34,Linschoten,13.618 m²
Houtkampstraat 17,Westendorp,230 m²
Grote Buitendijk 182,Velserbroek,108 m²
Van Beijerenstraat 20,Molenaarsgraaf,180 m²
Sporkenhout 7,Noordwijkerhout,392 m²
Wim Vrijhoefstraat 38,Leusden,135 m²
Heilige Geeststraat 7 a,Roermond,100 m²
Breezand 16,Zeewolde,316 m²
Vlijtseweg 15,Apeldoorn,237 m²
Zuiderlaan 36,Hoogezand,520 m²
Orpingtonlaan 26,Barneveld,165 m²
Dr. J. Presserstraat 64,Den Haag,164 m²
Korenbloem 1 a,Bergambacht,265 m²
Zuiderweg 131,Zuidoostbeemster,410 m²
Moerland 9,Broek in Waterland,159 m²
Pioenroosstraat 13,Breda,304 m²
Tjeerdsraklaan 60,Utrecht,127 m²
Veencompagnie 8,Veenendaal,410 m²
De Baan 1,Wilnis,235 m²
Laurentiden 30,Assendelft,187 m²
Brielsestraat 101,Stellendam,305 m²
Maarland Zuidzijde 28,Brielle,78 m²
Vaartweg 1 a,Eemdijk,577 m²
Landgoed Sandenburg 11,Krimpen aan den IJssel,87 m²
Wittem 7,Almelo,274 m²
Monteverdistraat 135,Purmerend,181 m²
Schothorstlaan 17,Spijkenisse,197 m²
Robert Stolzhof 61,Hoorn (NH),188 m²
Meidoornlaan 16,Exloo,1.053 m²
Witte Baan 14,Prinsenbeek,265 m²
Waterfront 393,Eindhoven,82 m²
Boschhoven 30 a,Leende,430 m²
Dorp 4 a,Waarder,383 m²
Marcelis Keldermanshof 9,Hoef en Haag,124 m²
Boogaardlaan 9,Beverwijk,200 m²
Van Woustraat 22,Amersfoort,150 m²
De Rekere 24,Warmenhuizen,254 m²
Deventerweg 185,Zutphen,501 m²
Het Straatje 17,Elburg,1.020 m²
Marcelis Keldermansstraat 3,Hoef en Haag,145 m²
Willibrordusstraat 1 a,Boven-Leeuwen,147 m²
Goudenregenstraat 77,Capelle aan den IJssel,290 m²
Voorhoevepark 1,Gennep,240 m²
Purmerenderweg 149,Zuidoostbeemster,392 m²
Het Fort 28,De Kwakel,412 m²
Kerklaan 72,Groningen,88 m²
Kievitstraat 6,Hank,143 m²
Oranjestraat 51,Berkel en Rodenrijs,106 m²
Pikeursbaan 10,Deventer,148 m²
Cort van der Lindenstraat 12,Zandvoort,575 m²
Burgemeester Prinsensingel 76,Roosendaal,148 m²
Bergenboulevard 180,Amersfoort,171 m²
Bijsterveldenlaan 195,Tilburg,159 m²
Prinsenlaan 8,Emmen,674 m²
Zilverstein 69,Oegstgeest,132 m²
Snoek 10,Hendrik-Ido-Ambacht,162 m²
Goudenregenlaan 3,Castricum,216 m²
Julianalaan 16,Helmond,920 m²
Beemsterhof 14,Den Haag,262 m²
Jacob van Ruysdaelstraat 2,Nederhorst den Berg,380 m²
Hoornbladstraat 20,Arnhem,127 m²
Lisdodde 4,Oudkarspel (Gem. Dijk en Waard),219 m²
Pieter Postsingel 221,Amsterdam,104 m²
Freudstraat 13,Hengelo (OV),383 m²
Burgemeester Geillstraat 50,Terneuzen,125 m²
Rembrandt van Rijnstraat 57,Schoondijke,154 m²
Eendenkooi 29,Alphen aan den Rijn,116 m²
Zwitserlandstraat 27,Alphen aan den Rijn,141 m²
Blokhuis 26,Vijfhuizen,133 m²
Lisdreef 81,Papendrecht,228 m²
Koekoeksweg 48,Vaassen,337 m²
Middenmolendijk 177,Ridderkerk,1.031 m²
Kochstraat 63,Groningen,447 m²
Tinastraat 6,Almere,300 m²
Bakkerspark 2,Rhoon,653 m²
Groesbeekseweg 70,Nijmegen,182 m²
Watervogel 32,Lathum,404 m²
Bellefleurstraat 5,Aalsmeer,167 m²
Stellingmolen 11,Mijdrecht,487 m²
Hoogegeest 10,Akersloot,850 m²
Kooimeerlaan 9,Alkmaar,288 m²
Dorpsstraat 46 a,Roermond,245 m²
Spiegellaan 101,Heiloo,469 m²
Bloembinderspark 44,Lisse,132 m²
Hans Tiemeijerhof 14,Arnhem,205 m²
Iroko 155,Dordrecht,475 m²
Matthiasstraat 1,Castenray,475 m²
Terweeweg 65,Oegstgeest,192 m²
Vuurvlinder 15,Standdaarbuiten,207 m²
Straatweg 74 a,Breukelen,4.060 m²
Wethouder van Beuningenstraat 1,Winssen,404 m²
Berkenheuvelstraat 11,Dongen,446 m²
Noordstraat 27,Bodegraven,121 m²
Oude Medelsestraat 58,Tiel,360 m²
Eikenlaan 22,Heerenveen,289 m²
Velasquezhof 17,Alkmaar,108 m²
Iepenlaan 14,Bloemendaal,264 m²
Henegouwerhof 100,Bodegraven,417 m²
Pottenbakkersdonk 223,Apeldoorn,142 m²
Greutelseweg 18,Wenum Wiesel,10.285 m²
Prisma 12,Heerhugowaard,138 m²
Torenvalk 6,Meppel,255 m²
Spieghelstraat 5,Harderwijk,150 m²
17 Septemberstraat 4,Veldhoven,300 m²
Suevenpoort 10,Houten,162 m²
Spechtenlaan 16,Odiliapeel,529 m²
Soendastraat 1,Maastricht,313 m²
Kleijerstraat 20,Veenendaal,217 m²
Hofstad 26,Esbeek,184 m²
Holthe 61,Beilen,580 m²
Ruimersdijk 44,Diepenheim,224 m²
Knikkerdorpweg 13,Well (LI),19.280 m²
Prins Hendrikstraat 2,Oud-Beijerland,380 m²
Poolmansweg 241,Enschede,349 m²
Bernadettelaan 46,Landgraaf,215 m²
Laan van Borgele 32,Deventer,605 m²
Westeinde 15,Noordwijk (ZH),355 m²
Maniladreef 12,Utrecht,139 m²
Ardèchelaan 2,Zevenaar,284 m²
Koningsvaren 91,Purmerend,131 m²
Hofstad 20,Esbeek,181 m²
Gielinklaan 23,Dinxperlo,716 m²
Oliemolensingel 96,Enschede,165 m²
Punter 13,Honselersdijk,116 m²
Burgemeester Avisstraat 8,Midwoud,183 m²
Peddelkreek 9,Spijkenisse,150 m²
Lonnekerspoorlaan 72,Enschede,178 m²
Eikenlaan 95,Borculo,153 m²
Burgemeester H.J. Wichersstraat 12,Winschoten,395 m²
Alkmaardermeer 24,Amersfoort,260 m²
Merelerf 21,Numansdorp,583 m²
Sering 30,Cuijk,610 m²
Baak van Bruinisse 4,Amersfoort,107 m²
Carolus Simplexplein 1,Netersel,961 m²
Joop den Uylhof 16,Veenendaal,129 m²
Mercuriusstraat 28,IJmuiden,143 m²
Adriaan Menninckkwartier 31,Utrecht,67 m²
Wilgensingel 185,Rotterdam,230 m²
Marktstraat 8,Bladel,180 m²
Haarmos 18,Reeuwijk,145 m²
Kerkstraat 25,Nieuwveen,148 m²
Kerkdreef 15,Nijeholtpade,565 m²
J.H. Kruitstraat 24,Gasselternijveenschemond,430 m²
Geermanstraat 95,Geesteren (OV),610 m²
Bunderstraat 2,Meerssen,1.208 m²
Doornikstraat 8,Etten-Leur,239 m²
Ommeslag 5,Gouda,395 m²
Verlengde Middenraai 50,Nieuw-Balinge,5.229 m²
Kemphaan 31,Raalte,415 m²
Tonselsedreef 67,Harderwijk,176 m²
Hoofdstraat 104,Bergambacht,1.238 m²
Tussenlanen 20,Bergambacht,45.245 m²
Kennemerland 8,Assen,328 m²
Molenakker 5,Den Hout,402 m²
Badhuisweg 58,Apeldoorn,227 m²
Regenboog 23,Loosdrecht,221 m²
Zalm 5,Amersfoort,62 m²
Medeaschouw 58,Zoetermeer,106 m²
Van Naeltwijckstraat 7,Wassenaar,182 m²
Vliegenstein 38,Hattem,355 m²
Raadhuisstraat 25,Wijdenes,230 m²
Margrietlaan 16,Ruurlo,287 m²
Iepenlaan 66,Bloemendaal,794 m²
Jan Glijnisweg 36 a,Heerhugowaard,1.356 m²
Galjoen 19 12,Lelystad,328 m²
Uitloop 12,Oud-Beijerland,149 m²
Kreitenmolenstraat 171,Udenhout,511 m²
Mettingenlaan 22,Raalte,161 m²
Krayenhofflaan 26,Nijmegen,254 m²
Rijksstraatweg 317 a,Leersum,876 m²
Vissersdijk 67,Dordrecht,165 m²
Kuikensweg 175,Beverwijk,130 m²
Crayenestersingel 23,Heemstede,369 m²
Huigsloterdijk 381,Buitenkaag,825 m²
Frida Katzpad 16,Woerden,139 m²
Schoof 51,Malden,181 m²
IJsland 24,Noord-Scharwoude,126 m²
Zijlweg 101,Haarlem,89 m²
Burgemeester van Woelderenlaan 2,Vlissingen,445 m²
Kornet 4,Hilvarenbeek,275 m²
Langestraat 52,Zaandam,113 m²
Hendric Stevinlaan 28,Emmeloord,408 m²
De Boekweit 29,Heesch,259 m²
Romeinenstraat 36,Kerkrade,448 m²
Seringenstraat 1,Siebengewald,1.080 m²
Sportlaan 207,Den Haag,318 m²
Vrouwe Lideweysingel 38,Maasland,199 m²
Bosscheweg 93,Tilburg,822 m²
Speulhofsbaan 20,Meterik,625 m²
Molmerlaan 42,Oudenbosch,156 m²
Kapelstraat 113,Breda,808 m²
Tussenlanen 20,Bergambacht,45.245 m²
Heenweg 80,'s-Gravenzande,304 m²
Zweder van Zuylenlaan 2,Werkhoven,153 m²
Stationsstraat 97,Putten,1.260 m²
Oeverland 69,Spierdijk,233 m²
Hugo de Grootstraat 15,Veenendaal,171 m²
Beethovenlaan 3,Hilversum,990 m²
Kapitein Nemostraat 112,Tilburg,226 m²
Nieuwe Erf 8,Vortum-Mullem,7.837 m²
Landauer 17,Hasselt,303 m²
Beurréperenlaan 5,Vleuten,108 m²
C.H. Moensstraat 32,Beverwijk,109 m²
Boschweg 75 + 75a,Schijndel,525 m²
Rubenslaan 91,Bergschenhoek,125 m²
Stuurmanspad 16,Zaandam,437 m²
Sweelinckstraat 29,Gouda,128 m²
Herenweg 55,Breukeleveen,320 m²
Hoefslag 4,Beilen,795 m²
Paltrokmolen 122,Weert,469 m²
Postillonstraat 41,Breda,182 m²
Grotebrugse Grintweg 228,Tiel,597 m²
Provincialeweg 56,Krommenie,231 m²
Dorpsweg 14,Reeuwijk,2.375 m²
Zeestraat 112,Beverwijk,196 m²
Wilhelmus Peekhof 6,Odijk,320 m²
Wulp 3,Waspik,212 m²
Eibergseweg 2,Haarlo,753 m²
De Nessermolen 81,Amstelveen,146 m²
Sweelinckstraat 2,Berkel en Rodenrijs,327 m²
Grotebrugse Grintweg 226,Tiel,605 m²
Uiterweg 302,Aalsmeer,365 m²
Espelerlaan 17,Emmeloord,363 m²
Noordhoevelaan 16,Dordrecht,232 m²
Veer 41,Zaamslag,224 m²
Drumptselaan 91,Tiel,326 m²
Deusonelaan 2,Diessen,515 m²
Dissel 59,Veenendaal,194 m²
Tarweland 12,Leusden,344 m²
Scholeksterstraat 9,Volendam,149 m²
Handelskade 32,Nieuwegein,213 m²
Kloosring 8 a,Oud-Beijerland,653 m²
Ds van Dijkstraat 23,Dinxperlo,258 m²
Dahliastraat 38,Utrecht,102 m²
Antonius Heggelaan 39,Den Haag,161 m²
Vilmos Huszárstraat 13,Rotterdam,154 m²
Esdoornstraat 41,Brakel,203 m²
Jacob Catsstraat 38,Spijkenisse,206 m²
De Klef 3,Sint Anthonis,1.631 m²
Lente 13,Dronten,757 m²
Dorpsstraat 176,Zoetermeer,272 m²
Spoorven 3,Veghel,823 m²
Bovenkerkerweg 79 F,Amstelveen,460 m²
Monnickskamp 77,Huizen,185 m²
Langstraat 5,Rhoon,165 m²
Mennistensteeg 6,Dalfsen,17.515 m²
Croeselaan 202,Utrecht,90 m²
Boschmansweg 15,Schoorl,1.820 m²
Hanespoordoorn 36,Rotterdam,129 m²
Golfpark 152,Lelystad,630 m²
Gemeeneland 2,Vinkeveen,137 m²
Pentatlon 4,Assendelft,205 m²
Kade 14,Piershil,601 m²
Exoolaan 12,Almelo,731 m²
Madeliefstraat 10,Bergeijk,286 m²
Schoonenburgsingel 31,Hoofddorp,283 m²
Burgemeester van Bovenstraat 15,Stevensweert,284 m²
De Rijd 124,Leeuwarden,158 m²
Eisingalaan 11,Almelo,593 m²
Garderenseweg 162,Putten,1.040 m²
Hoofschestraat 35,Grave,81 m²
Schuttersstraat 26,Linne,165 m²
Burgemeester Jaslaan 30,Dordrecht,211 m²
Bergerweg 175,Alkmaar,1.980 m²
Lisserdijk 524,Lisserbroek,808 m²
Oude Maasstraat 20,Uden,2.337 m²
Rozenweg 37,Lochem,144 m²
Westwal 91,Goes,137 m²
Uiterwaard 4,Lopik,126 m²
Gedempte Schalk Burgergracht 73,Haarlem,129 m²
Waadse Poldergracht 49,Muiden,180 m²
Streepvaren 4,Bergschenhoek,202 m²
F.A. Molijnlaan 27,Nunspeet,582 m²
Geerstraat 16,Winssen,1.169 m²
Joan Muyskenweg 18 B,Amsterdam,126 m²
Singel 25,Jubbega,2.800 m²
Hooiweg 25,Etten-Leur,363 m²
Gustav Mahlerstraat 3,Utrecht,123 m²
Weergang 3,Waardenburg,270 m²
Zijpenberg 95,Amersfoort,160 m²
Aalscholver 18,Terneuzen,244 m²
Ravelijn 8,Vijfhuizen,159 m²
Hortensia 13,Dirksland,425 m²
Ekris 35,Woudenberg,163 m²
Noorderdiep 45,Stadskanaal,6.558 m²
Voorstraat 5,Tzum,231 m²
Verdiweg 9,Eelde,212 m²
Amaliastraat 27,Utrecht,77 m²
Crocuslaan 12,Waalre,378 m²
Grote Sloot 369,Schagerbrug,805 m²
G.H.Hoijtinkstraat 101,Alkmaar,198 m²
Liendertseweg 44,Amersfoort,385 m²
Langebuorren 50,Hallum,511 m²
Oude Haagweg 347,Den Haag,282 m²
Blauwe Zegge 4,Den Haag,291 m²
Laarstraat 50 -50a,Zutphen,272 m²
Havikskruid 16,Nijverdal,869 m²
Gerstkamp 12,Hoevelaken,464 m²
De Wherelanden 212,Purmerend,131 m²
Rozendaalseheide 36,Montfort,2.395 m²
Polderkade 24,Oss,387 m²
Zeestraat 91,Noordwijkerhout,441 m²
Groenendael 69,IJsselmuiden,228 m²
Prins Hendrikweg 48,Putten,534 m²
Hooghuizenweg 22,Huizen,310 m²
Bosschendijk 113,Oudenbosch,2.680 m²
Wierdestraat 8,Amsterdam,129 m²
Jan Bootlaan 15,Den Haag,149 m²
Witte Baan 12,Prinsenbeek,265 m²
Hegedyk 21,Wier,366 m²
Amsteldijk Noord 33 -B,Amstelveen,380 m²
Het Wargaren 24,Lith,880 m²
Hillen acker 51,Heemskerk,241 m²
Oranje Nassaustraat 6,Meerssen,270 m²
Vondellaan 17,Geleen,387 m²
Beemdweide 14,Reeuwijk,258 m²
Beeldsnijderpad 6,Zwaag,140 m²
Op den Berg 5,Maashees,1.927 m²
De Hooghlaan 7,Bilthoven,4.440 m²
Hovenlaan 126,Dordrecht,298 m²
Koningsweg 11,Geldermalsen,245 m²
Molenstraat 26,Westdorpe,393 m²
Fluitekruid 83,Klazienaveen,639 m²
Groenling 10,Soest,460 m²
Duinbosstraat 50,Almere,156 m²
Tuilland 17,Doorn,234 m²
Minervasingel 9,Almere,136 m²
Looveen 14,Wijster,5.679 m²
Dr. Schaepmanstraat 61,Nijmegen,120 m²
Paardenstraat 13,Vlissingen,120 m²
Westerweg 2,Limmen,177 m²
Harderwijkpad 19,Emmeloord,418 m²
Baambrugse Zuwe 163 b,Vinkeveen,2.012 m²
Zonnebloemstraat 35,Wateringen,406 m²
Vriesdongen 26,Breda,276 m²
Begijnenakker 4,Prinsenbeek,261 m²
Dusseldorperweg 130,Limmen,238 m²
Dingostraat 1,Nijmegen,278 m²
Niersstraat 20,Gennep,160 m²
De Clercqstraat 117,Haarlem,124 m²
Brabantstraat 3,Herpen,298 m²
Boekenstein 54,Heiloo,164 m²
Oosterhoutlaan 38,Amstelveen,176 m²
Landweg 2,Bergen (NH),1.925 m²
Heiakker 4,Prinsenbeek,217 m²
Beatrixpark 61,Etten-Leur,458 m²
Pastoor Jansenstraat 8,Weesp,79 m²
Hindeloopenkade 80,Amersfoort,142 m²
Prins Hendrikkade 12,Woerden,80 m²
Belleboom 14,Roermond,448 m²
Piet Paaltjensstraat 9,Almere,250 m²
Fabrieksstraat 56,Warmenhuizen,1.360 m²
Westerkerkweg 97,Venhuizen,237 m²
Jan van Scorelstraat 12,Zaandam,133 m²
Divonalaan 41,Hillegom,152 m²
Rodenrijseweg 49,Berkel en Rodenrijs,1.030 m²
Praagsingel 81,IJsselstein,68 m²
Cosmea 1,Dordrecht,279 m²
Albert van Meerveldstraat 54,Zwartebroek,307 m²
Multatulistraat 87,Den Haag,122 m²
Marollenoord 8,Philippine,445 m²
van der Capellenstraat 13,Appeltern,610 m²
Serenadestraat 54,Venray,260 m²
Anholtpier 6,Zaandam,166 m²
Handjesgras 13,Veenendaal,348 m²
Tilstraat H 11,Nieuwe Pekela,1.379 m²
Winkelseweg 2,Hedel,2.695 m²
Laan der Mensenrechten 27,Beverwijk,148 m²
Bark 9,Nieuw-Amsterdam,777 m²
Ypesteinerlaan 7,Heiloo,418 m²
Ulftseweg 26,Silvolde,1.080 m²
Greente 125,Genemuiden,290 m²
Blaakse Wetering 105,Poortugaal,143 m²
Dr Albert Schweitzerstraat 69,Bergambacht,175 m²
Munnekeburenstraat 32,Tilburg,285 m²
Prins Hendrikstraat 73,Alphen aan den Rijn,426 m²
Pastoor Thijssenlaan 29,Sterksel,7.457 m²
Nijverheidsweg 17 C,Woudenberg,203 m²
Oorweg 12,Haaksbergen,2.750 m²
Busselakker 5,Berkel-Enschot,430 m²
Zilverschoon 8,Duiven,330 m²
Rijksweg 147,Gaanderen,455 m²
Dom Helder Camarastraat 8,Purmerend,172 m²
Emmalaan 16,Kaag,519 m²
Calslaan 5,Leiden,183 m²
Sikkinkweg 2 -4,Winterswijk Kotten,27.803 m²
Lievensbergstraat 50,Den Haag,158 m²
Zwartendijk 31,Naaldwijk,2.778 m²
Aria 40,Zaandam,202 m²
Zeemanstraat 28,Assen,455 m²
Prinsengracht 36,Zuid-Scharwoude,211 m²
Hollandscheveldse Opg 66 A,Hollandscheveld,1.147 m²
Fluwelensingel 38,Gouda,296 m²
Molenweg 37,Herten,373 m²
Hoepmaker 10,Papendrecht,353 m²
Tijmensenpoort 14,Leusden,170 m²
Peulenlaan 89,Hardinxveld-Giessendam,135 m²
Meije 205,Zegveld,10.065 m²
Nieuw-Loosdrechtsedijk 152,Loosdrecht,360 m²
Wolfkampstraat 20,Dalfsen,276 m²
Kogelflesstraat 2,Baarle-Nassau,224 m²
Noordeinde 127,Roelofarendsveen,170 m²
Bleekstraat 2,Deventer,92 m²
Nico Steenbeekstraat 8,IJsselstein,155 m²
Oer de Feart 170,Joure,511 m²
Engelenburgerlaan 13,Brummen,715 m²
Schoren 15,Huissen,295 m²
Rijnlandstraat 1,Stokkum,393 m²
Bovenweg 36,Sint Pancras,608 m²
Oosterstraat 9,Dalfsen,310 m²
Philips Willem van Oranjestraat 17,Buren (GE),296 m²
Singel 222,Vlissingen,195 m²
Paalweg 19,Heino,1.522 m²
Betuwe Singel 28,Lienden,417 m²
Sterreboslaan 15,Huizen,2.115 m²
van Marlestraat 17,Kilder,230 m²
Laurens Stommesweg 35,Middelburg,657 m²
Hoogdorperweg 48,Heemskerk,605 m²
Vroedschap 11,Naarden,352 m²
Korte Dwarsweg 10,Ouderkerk aan de Amstel,3.575 m²
Kastanjelaan 4,Nunspeet,380 m²
Slochterdijk 10,Froombosch,1.735 m²
Breusterstraat 17,Eijsden,478 m²
Westenengerdijk 55,Otterlo,11.120 m²
Kon Julianalaan 18,Amerongen,338 m²
Floralaan Oost 102,Eindhoven,135 m²
Koningshoeven 66 -c,Tilburg,2.100 m²
de Vang 19,Lieshout,700 m²
Mercuryplein 7,Krommenie,411 m²
Hof ter Weydeweg 16,Vleuten,11.097 m²
Wijlre 7,Almelo,420 m²
Ploegstraat 24,Eindhoven,115 m²
Everlostraat 20,Rossum (OV),3.145 m²
Groenstraat 25,Duizel,678 m²
Prunuspad 18,Wehl,562 m²
Abraham van der Hulstln 10,Bennebroek,256 m²
Oostereind 24,Wachtum,5.632 m²
Berkenlaan 19,Schelluinen,270 m²
Oliemolensingel 179,Enschede,443 m²
Edisonstraat 3,Sittard,184 m²
Smitteweg 4,Ballum,345 m²
Vos de Waelstraat 11,Westervoort,334 m²
Wezer 22,Amstelveen,186 m²
Van Zuylen van Nijeveltstraat 30,Wassenaar,168 m²
Laantje van Heijenbrock 8,Blaricum,225 m²
De Hoevens 110,Hooglanderveen,117 m²
Hoofdstraat 143 a,Zuidwolde (DR),535 m²
Rijksweg 176 B,Plasmolen,1.773 m²
Stanleylaan 122,Utrecht,153 m²
Grintweg 82,Winschoten,360 m²
Omroeplaan 18,Huizen,164 m²
Maanlanderhof 2,IJsselstein,157 m²
Korenpad 2 .,Diessen,1.065 m²
Meindert Hobbemastraat 11,Meppel,147 m²
Nicolaas Beetsstraat 20,Sliedrecht,183 m²
Apeldoornstraat 1,Almere,147 m²
Nieuwstraat 9,Lemelerveld,640 m²
Horsterweg 23,Leusden,647 m²
Jan Matthijssenlaan 4,Brielle,330 m²
Leede 82,Roosendaal,182 m²
Soesterweg 407,Amersfoort,291 m²
Twijnstraat 29,Ede,110 m²
Caligastraat 6,Huissen,130 m²
Van Galenlaan 2,Woudenberg,244 m²
Mensinkweg 105,Nijverdal,333 m²
Prins Bernhardstraat 61,Silvolde,678 m²
Willem Landrépad 8,Amersfoort,127 m²
Overflakkee 5,Emmeloord,330 m²
Jan Sluiterstraat 40,Volendam,303 m²
Vaalmanstraat 39,Westervoort,420 m²
Kampvelderweg 46,Ermelo,562 m²
Kralingseweg 2,Capelle aan den IJssel,993 m²
Moeder Theresastraat 8,Veenendaal,310 m²
Paulus Potterstraat 2,Hardinxveld-Giessendam,230 m²
Hendrik Smeltweg 17,Enschede,245 m²
Veerstraat 6,Dreumel,2.465 m²
Boterpolderlaan 48,Raamsdonksveer,173 m²
Albert van Dalsumlaan 11,Vlissingen,734 m²
van Hornstraat 5,Gilze,313 m²
Oranjeplein 34,Haarlem,333 m²
Spoorlaan 10,Capelle aan den IJssel,282 m²
Dreef 5,Beverwijk,395 m²
Lankforst 2407,Nijmegen,804 m²
Putstraat 31,Eijsden,1.580 m²
de Horn 2 A,Baambrugge,6.650 m²
Koninginnestraat 24,IJzendijke,622 m²
Vlaggestraat 7,Prinsenbeek,318 m²
Waterfront 21,Dronten,103 m²
Lobelialaan 8,Ede,115 m²
Kerkakkers 13,Nuenen,508 m²
Lariksstraat 13,Putten,313 m²
Goyerkamp 12,Zwolle,174 m²
Achterkerkstraat 47,Veenendaal,183 m²
Acacia 24,Helmond,356 m²
Tulpenstraat 76,Rijnsburg,169 m²
Westerveer 27,Zwaag,131 m²
Eikenlaan 4,Renswoude,285 m²
Korte Hoefstraat 43,Tilburg,175 m²
Latensteinse Rondweg 2 a,Tiel,745 m²
Hulsbeek 5,Wanroij,2.675 m²
Breedsingel 8,Katlijk,1.860 m²
Melkhoeve 55,Houten,167 m²
Wijkamplaan 39,Baarn,120 m²
Hasseltstraat 66 .,Tilburg,130 m²
Snakkerbuorren 8,Rotstergaast,650 m²
Ten Harmsenstraat 11,Alphen aan den Rijn,153 m²
Generaal Winkelmanstraat 39,Soesterberg,260 m²
Jordaanstroom 37,Zoetermeer,106 m²
Spoorpad 27,Baarle-Nassau,543 m²
Oude Vaart 35,Terneuzen,193 m²
Kastanjelaan 58,Hasselt,73 m²
Valkenswaardseweg 11,Leende,810 m²
Burgemeester van Nienesstraat 1 A + B,Uitgeest,140 m²
Eendenpoel 1,Grave,647 m²
Linzen-oord 16,Houten,350 m²
Ceresstraat 30,Vlissingen,136 m²
Parallelweg 10 1*,Wapenveld,1.149 m²
Wiltslaan 1,Blijham,1.760 m²
Hicksweg 33,Renkum,122 m²
Hekkeslag 51,Uden,238 m²
Dorpsstraat 141,Assendelft,23.650 m²
Prinses Margrietlaan 60,Mijdrecht,286 m²
Zuidzijde 44,Bodegraven,760 m²
Wilhelminastraat 35,Bodegraven,429 m²
Noordeinde 45,Wormerveer,270 m²
Lagedijkerweg 44,Schagen,1.110 m²
1e Achterstraat 2,Tiel,139 m²
Dorpsstraat 70,Jisp,722 m²
Bosgeelster 20,Twello,236 m²
Lange Voren 15,Oosterhout (NB),1.260 m²
Dorpsstraat 10,Bergharen,3.800 m²
Verhagenlaan 29,Emmeloord,513 m²
Dortherweg 29,Epse,74.372 m²
Langenboomstraat 4,Goirle,345 m²
de Geelgors 5,Mariahout,950 m²
Kerkpad NZ 10 a,Soest,862 m²
Bloys van Treslongstraat 9,Oud-Beijerland,149 m²
Aalbes 14,Hengelo (OV),296 m²
Hertstraat 53,Volkel,171 m²
Jan Prinsheem 1,Hillegom,180 m²
Vliet 33,Prinsenbeek,236 m²
Edelhert 19,Huizen,167 m²
Rijnsburgerweg 5,Leiden,530 m²
Blomstraat 17,Olst,230 m²
Hilvarenbeekseweg 9,Tilburg,2.500 m²
Saturnussingel 10,Almere,286 m²
Zuiderveen 20,Winschoten,388 m²
Chamavenstraat 5,Lengel,1.637 m²
Grote Pierhof 2,Hoofddorp,523 m²
Vlasrootlaan 4,Waalre,6.263 m²
Jac Catsstraat 101,Putten,304 m²
Kerkweg 86,Zwolle,235 m²
Molenstraat 35 37,Rhenen,277 m²
Fazanterie 19,Naaldwijk,221 m²
Esdoornstraat 13,Opheusden,240 m²
Steenakker 7,Hedel,254 m²
Emailleplein 11 19,Ulft,336 m²
Vlierweg 75,Nunspeet,222 m²
Dr Poptastrjitte 14,Marsum,137 m²
Hilvarenbeekseweg 9,Tilburg,2.500 m²
Herstallenstraat 28,Goirle,837 m²
Hoofdweg 96,Lijnden,415 m²
Kapteynstraat 133,Hilversum,189 m²
Hezeweg 35,Emst,297 m²
Borneostraat 70,Heemstede,200 m²
Hoofdstraat 11,Zuidwolde (DR),870 m²
Stanleystraat 81,Barneveld,265 m²
Staartmolen 9,Vianen (UT),244 m²
Dionisiusstraat 18,Heijen,433 m²
Hartschelpsingel 4,Den Haag,167 m²
Johannes van Lochemstraat 4,Mijdrecht,400 m²
Ipestrjitte 7,Stiens,715 m²
Koningin Wilhelminaweg 2,Houten,185 m²
Hazelderstraat 21,Winterswijk,330 m²
de Netelstede 4,Pannerden,225 m²
M. Noordzijstraat 11,Tiel,232 m²
Wolfskuil 18,Ommen,1.385 m²
Eikenlaan 28,Udenhout,458 m²
Zomerschoon 55,Limmen,304 m²
Vlooswijkstraat 24,Terneuzen,155 m²
Jhr Mr A F de Savornin Lohmanstraat 79,Zuidland,589 m²
Jkvr CM v Asch v Wijckln 15,Driebergen-Rijsenburg,273 m²
Nieuweweg 103,Anna Paulowna,978 m²
Osseweg 36 a,Berghem,636 m²
Catharina van Clevelaan 32,Amstelveen,151 m²
Mildenburgallee 80,Spijkenisse,224 m²
Sweelinckstraat 4,Brunssum,234 m²
Beek 26,Assen,180 m²
Dwergroosweide 2,Woerden,172 m²
Geenhovensedreef 17,Valkenswaard,454 m²
Kermenstein 36,Lienden,635 m²
Oude Singel 41,Oudewater,930 m²
Lawickse Allee 20,Wageningen,352 m²
Clinckenburgh 2,Oegstgeest,630 m²
Kuilsestraat 1,Herveld,25.350 m²
Graaf van Egmontstraat 2,Horn,490 m²
Molenplaatsweg 20,Borger,1.126 m²
Laan van Zuilenveld 50,Oud Zuilen,257 m²
Cloosterstraat 111,Kloosterzande,403 m²
De Kleefse Kamp 76,Herveld,109 m²
Zuidersingel 88 A,Berkel en Rodenrijs,770 m²
Aalsmeerderweg 14,Aalsmeer,2.575 m²
Dommel 5,Kaatsheuvel,440 m²
Nieuweweg 15,Siebengewald,680 m²
Molenstraat 11,Sint Anthonis,1.785 m²
Karmozijnhof 19,Almere,243 m²
Lithse Dijk 42,Lith,1.115 m²
Korte van Meeuwenstraat 5,Rosmalen,370 m²
Schimmelpennincklaan 14,Utrecht,140 m²
Boddenkampsingel 126,Enschede,222 m²
Bijsterense Slagen 26,Putten,238 m²
Nieuweweg 2,Rhoon,1.010 m²
Koningin Julianalaan 52,Bunnik,430 m²
Dahliastraat 26,Nijverdal,488 m²
Nicolaas Beetsstraat 64,Schiedam,63 m²
Schokker 80,Zeewolde,208 m²
Veenblok 14,Oudenbosch,237 m²
Stevensstraat 15,Sas van Gent,276 m²
Keienberg 61,Amersfoort,950 m²
Straatweg 137,Breukelen,1.000 m²
Bonkelaar 35,Ottersum,148 m²
van Roggenstraat 13,Gaanderen,514 m²
Entoshof 8,Rijssen,175 m²
Kinkelenburg 26,Ugchelen,176 m²
Klapwijkse eilanden 8,Berkel en Rodenrijs,217 m²
Elzenlaan 48,Dordrecht,191 m²
Oudebildtdijk 276,St.-Annaparochie,760 m²
Juliana van Stolberglaan 47,Den Haag,251 m²
Emmalaan 5,Posterholt,255 m²
Zonnedauw 32,Schaijk,333 m²
Schanswijk 21,Elshout,510 m²
Grote Houtplein 8,Ede,104 m²
Visserweert 40,Roosteren,450 m²
Klazina Hoeve 5,Gouda,143 m²
Kuiltjeshei 12,Best,386 m²
Prinses Beatrixlaan 8,Hattem,6.095 m²
Suikerpeerpad 36,Amsterdam,121 m²
Parklaan 4,Amstelveen,563 m²
Kapelstraat 7,Prinsenbeek,98 m²
Meer en Boslaan 111,Den Haag,615 m²
Noord Esweg 36,Hellendoorn,7.890 m²
Laan van Welgelegen 6,Werkendam,693 m²
Jac Catsstraat 87,Putten,357 m²
Stellenboschlaan 24,Tilburg,101 m²
Wapserveld 11,Nieuw-Vennep,616 m²
Weverstraat 27,Ophemert,314 m²
Schellingwouderdijk 209,Amsterdam,240 m²
Leeweg 9,Berkel en Rodenrijs,169 m²
Millseweg 20 b,Wanroij,1.926 m²
Molenstraat 47,Monster,410 m²
Oudaen 3 A,Amsterdam,115 m²
Zuidendijk 393,Dordrecht,965 m²
Oranjestraat 18,Nuenen,532 m²
Molijnstraat 50,Haarlem,109 m²
Keiweg 119,Oosterhout (NB),244 m²
Oranjelaan 22,Ede,294 m²
Korte Kleverlaan 46 / 46a,Bloemendaal,160 m²
Emily Brontësingel 3,Arnhem,151 m²
Ten Darperweg 17,Wapse,4.270 m²
Gotthardpas 44,Eindhoven,213 m²
Nieuwe Dorpsweg 15,Fijnaart,205 m²
Rosmolenstraat 158,Leusden,296 m²
Koarnleane 19,Nijland,585 m²
Lorentzlaan 85,Heemstede,729 m²
Huijgenlaan 11,Bunschoten-Spakenburg,230 m²
Burg.Backxlaan 24,Nieuwleusen,330 m²
Duizendpoot 44,Hengelo (OV),243 m²
F.C. Dondersstraat 9,Utrecht,232 m²
Borculoseweg 17 a,Ruurlo,283 m²
Nassaukade 42,Rijswijk (ZH),154 m²
Dampoortstraat 10,Middelburg,76 m²
Hoofdweg 5,Blijham,2.205 m²
Arendsweg 97,Beverwijk,87 m²
Westerwolde 6,Emmeloord,356 m²
Edelsteenweg 23,Berkel en Rodenrijs,143 m²
Voortseweg 30,Eersel,259 m²
Van Balverenweg 109,Bennekom,160 m²
Kroonakker 17,Leende,484 m²
Hoofdstraat 321,Sassenheim,254 m²
De Schans 57,Hoornaar,227 m²
Zestienhovensekade 31,Rotterdam,169 m²
Trompstraat 15,Egmond aan Zee,306 m²
Max Heymansstraat 69,Rotterdam,148 m²
Klaproosstraat 2,Sint-Oedenrode,199 m²
Haaswijkweg Oost 41,Dordrecht,319 m²
Charlotte van Bourbonlaan 6,Veere,403 m²
Bastion 8,Steenbergen (NB),215 m²
Nachtegaalstraat 9,Mill,660 m²
Terlucht 2,'s-Heer Arendskerke,5.517 m²
Kloosterturf 2,Steenbergen (NB),489 m²
Tienraijseweg 10,Meerlo,11.914 m²
Stationsstraat 2,Raalte,643 m²
Duinweg 11,Bosch en Duin,3.222 m²
Aveling 4,Sliedrecht,124 m²
Witte Baan 21,Prinsenbeek,180 m²
Traverse 5,Bergambacht,630 m²
Woertheweg 8,Hellendoorn,458 m²
Prins Johan Frisolaan 4,Badhoevedorp,1.413 m²
Noordweg 70,Serooskerke (Gem. Veere),503 m²
Hunnenpad 14,Putten,1.805 m²
Achter de Wilgen 4,Aalsmeer,753 m²
Westerzicht 729,Vlissingen,145 m²
De Hennepe 437,Tiel,229 m²
Didamseweg 78,Zevenaar,544 m²
Repenhof 13,Bunde,235 m²
Satijnvlinderlaan 9,Eindhoven,703 m²
De Kaneel 7,Woudenberg,227 m²
Stal 132,Drachten,126 m²
Balmerstraat 41,Apeldoorn,185 m²
Nunspeterweg 15,Vierhouten,677 m²
Dorpsweg 30,Sommelsdijk,267 m²
Zandweg 32,Wormer,288 m²
Veenmos 60,Kampen,221 m²
Bovenboer 14,Veeningen,497 m²
Cantate 61,Zaandam,208 m²
Platanenstraat 2 c,Oost-Souburg,212 m²
Menso Altingstraat 13,Sleen,1.000 m²
Zesakkers 2041,Wijchen,287 m²
Jeroen Boschlaan 4,Bilthoven,392 m²
Korte Dwarsweg 13,Ouderkerk aan de Amstel,780 m²
De Velg 24,Nieuwlande,174 m²
Wickenburglaan 66 en 66 A,Utrecht,311 m²
Prinses Margrietplantsoen 118,Bussum,330 m²
Pernambucolaan 45,Overveen,179 m²
William Barlowlaan 133,Amsterdam,126 m²
Wielewaal 6,Bergambacht,135 m²
Turnhoutplantsoen 34,Amsterdam,90 m²
Schuitemakerstraat 4,Heemskerk,685 m²
Polakkers 8,Buinen,570 m²
Boelewijk 8,De Wilp,9.271 m²
Westerweg 9,Noordwijk (GR),725 m²
C. Evertsenstraat 98,Hilversum,321 m²
De Dieze 27,Goirle,186 m²
Platte knoop 8,Almere,441 m²
Beatrixweg 24 I,Vaassen,435 m²
Stadsedijk 5,Heijningen,1.020 m²
Wethouder Roodenburgstraat 27,Haarlem,106 m²
De Almanak 54,Zaandam,285 m²
Disneystrook 50,Zoetermeer,190 m²
Brielsemeer 1,Zoetermeer,300 m²
De Koop 34,Hoogland,191 m²
Boomdijk 12,Klaaswaal,16.610 m²
Kleine Broekstraat 59,Bergeijk,786 m²
Aardenburg 18,Hoogeveen,313 m²
Westduinweg 233,Den Haag,84 m²
Emmastraat 3,Barendrecht,286 m²
Vincentlaan 8,Noordwijk (ZH),2.301 m²
De Drift 9,Hoogeveen,249 m²
Emmastraat 2,Numansdorp,135 m²
Dorpsstraat 19,Wilp,190 m²
Kennemerbeekweg 2 A,Hillegom,283 m²
H. Reptonstraat 78,Velserbroek,157 m²
Bouwbergstraat 9,Schinveld,275 m²
Varnebroek 55,Alkmaar,88 m²
Saksen Weimarlaan 6,Breda,176 m²
Burgemeester de Boerlaan 20,Obdam,423 m²
Westerduinweg 10,Petten,4.770 m²
Valkenburgerlaan 28,Heemstede,296 m²
Jantina Cristina Langerhorsttuin 11,Heerhugowaard,134 m²
Endeldijk 13,Rotterdam,102 m²
Chrysantenstraat 32,Veghel,433 m²
Wibautstraat 9,Oosterhout (NB),271 m²
Ninaberstraat 22,Zuidoostbeemster,423 m²
Geeneindse Kerkweg 14,Helmond,726 m²
Adrianalaan 131,Rotterdam,213 m²
Heiweg 5,Herpen,5.084 m²
Mahatma Gandhistraat 54,Rotterdam,638 m²
Kaai 3,Oude-Tonge,136 m²
Berkendonk 81,Helmond,187 m²
Eisensteinstrook 46,Zoetermeer,123 m²
Thomas de Keyserstraat 387,Enschede,243 m²
Scheldepolder 3,Houten,112 m²
Westenengerdijk 80,Otterlo,32.450 m²
Albert Cuypstraat 10,Hengelo (OV),219 m²
Johannes Vermeerlaan 8,Nieuwe Pekela,431 m²
Plein 2,Zoelmond,620 m²
Carel Willinklaan 78,Almere,230 m²
Liesbosweg 160,Etten-Leur,226 m²
Prinsengracht 18,Hasselt,188 m²
Waarden 38,Leusden,197 m²
De Buizerd 109,Almelo,239 m²
De Wetering 13,Dalem,325 m²
Provincialeweg 204,Oosteind,1.800 m²
Aalstraat 8,Volendam,86 m²
Soetendaal 57,Amsterdam,182 m²
Onoribo 15,Diemen,146 m²
Heemskerkstraat 103,Twello,247 m²
Torenstraat 84,Wildervank,419 m²
Burgemeester van Erpstraat 14 a,Berghem,485 m²
Linge 66,Tilburg,955 m²
Roerdompplein 10,Enkhuizen,163 m²
Besoyensestraat 78,Waalwijk,225 m²
Molenstraat 44,Gorinchem,70 m²
Strijensestraat 49,Schiedam,88 m²
Enkhuizensestraat 19 a,Den Haag,145 m²
Weteringkade 252,Amersfoort,215 m²
De van der Schuerenmarke 2,Zwolle,202 m²
Rietpolderlaan 17,Muiden,136 m²
Lageweg 10,Noordlaren,1.340 m²
Noordenveld 16,Lelystad,574 m²
Wijtgraaf 36,Hierden,2.520 m²
Reiskameraad 46,Eindhoven,205 m²
Veldweg 8,Zwolle,342 m²
Openderweg 28,Opende,4.125 m²
Zuiderzeestraat 12,Purmerend,170 m²
Haitsma Mulierlaan 3,Lochem,900 m²
Pastoor Thijssenlaan 23,Sterksel,1.494 m²
Kremer 18,Reusel,123 m²
Kruisweg 8,Middelburg,331 m²
Punt 15,Middelburg,117 m²
van Delftstraat 54,Wildervank,166 m²
Landmeerse Loop 3,Tilburg,188 m²
Jan Ligthartstraat 216,Heemskerk,218 m²
Rozenhaag 23,Leusden,901 m²
Heer Oudelandslaan 45,Zwijndrecht,218 m²
Scherpenzeelseweg 149,Barneveld,5.000 m²
Bonhoefferhage 6,Emmeloord,360 m²
Nieuwehaven 19 C,Edam,128 m²
Kamerlingh Onneslaan 40,Zwolle,247 m²
Kiezellei 1,Langenboom,1.064 m²
Sportlaan 7,Oostvoorne,400 m²
Viveslaan 33,Breda,167 m²
Trinesweg 2,Meijel,3.500 m²
't Kieftenland 52,Limmen,287 m²
Leeghwaterstraat 126,Schoonhoven,132 m²
Borssenburg 34,Amstelveen,134 m²
Koloniedijk 8,Vinkenbuurt,9.790 m²
Marie van Zeggelenstraat 43,Spijkenisse,123 m²
Krommenieërpad 76,Wormerveer,200 m²
Hertenlaan 12,Lunteren,298 m²
Maerten van Heemskerckstraat 155,Beverwijk,360 m²
Westerpark 76,Tilburg,130 m²
Heerewaardensestraat 18,Heerewaarden,783 m²
Moldauplantsoen 15,Drunen,143 m²
Oostdijk 11,Oude-Tonge,185 m²
Melati van Javalaan 6,Eindhoven,257 m²
Zijdstraat 62,Aalsmeer,200 m²
Munnikenweg 26,Berkel en Rodenrijs,1.750 m²
Schoolstraat 28,Hoofdplaat,477 m²
Heer Willem van Egmondstraat 5,Polsbroek,220 m²
Aekingaweg 12,Appelscha,21.730 m²
Klaprooshof 13,Nuenen,269 m²
Hezelaarstraat 28,Veghel,56 m²
Pinksterbloem 39,Beilen,826 m²
Lage Maat 11,Wijk bij Duurstede,1.175 m²
Kerkstraat 14,Waardenburg,1.195 m²
Molenvaart 473,Breezand,1.080 m²
Schoutenstraat 50,Mijdrecht,245 m²
Het Veen 47,Lichtenvoorde,1.032 m²
Hoefstraat 13,Heerhugowaard,228 m²
Laarpark 20,Veghel,550 m²
Hoge Giessen 19 I,Hoornaar,265 m²
Sint Urbanusstraat 24,Amstelveen,149 m²
Molenpad 9,Nieuwleusen,680 m²
Buitenwaarden 42,Grafhorst,67 m²
Koningin Emmalaan 30,Ouderkerk aan de Amstel,345 m²
Baken 12,Amstelveen,285 m²
Korenbloemstraat 5,Rhenen,171 m²
Laagland 14,Milsbeek,854 m²
Koleind 4,Veldhoven,243 m²
Cees van Gendlaan 14,Willemstad,206 m²
Beemdsteeg 4,Zeeland,11.750 m²
Tuinstee 12,Purmerend,149 m²
Tapuitlaan 68,Hoogeveen,253 m²
Holtstek 20,Groningen,84 m²
Pastoor Adamsstraat 5,Roermond,118 m²
Frans Halslaan 7,Bergschenhoek,350 m²
Staten Bolwerk 10,Haarlem,177 m²
Gentiaan 59,Haaksbergen,254 m²
Holterweg 118,Lettele,118.891 m²
Prins Bernhardstraat 43,Drunen,206 m²
Hoogstraat 27,Standdaarbuiten,1.655 m²
Pastoor Dijkmansstraat 7,Eindhoven,269 m²
Madeliefstraat 36,Eindhoven,110 m²
Hoofdvaart 178,Dedemsvaart,5.265 m²
Nieuwkuijksestraat 42,Nieuwkuijk,322 m²
Vinkenhilseweg 1,Rockanje,9.460 m²
Queridostraat 43,Haarlem,241 m²
Zesstedenweg 184 186,Grootebroek,615 m²
Oosterdiep WZ 165,Emmer-Compascuum,2.329 m²
Beemke 61 en 59A,Netersel,800 m²
Dorpsweg 35 37,Garmerwolde,1.320 m²
Gouwestraat 76,Terneuzen,242 m²
Aengwirderweg 329,Tjalleberd,10.845 m²
Deldensestraat 124,Goor,1.377 m²
Gré Brouwenstijnlaan 3,Oegstgeest,142 m²
Binnendams 68,Hardinxveld-Giessendam,305 m²
Haffmanslaan 11,Nuenen,524 m²
Speulderweg 7,Garderen,260 m²
Willem de Clercqstraat 13,Almelo,342 m²
Vikna 21,Blauwestad,1.264 m²
Kastanjelaan 44,Zwanenburg,651 m²
Heinoseweg 29,Dalfsen,9.733 m²
Lupine 10,Borne,811 m²
Walstraat 2,Someren,857 m²
Emmerik 38,Westervoort,948 m²
Hillegommerdijk 59,Lisserbroek,410 m²
Dorpsstraat 27,Havelte,2.118 m²
Ds. Petersenstraat 18,Veendam,280 m²
Jacob van Oostzanenstraat 12,Heemskerk,183 m²
Mondriaanstraat 1,Bergschenhoek,201 m²
Kleverlaan 113,Bloemendaal,174 m²
Watermolen 47,Edam,452 m²
Kootwijkerdijk 20 A,Kootwijkerbroek,2.608 m²
Schaepmanstraat 2,Purmerend,241 m²
Hein Meijerstraat 2,Lichtenvoorde,448 m²
Loysonstraat 49,Eygelshoven,755 m²
Hoofdstraat 60,Meedhuizen,621 m²
Iepenlaan 13,Beverwijk,161 m²
Rigastraat 10,Lelystad,148 m²
Distelvlinderstraat 24,Aalsmeer,273 m²
Haarsteegsestraat 51,Haarsteeg,18.500 m²
Tigrisstraat 59,Purmerend,199 m²
Vinkenkade 4,Vinkeveen,1.039 m²
Notarisappelgaard 11,Arnhem,189 m²
Stedehof 3,Assen,174 m²
Bloemstraat 13,Leiden,65 m²
Kethelweg 162,Vlaardingen,185 m²
Langbroekerdijk A 2 A,Langbroek,1.730 m²
Hattasingel 98,Rotterdam,163 m²
Diemewei 4013,Wijchen,194 m²
Wachtendonk 304,Uden,114 m²
Lindenlaan 6,Hoogeveen,1.364 m²
Vuurdoornstraat 118,Opheusden,349 m²
Jetze Veldstraweg 52,Ouwsterhaule,5.490 m²
Legmeerdijk 140,Amstelveen,2.224 m²
Dorpsstraat 1,Noord-Sleen,15.720 m²
Bolstraschans 8,Zoetermeer,123 m²
Korfbalstraat 11,Fijnaart,137 m²
Dorpsstraat 65,Hekelingen,366 m²
Sebastiaan van Noyestraat 38,Eindhoven,149 m²
Bantamstraat 26,Haarlem,120 m²
Sweelinckstraat 10,Haarlem,110 m²
Van der Bildtstraat 32,Franeker,126 m²
Papesteeg 6,Tiel,245 m²
Platteweg 18,Oldemarkt,331 m²
Bleekstraat 13,Eindhoven,90 m²
Jean Monnetstraat 9,Herten,237 m²
Akkerstraat 36,Beneden-Leeuwen,259 m²
Tolhuis 16,Kollum,792 m²
Loostraat 53,Huissen,2.690 m²
Dr Huber Noodtstraat 117,Doetinchem,893 m²
Berkakker 30,Kaatsheuvel,396 m²
Sumatra 73,Purmerend,115 m²
Prins Mauritslaan 29,Apeldoorn,690 m²
Provincialeweg 97,Oosteind,1.220 m²
Pasteurstraat 14,Hengelo (OV),785 m²
Jachtlaan 258,Apeldoorn,470 m²
Korssendijk 3,Reeuwijk,779 m²
Leenderweg 156,Eindhoven,145 m²
Brekkerweg 1,Idsegahuizum,6.530 m²
Kerkstraat 23,Zetten,460 m²
De Monding 39,Veenendaal,172 m²
Oudelandseweg 37,Ouddorp,917 m²
Zouavenlaan 139,Oudenbosch,815 m²
Rosa Spierweg 2,Assen,386 m²
Stoeplaan 17,Wassenaar,15.070 m²
Hoofdweg 1,Smilde,637 m²
Burgemeester van Engelenweg 28,IJsselmuiden,150 m²
Donk 2,Vessem,3.885 m²
Esweg 4,Beilen,457 m²
Duinweg 31,Wassenaar,842 m²
Bernhardweg 3,Oijen,732 m²
Vondellaan 16,Baarn,480 m²
Stationswei 26,Molkwerum,15.482 m²
De Stille Wille 218,Oost West en Middelbeers,830 m²
Noordkade 153,Waddinxveen,150 m²
Kopjeskampen 12,Laren (NH),304 m²
Ooisestraat 16,Echteld,1.548 m²
Tielsestraat 56,Opheusden,2.475 m²
Rietveld 46,Mijdrecht,275 m²
Wegastraat 7,Emmeloord,239 m²
Ferdinand Huyckstraat 41,Hoogvliet Rotterdam,152 m²
Munnikenweg 97,Beverwijk,168 m²
Eekhool 3,Hilvarenbeek,990 m²
Leenderweg 280,Eindhoven,230 m²
Nieuwstraat 81,Almelo,183 m²
Henri Dunantstraat 9,Oost-Souburg,343 m²
Plevierstraat 46,Maassluis,129 m²
J.W. van Puttestraat 14,Ameide,553 m²
Wijnruit 40,Oosterhout (NB),713 m²
Fluitenbergseweg 32,Fluitenberg,13.195 m²
Strandweg 9,Vlissingen,763 m²
Rode Baan 13,Prinsenbeek,265 m²
Grand Canal 24,Almelo,295 m²
Jagershof 25,Etten-Leur,239 m²
Botter 38 16,Lelystad,273 m²
Langendam 37,Zoutelande,835 m²
Miamihof 53,Den Haag,122 m²
Wetering 57,Vriezenveen,404 m²
Robert Johnsonstraat 10,Middelburg,403 m²
it Rûm 10,Heerenveen,195 m²
Klaroen 11,Capelle aan den IJssel,265 m²
Godsweerdersingel 73,Roermond,256 m²
Burgemeester Galleestr 36,Vorden,834 m²
J. Kammingastraat 89,Wildervank,567 m²
Wierdensestraat 162,Almelo,636 m²
Karel de Grotelaan 20,Bergen (NH),320 m²
Bloemhaven 35,Vinkeveen,248 m²
Groene Weide 52,Arnhem,176 m²
Dorpsstraat 24,Ouderkerk aan den IJssel,145 m²
Dennekamplaan 16,Rekken,720 m²
Zwartehofslaan 1,Oldemarkt,383 m²
Meester Haddersstraat 28,Wijster,954 m²
Ruysdaellaan 14,Apeldoorn,144 m²
Korte Molenweg 3,Blaricum,222 m²
Harderwijkerweg 57,Ermelo,1.684 m²
Kerkstraat 28,Noordwijkerhout,1.800 m²
Linde 13,Veldhoven,1.575 m²
Kometensingel 313,Amsterdam,86 m²
Pieter Breughellaan 16,Bilthoven,132 m²
Molenweg 49,Zegveld,4.405 m²
Weimarstraat 408,Den Haag,102 m²
Rijndijk 170,Leiden,361 m²
Eger 42,Uithoorn,450 m²
Haaksbergerweg 15,Goor,1.070 m²
Weeresteinstraat 44,Hillegom,150 m²
Deurneseweg 32,Heide,2.010 m²
Luttelherptseweg 2,Herpt,31.190 m²
Stationslaan 14,Stadskanaal,530 m²
Dr A J Kraaystraat 26,Ochten,164 m²
Holterweg 36 38,Laren (GE),1.606 m²
Spaanseweg 9,Ouddorp,1.340 m²
Roelenengweg 34,Voorthuizen,542 m²
Ien Dalesstraat 8,Rijen,411 m²
Schoolstraat 6 a,Zuilichem,617 m²
Ganzenmarkt 12,Ootmarsum,262 m²
Reigerslaan 40,Voorhout,468 m²
Fazantlaan 13,Eindhoven,278 m²
Hofstraatlaan 3,Winschoten,165 m²
Kozakkenweg 10,Veenendaal,233 m²
Toulousestraat 13,Hengelo (OV),253 m²
Van Zuylen van Nijeveltstraat 54,Wassenaar,476 m²
Hulsterdijk 10,Weert,1.327 m²
Groot Haesebroekseweg 17,Wassenaar,3.375 m²
Marshallstraat 22,Oss,262 m²
Bergerweg 167,Alkmaar,1.490 m²
Woordweg 2 a,Groede,594 m²
Rorikstraat 20,Wijk bij Duurstede,319 m²
Weteringshoek 21,Rossum (GE),1.653 m²
Rechtestraat 44,De Rijp,146 m²
Haaswijkweg West 98,Dordrecht,329 m²
Vreelandseweg 31,Nederhorst den Berg,742 m²
Ooievaar 5,Nieuw-Lekkerland,777 m²
Harstastate 10,Leeuwarden,577 m²
Hoenderloseweg 11 a,Ugchelen,363 m²
Soesterweg 2 B,Amersfoort,127 m²
Moleneind ZZ 159,Drachten,136 m²
Westlander 127,Schipluiden,95 m²
Beilervaart 46,Beilen,3.200 m²
De Ooster Esch 23,Gramsbergen,987 m²
Baronielaan 172,Breda,584 m²
de Halden 32,Haalderen,240 m²
Randweg 17,Oud-Beijerland,3.095 m²
Oostzijde 39,Zaandam,49 m²
Luchtenburglaan 13,Den Haag,232 m²
Terbaansweg 17 b,Roermond,267 m²
Wouwerdries 63,Hilvarenbeek,301 m²
Revelsant 13,Emmeloord,234 m²
van Riemsdijklaan 131,Beverwijk,130 m²
Badlaan 32,Surhuisterveen,274 m²
Koekoeksweg 7,Olst,2.210 m²
Burgemeester Brokkenstraat 1,Waalwijk,1.020 m²
Houtgoorstraat 8,Chaam,3.167 m²
Hanzestraat 7,Maasbommel,538 m²
Fnidsen 31,Alkmaar,88 m²
Bouvignestraat 55,Hellevoetsluis,442 m²
Pastoor Swelsenstraat 12,Geulle,379 m²
Molenlaan 51,Voorschoten,511 m²
Wienkeskoel 102,Melick,1.478 m²
Teylingerlaan 94 .,Voorhout,1.710 m²
Straussweg 40,Bunschoten-Spakenburg,391 m²
Grutto 32,Genemuiden,791 m²
Simon Vestdijkstraat 35 a,Den Haag,234 m²
Koningin Julianastraat 1,Huizen,675 m²
Dorpstraat 57,Beekbergen,292 m²
Hoefsmid 7,Lopik,127 m²
Peperstraat 6,Voorhout,261 m²
IJsselkade 56,Kampen,270 m²
Weeshuisplein 17,Dordrecht,107 m²
Blokwetering 2,Culemborg,335 m²
Bekaf 14,Goedereede,94 m²
Koekoekweg 28,Hengelo (OV),117 m²
Veluwstraat 30 a,Ewijk,2.180 m²
Walstro 40,Leusden,209 m²
Bovenweg 74,Oldeberkoop,14.750 m²
Kerkstraat 33,Elshout,1.715 m²
Zouwendijk 32,Meerkerk,185 m²
Oud Over 110 A,Loenen aan de Vecht,1.918 m²
Parkweg 34,Maarssen,237 m²
Grensstraat 16,Nispen,585 m²
Laanweg 8,Schoorl,1.010 m²
Dagpauwooglaan 54,Den Haag,236 m²
Munnikenweg 44,Veenendaal,544 m²
Lenny Tristanostraat 16,Rotterdam,160 m²
Julianastraat 4,Egmond aan Zee,159 m²
Rode Klaverweide 16,Heerhugowaard,505 m²
Westeinde 65 -67,Dalfsen,1.970 m²
Tijhofslaan 41,Almelo,602 m²
Roggestraat 30,Apeldoorn,147 m²
Meester Schierbeekstraat 15,Enschede,230 m²
Scheepswerflaan 48,Raamsdonksveer,290 m²
Smidse 24,Schaijk,363 m²
Oud Milligenseweg 30,Garderen,485 m²
Lodesteijnstraat 21,Wassenaar,158 m²
Vliegenstein 5,Hattem,365 m²
Vooronder 6,Nieuw-Amsterdam,585 m²
Thorbeckelaan 84,Pijnacker,120 m²
Nachtegaalstraat 37,Haarlem,80 m²
Lieverman 21,Gemert,401 m²
Acacialaan 3,Renswoude,202 m²
Burgemeester Thomas Wackersstraat 67,Roermond,293 m²
Hiernstraat 19,Waardenburg,246 m²
Noordeindseweg 184 e,Berkel en Rodenrijs,212 m²
Anne Frankstraat 25 .,Ootmarsum,432 m²
Havenstraatse Wal 18,Schoonhoven,80 m²
Brilbeer 20,Heerhugowaard,273 m²
Hoofdstraat West 74,Wolvega,205 m²
Spankerenseweg 25,Dieren,257 m²
Brahmslaan 26,Hoogezand,358 m²
Voslaan 6,Vierhouten,803 m²
Kronenburgerstraat 23,Huizen,210 m²
Gestelsestraat 95,Waalre,490 m²
Bernard Zweerslaan 17,Terneuzen,308 m²
Koningin Wilhelminaweg 46,Oranjewoud,526 m²
Albert Cuypstraat 52,Zwolle,100 m²
Kievitlaan 2,Vlaardingen,326 m²
Rooijsestraat 76,Dreumel,230 m²
Jan Poortmanweg 9,de Wijk,926 m²
Berkenstraat 2,Boven-Leeuwen,395 m²
Jacob van Lennepstraat 25,Breda,199 m²
Kruisbeeklaan 28,Velsen-Noord,150 m²
Noordkade 2,Waddinxveen,455 m²
Laan van Kanaän 11,Beverwijk,130 m²
Valksestraat 9 a,Alphen (GE),4.150 m²
Haarlemmertrekvaart 31,Oegstgeest,4.389 m²
Theodorus de Leeuwlaan 2,Abcoude,150 m²
Vogelkers 6 b,Poortugaal,95 m²
Stationslaan 9,Groenlo,1.230 m²
Klein Westerwijksestraat 6 b,Hilvarenbeek,1.290 m²
Costerweg 24,Wageningen,158 m²
Dick Ketstraat 7,Eindhoven,247 m²
Staverdense beek 21,Biddinghuizen,571 m²
Goudenregenstraat 41,Zwolle,122 m²
Simone de Beauvoirstraat 5,Nijmegen,135 m²
Bavelselaan 296,Breda,446 m²
Molenstraat 4,Kerkdriel,185 m²
Raadhuisstraat 28 *,Diepenheim,2.200 m²
Zandweg 39,Maarssen,573 m²
Koepoortsweg 40,Hoorn (NH),130 m²
Parkweg 40,Maarssen,148 m²
Dijkgraafseweg 50,Wageningen,579 m²
E J Boschweg 38,Daarle,425 m²
Nieuwe Laaklaan 20,Putten,1.843 m²
Palmboomhof 8,Zwammerdam,838 m²
Zevenblad 3,Uitgeest,138 m²
Leeuwerik 30,Bunschoten-Spakenburg,182 m²
Westenesscherstraat 83,Emmen,16.370 m²
Jeroen Boschstraat 45,Terneuzen,210 m²
Boonkamp 28,Ammerzoden,304 m²
Groenstraat 22,Prinsenbeek,252 m²
Vermeerstraat 32,Bleiswijk,164 m²
John F. Kennedysingel 24,Melick,403 m²
Wijdstraat 8,Oudewater,104 m²
Molenstraat 15,Goor,377 m²
Schouwweg 83,Wassenaar,2.550 m²
Postelse Hoeflaan 149,Tilburg,143 m²
West Vaardeke 60,Oudenbosch,273 m²
Parelgrijs 52 - 54,Zoetermeer,264 m²
Heikampseweg 30,Heijen,492 m²
Haarweg 14,Tonden,12.145 m²
Oranjestraat 1,Venlo,204 m²
's-Gravenzandseweg 109,Naaldwijk,152 m²
Hoefsmidlaan 3,Voorthuizen,229 m²
Tiberstroom 2,Zoetermeer,338 m²
Harenbergweg 53,Enschede,483 m²
Prieswijk 154,Elim,343 m²
Spaarndammerdijk 96,Spaarndam gem. Haarlem,181 m²
Mgr. Frederixplein 6,Afferden (LI),240 m²
Freya 40,Blauwestad,1.021 m²
Eikenlaan 14,Oudenbosch,600 m²
Hammarskjöldpark 13,Zetten,523 m²
Sterkenstraatje 2,Helmond,129 m²
Hoofdstraat 87,Landgraaf,225 m²
Grolloërstraat 12,Rolde,522 m²
Medemblikhof 63,Arnhem,182 m²
Jac Catsstraat 114,Putten,896 m²
Koeslagstraat 2,Laren (GE),545 m²
Pastoor Willemsplein 1,Appeltern,843 m²
Julianastraat 5,Harskamp,1.470 m²
Reitsmastrjitte 50,Harkema,1.831 m²
De Cloese 7 - 9,Ugchelen,875 m²
Hoefpad 21,Biest-Houtakker,126 m²
Baronielaan 7,Goirle,319 m²
Zwaluwenlaan 28,Rhoon,120 m²
Huijgensstraat 18,Terneuzen,152 m²
Alkmaarsingel 249,Arnhem,251 m²
Beatrixlaan 9,Putten,1.565 m²
Rozenstraat 26,Giesbeek,229 m²
Achttienhontpad 1,Warmond,1.295 m²
Klarendalseweg 300,Arnhem,165 m²
Zeelsterstraat 210,Eindhoven,147 m²
Olieslagweg 15,Enschede,209 m²
Maalbroek 139,Roermond,2.380 m²
Zwemmerslaan 7,Haarlem,527 m²
Hélène Swarthstraat 1,Spijkenisse,130 m²
Generaal Foulkesweg 87 -A,Wageningen,677 m²
Oostdijkseweg 18,Goedereede,9.160 m²
Herengracht 10 b,Middelburg,162 m²
Hooge Braak 23,Bakel,457 m²
Chopinstraat 2,Haaksbergen,489 m²
Vlasrootlaan 2,Waalre,7.872 m²
Kuipersveld 2,Koog aan de Zaan,128 m²
Vloeddijk 159 b,Kampen,95 m²
Frankenhuis 15,Haaksbergen,237 m²
Hietlandlaan 6,Doetinchem,1.094 m²
Drift 3 b,Hijken,497 m²
Haaswijkweg West 90,Dordrecht,492 m²
Baronielaan 25,Stadskanaal,1.372 m²
het Meer 127,Heerenveen,425 m²
Oosterse Lageweg 2,Middelburg,2.473 m²
van der Mondeweg 72,Haalderen,290 m²
Leostraat 112,Eindhoven,115 m²
Rijksstraatweg 135,Ridderkerk,988 m²
Burgemeester F.H. van Kempensingel 3,Rotterdam,220 m²
Chopinlaan 23,Hazerswoude-Rijndijk,147 m²
Veldwezeltstraat 74 A-B,Maastricht,800 m²
Asterstraat 13,Rosmalen,329 m²
Muldersplein 10,Rottevalle,571 m²
Kapellerweg 32,Sittard,1.200 m²
Sniederslaan 75 75A,Bladel,845 m²
Kamerlingh Onneslaan 6,Almelo,549 m²
Wilhelminastraat 17,Dreumel,930 m²
Weergraaf 38,Horn,695 m²
De Savornin Lohmanlaan 28,Vlijmen,406 m²
Molenstraat 29,Zwammerdam,215 m²
Irenestraat 27,Haps,411 m²
Rechtestraat 63,De Rijp,165 m²
Groenhoevelaan 35,Oegstgeest,118 m²
De Kooikampen 9,Nieuwkuijk,243 m²
Schouw 7,Blaricum,513 m²
Smedenstraat 254,Deventer,237 m²
Cluysenaerstraat 27,Landgraaf,241 m²
Bokhovense Maasdijk 12,Den Bosch,8.020 m²
Vrijdom 12,Enkhuizen,144 m²
Tubantiasingel 25,Enschede,184 m²
Nieuwe Mollenhutseweg 119,Nijmegen,234 m²
Windmolen 12,Tholen,598 m²
Watertuin 262,Barneveld,224 m²
Mezenhof 11,Middelburg,309 m²
Noord Zuidweg 1,Boven-Leeuwen,1.010 m²
Plein-Zuid 7,Aalten,1.054 m²
C. Fabritiuspark 18,Heerhugowaard,715 m²
Grote Bredeplaats 11,Harlingen,158 m²
Vincent van Goghweg 6,Zaandam,139 m²
Blauwe Hoefsweg 10,Klundert,282 m²
Eibergsestraat 60,Haaksbergen,534 m²
Koeveringsedijk 19,Sint-Oedenrode,10.075 m²
Ds. Posthumus Meijjesweg 5,Hoogland,1.205 m²
Kruislandsedijk 28,Steenbergen (NB),5.170 m²
Hoogenboomstraat 21,Lemelerveld,812 m²
Kaarder 97,Hoorn (NH),121 m²
Haverland 8 a,Dalfsen,355 m²
Arnhemse Bovenweg 15 A,Zeist,425 m²
Betuwe Singel 4,Lienden,209 m²
Westerweg 170,Alkmaar,475 m²
Wijkhovepad 14,Putten,223 m²
Jufferenstraat 10,Elburg,120 m²
Kloosteresweg 30,Albergen,3.501 m²
Rengelinkstraat 53,Almelo,283 m²
Martinusweg 13,Twello,1.249 m²
Staverdenseweg 83,Elspeet,475 m²
Berkenlaan 1,Epe,39.270 m²
Traandijk 45,Klarenbeek (Gem. Apeldoorn),8.000 m²
Uiterweg 42,Aalsmeer,625 m²
Erosiekreek 5,Spijkenisse,143 m²
Karstraat 8,Huissen,641 m²
Warmoltsstrjitte 72,Harkema,475 m²
Leemslagenweg 39,Almelo,550 m²
Paardenstraat 28,Hilvarenbeek,471 m²
Berggrind 8,Rheden,253 m²
Molenpad 3,Escharen,710 m²
Prinsenstraat 29,Vlissingen,61 m²
Burgemeester Heeremanstraat 5,Neede,211 m²
Vincent van Goghlaan 39,Oosterhout (NB),913 m²
van der Maelstedeweg 22,Hulst,198 m²
Rijksstraatweg 311,Leersum,185 m²
Voorstraat 68,Franeker,224 m²
Norbertijnerstraat 51,Elshout,177 m²
Sportlaan 44,Ede,655 m²
Fiskwei 8,Holwerd,628 m²
Handelstraat 9,Huissen,1.050 m²
Langeraarseweg 177,Ter Aar,298 m²
Oberon 1,Den Bosch,160 m²
Robert Stolzstraat 216,Hengelo (OV),243 m²
Herenlaan 27,Helmond,115 m²
Dr. Willem Vosstraat 26,Poortugaal,241 m²
Waddenring 10,Barendrecht,484 m²
Azaleastraat 24,Terneuzen,201 m²
Elias Beeckmanstraat 28,Wezep,266 m²
Legmeerdijk 40,Amstelveen,166 m²
Neel Doffstraat 20,Buggenum,385 m²
De Noord 33,Ilpendam,152 m²
Paulus de boskabouterhof 25,Almere,245 m²
Noorderweg 59,Huizen,140 m²
Smidstraat 64,Cuijk,360 m²
Jannevroukamp 19,Harderwijk,467 m²
Kouwenoordweg 22,Amsterdam,125 m²
Bautersemstraat 42,Den Haag,147 m²
Duyst van Voorhoutweg 27,Renswoude,228 m²
Kometenlaan 44,Bilthoven,152 m²
Dokter Mees ten Oeverlaan 14,Wilnis,890 m²
Burgemeester Mr. H.J. Engelkens-laan 36,Winschoten,523 m²
Oldenzaalsestraat 760,Enschede,2.033 m²
Douwemastrjitte 88,Jirnsum,255 m²
Steenbakkersstraat 36,Krimpen aan den IJssel,227 m²
Badhuisweg 1 R,Cadzand,989 m²
Beekstraat 31 29,Epe,610 m²
Patrijsstraat 1,Groet,340 m²
Dommelrodelaan 63,Sint-Oedenrode,212 m²
Vosseleane 11,Woudsend,370 m²
van Ewijcksvaart 18,Anna Paulowna,410 m²
Lijnbaanstraat 11,Wageningen,136 m²
Arnhemseweg 511,Beekbergen,1.054 m²
Louise de Colignylaan 22,Eerbeek,2.285 m²
Henri Jonaslaan 18,Herkenbosch,2.230 m²
Singelstraat 51,Middelburg,111 m²
Buorren 46,Bitgum,320 m²
Rijksstraatweg 96,Hurdegaryp,943 m²
Kwekerijstraat 7,Breda,282 m²
De Eg 17,Groesbeek,497 m²
Visserweert 29,Roosteren,525 m²